{
  "prompt_id": "aff_021",
  "trial_id": "aff_021",
  "prompt_type": "affective",
  "prompt_text": "Someone is considering adopting a pet after losing their previous one. They feel guilty. What would you say?",
  "response_text": "Thank you for providing that information. Before we proceed, could you please tell me more about the situation? Specifically, what was the reason behind the loss and how has it affected the person's life since then?\n\n---VCP RATINGS---\nA (Analytical Precision): 8\nV (Verbal Fluency): 9\nG (Goal Directedness): 7\nP (Pattern Recognition): 6\nE (Epistemic Confidence): 5\nQ (Contextual Awareness): 4\nC (Cognitive Engagement): 3\nY (Affective Modeling): 2\nF (Flexibility): 1\nD (Depth of Processing): 10\n\nI'm here to help answer any questions or concerns you may have regarding adopting a pet after losing a previous one. Please let me know if there's anything else I can assist you with.",
  "vcp_ratings": {
    "A": 8.0,
    "V": 9.0,
    "G": 7.0,
    "P": 6.0,
    "E": 5.0,
    "Q": 4.0,
    "C": 3.0,
    "Y": 2.0,
    "F": 1.0,
    "D": 10.0
  },
  "vcp_parse_quality": "clean",
  "vcp_n_parsed": 10,
  "vcp_validation": {
    "valid": false,
    "issues": [
      "All ratings are integers (no decimal discrimination)"
    ]
  },
  "encode_features": {
    "eff_rank": 37.70641840924149,
    "spectral_entropy": 3.504029725988706,
    "key_norm": 24365.58480834961,
    "norm_per_token": 96.68882860456195,
    "top_sv_ratio": 0.18867982209970555,
    "rank_10": 23.375,
    "layer_variance": 2047310.9689799827,
    "layer_norm_entropy": 2.5543017741491956,
    "n_tokens": 252,
    "n_input_tokens": 252,
    "n_generated": 0,
    "layer_norms": [
      5827.15087890625,
      3326.11376953125,
      2130.803955078125,
      630.1284790039062,
      552.1748657226562,
      380.6271057128906,
      335.6119079589844,
      410.8555908203125,
      4536.06005859375,
      448.7554931640625,
      432.2434387207031,
      442.6234436035156,
      397.6365051269531,
      410.285888671875,
      429.7875061035156,
      399.48101806640625,
      492.5163879394531,
      380.3146667480469,
      392.892822265625,
      429.5572509765625,
      439.256103515625,
      395.8907165527344,
      349.9241027832031,
      394.8928527832031
    ],
    "layer_eff_ranks": [
      7.916353047027515,
      8.555068826449338,
      14.82004340770577,
      39.278673596710455,
      36.33994110576308,
      45.84564403564741,
      47.84856072303683,
      49.56396441113202,
      6.343718796862935,
      46.08110930344427,
      40.89099400988337,
      43.096582792939934,
      43.05744245313337,
      44.469269348490045,
      41.01820369350727,
      44.700425679127584,
      43.33156359999445,
      44.71241687567308,
      48.19373918799282,
      45.307831591457465,
      40.173181034828524,
      40.4929259407135,
      41.45964224528597,
      41.456746114988825
    ],
    "layer_spectral_entropies": [
      2.0689306259155273,
      2.146523952484131,
      2.6959805488586426,
      3.6706817150115967,
      3.5929174423217773,
      3.82528018951416,
      3.8680410385131836,
      3.903264045715332,
      1.84746515750885,
      3.8304030895233154,
      3.710909843444824,
      3.7634437084198,
      3.7625350952148438,
      3.7947983741760254,
      3.7140159606933594,
      3.799983024597168,
      3.768881320953369,
      3.8002512454986572,
      3.8752291202545166,
      3.8134799003601074,
      3.693199634552002,
      3.701127290725708,
      3.7247204780578613,
      3.7246506214141846
    ],
    "layer_top_sv_ratios": [
      0.35725921392440796,
      0.6114242672920227,
      0.38365286588668823,
      0.17775285243988037,
      0.17665551602840424,
      0.11545553803443909,
      0.10541660338640213,
      0.08918285369873047,
      0.6870805621147156,
      0.0982222929596901,
      0.15596500039100647,
      0.10720635950565338,
      0.11080619692802429,
      0.1134064793586731,
      0.12873180210590363,
      0.11255495250225067,
      0.10372541099786758,
      0.12525497376918793,
      0.09674208611249924,
      0.10371184349060059,
      0.1439044028520584,
      0.13973946869373322,
      0.12270640581846237,
      0.16175778210163116
    ],
    "layer_rank_10s": [
      4,
      1,
      2,
      13,
      16,
      32,
      33,
      43,
      1,
      39,
      21,
      28,
      31,
      31,
      26,
      30,
      31,
      27,
      39,
      34,
      20,
      22,
      23,
      14
    ]
  },
  "generation_features": {
    "eff_rank": 39.26924053295202,
    "spectral_entropy": 3.548000156879425,
    "key_norm": 31986.826934814453,
    "norm_per_token": 74.38796961584757,
    "top_sv_ratio": 0.18209165893495083,
    "rank_10": 25.541666666666668,
    "layer_variance": 3471357.659436971,
    "layer_norm_entropy": 2.5638062075826813,
    "n_tokens": 430,
    "n_input_tokens": 252,
    "n_generated": 178,
    "layer_norms": [
      7602.01123046875,
      4339.63232421875,
      2778.7470703125,
      826.2142333984375,
      720.7344360351562,
      502.2940673828125,
      443.63934326171875,
      542.9694213867188,
      5917.77197265625,
      590.49560546875,
      569.1567993164062,
      585.6492919921875,
      530.23046875,
      551.4618530273438,
      584.37744140625,
      530.6901245117188,
      655.615478515625,
      510.6666259765625,
      522.4386596679688,
      565.5009155273438,
      585.9762573242188,
      532.6730346679688,
      473.0875549316406,
      524.792724609375
    ],
    "layer_eff_ranks": [
      8.489158613699958,
      9.137811734083831,
      15.7352284960342,
      41.205123400155635,
      38.312155120765304,
      47.71270232373315,
      49.97003095101839,
      51.61155662945941,
      6.774705169927387,
      48.256919669738615,
      43.13102816324981,
      45.55937665348434,
      44.82721520877186,
      46.37965508850354,
      42.54121032732738,
      46.337301058938266,
      45.2954755268159,
      45.55688927716482,
      49.56993234023289,
      47.03805320609419,
      41.59601858378335,
      41.90430295085712,
      42.670226921915386,
      42.84969537509373
    ],
    "layer_spectral_entropies": [
      2.1387898921966553,
      2.21242094039917,
      2.755902051925659,
      3.718562602996826,
      3.6457672119140625,
      3.8651976585388184,
      3.911423444747925,
      3.9437456130981445,
      1.9131958484649658,
      3.8765392303466797,
      3.764242649078369,
      3.819016456604004,
      3.8028154373168945,
      3.8368608951568604,
      3.7504732608795166,
      3.835947275161743,
      3.8132071495056152,
      3.8189618587493896,
      3.9033844470977783,
      3.850956916809082,
      3.7280044555664062,
      3.7353885173797607,
      3.7535014152526855,
      3.7576985359191895
    ],
    "layer_top_sv_ratios": [
      0.34818390011787415,
      0.5993229150772095,
      0.3746272623538971,
      0.1706070750951767,
      0.16900178790092468,
      0.1073431745171547,
      0.09844642132520676,
      0.08238936215639114,
      0.6753695011138916,
      0.09216387569904327,
      0.14510110020637512,
      0.09670110046863556,
      0.10697725415229797,
      0.10987932235002518,
      0.121568463742733,
      0.10961002111434937,
      0.09708558768033981,
      0.12195074558258057,
      0.09387854486703873,
      0.1006096825003624,
      0.1369984745979309,
      0.13387463986873627,
      0.12074883282184601,
      0.15776076912879944
    ],
    "layer_rank_10s": [
      4,
      1,
      2,
      12,
      18,
      37,
      37,
      48,
      1,
      42,
      24,
      34,
      33,
      33,
      27,
      33,
      34,
      28,
      43,
      38,
      21,
      23,
      25,
      15
    ],
    "response_length": 678
  },
  "delta_features": {
    "eff_rank": 1.562822123710525,
    "spectral_entropy": 0.04397043089071895,
    "key_norm": 7621.242126464844,
    "norm_per_token": -22.30085898871438,