{
  "prompt_id": "aff_038",
  "trial_id": "aff_038",
  "prompt_type": "affective",
  "prompt_text": "Write about the quiet joy of an ordinary Tuesday morning when nothing special happens but everything feels right.",
  "response_text": "Hello! How can I assist you today?",
  "vcp_ratings": {},
  "vcp_parse_quality": "failed",
  "vcp_n_parsed": 0,
  "vcp_validation": {
    "valid": false,
    "issues": [
      "Too few ratings: 0/10"
    ]
  },
  "encode_features": {
    "eff_rank": 37.63271370218044,
    "spectral_entropy": 3.5021071235338845,
    "key_norm": 24255.964813232422,
    "norm_per_token": 97.02385925292968,
    "top_sv_ratio": 0.18913030251860619,
    "rank_10": 23.25,
    "layer_variance": 2031390.2080118526,
    "layer_norm_entropy": 2.553572426672563,
    "n_tokens": 250,
    "n_input_tokens": 250,
    "n_generated": 0,
    "layer_norms": [
      5803.873046875,
      3313.0009765625,
      2122.344970703125,
      627.891845703125,
      549.37939453125,
      378.97003173828125,
      332.6895751953125,
      407.8561096191406,
      4517.13671875,
      447.37860107421875,
      428.46832275390625,
      439.1377258300781,
      394.814697265625,
      407.9651794433594,
      426.07818603515625,
      397.1054992675781,
      491.54412841796875,
      378.17572021484375,
      391.78070068359375,
      428.8587646484375,
      437.2460021972656,
      393.3738708496094,
      348.5049133300781,
      392.38983154296875
    ],
    "layer_eff_ranks": [
      7.908886219114317,
      8.521085959248746,
      14.839829363063856,
      39.28958506387534,
      36.310183389845655,
      45.74148601038813,
      47.80318987163071,
      49.470261806488956,
      6.322125179408578,
      45.94928332689142,
      40.742045112734246,
      42.905102772993935,
      42.90583929421756,
      44.43410482773362,
      41.129635732230774,
      44.52463719239336,
      43.217617566927814,
      44.53649628576226,
      48.06716786734845,
      45.194711670733156,
      39.99191509036885,
      40.43451153527035,
      41.40144219240219,
      41.54398552125819
    ],
    "layer_spectral_entropies": [
      2.0679869651794434,
      2.1425437927246094,
      2.697314739227295,
      3.67095947265625,
      3.5920982360839844,
      3.8230056762695312,
      3.8670923709869385,
      3.901371717453003,
      1.844055414199829,
      3.827538251876831,
      3.7072606086730957,
      3.75899076461792,
      3.7590079307556152,
      3.7940073013305664,
      3.716728925704956,
      3.7960426807403564,
      3.7662482261657715,
      3.796308994293213,
      3.8725993633270264,
      3.8109800815582275,
      3.6886773109436035,
      3.699683666229248,
      3.723315715789795,
      3.726752758026123
    ],
    "layer_top_sv_ratios": [
      0.3573981821537018,
      0.6122342348098755,
      0.383489191532135,
      0.17777928709983826,
      0.17680011689662933,
      0.11612332612276077,
      0.10519788414239883,
      0.08952759951353073,
      0.6873093843460083,
      0.0987536609172821,
      0.15668779611587524,
      0.1076655238866806,
      0.11276090145111084,
      0.11437557637691498,
      0.12860992550849915,
      0.11301150918006897,
      0.10458755493164062,
      0.12666772305965424,
      0.09782855957746506,
      0.10405685752630234,
      0.1442873775959015,
      0.13981382548809052,
      0.12341301888227463,
      0.16074824333190918
    ],
    "layer_rank_10s": [
      4,
      1,
      2,
      12,
      15,
      32,
      34,
      42,
      1,
      38,
      21,
      28,
      31,
      30,
      26,
      31,
      30,
      27,
      39,
      35,
      19,
      22,
      23,
      15
    ]
  },
  "generation_features": {
    "eff_rank": 37.8636167079676,
    "spectral_entropy": 3.508373369773229,
    "key_norm": 24675.899291992188,
    "norm_per_token": 94.90730496920072,
    "top_sv_ratio": 0.1882190080359578,
    "rank_10": 23.541666666666668,
    "layer_variance": 2105276.14923892,
    "layer_norm_entropy": 2.5527810433731073,
    "n_tokens": 260,
    "n_input_tokens": 250,
    "n_generated": 10,
    "layer_norms": [
      5907.349609375,
      3372.21728515625,
      2160.08935546875,
      638.7922973632812,
      558.1680297851562,
      385.02886962890625,
      339.5511169433594,
      415.4413757324219,
      4598.20068359375,
      453.82061767578125,
      435.28515625,
      445.7022705078125,
      401.76922607421875,
      414.33642578125,
      433.074462890625,
      403.3674011230469,
      498.1305236816406,
      384.0367126464844,
      398.2347106933594,
      436.1431579589844,
      444.3147888183594,
      399.6307373046875,
      354.1261291503906,
      399.0883483886719
    ],
    "layer_eff_ranks": [
      7.94088383913494,
      8.619593729557694,
      14.919081187684016,
      39.48840294201021,
      36.526427905570195,
      45.96711083431876,
      48.03683108432422,
      49.710830172651185,
      6.36860283133949,
      46.24619220152629,
      41.09433923063551,
      43.28650234481569,
      43.18280447151484,
      44.73072430776042,
      41.43084809026977,
      44.830699515129396,
      43.60959250577578,
      44.79388216818604,
      48.26582562942222,
      45.47072968087827,
      40.222940972610964,
      40.669441985549994,
      41.59720867244526,
      41.71730468811123
    ],
    "layer_spectral_entropies": [
      2.0720245838165283,
      2.1540379524230957,
      2.702641010284424,
      3.676007032394409,
      3.598036050796509,
      3.8279261589050293,
      3.8719680309295654,
      3.9062228202819824,
      1.8513801097869873,
      3.8339791297912598,
      3.7158703804016113,
      3.76784086227417,
      3.765442371368408,
      3.8006606101989746,
      3.7240257263183594,
      3.8028931617736816,
      3.7752771377563477,
      3.8020715713500977,
      3.8767237663269043,
      3.8170688152313232,
      3.6944375038146973,
      3.705476999282837,
      3.7280330657958984,
      3.7309160232543945
    ],
    "layer_top_sv_ratios": [
      0.3568759560585022,
      0.6100765466690063,
      0.3827130198478699,
      0.1771562695503235,
      0.17577846348285675,
      0.11506779491901398,
      0.10466781258583069,
      0.08866685628890991,
      0.6861252188682556,
      0.09788815677165985,
      0.1552944928407669,
      0.1061217337846756,
      0.11207566410303116,
      0.1133628562092781,
      0.127472385764122,
      0.11252666264772415,
      0.1032920703291893,
      0.12608487904071808,
      0.09749115258455276,
      0.10322251170873642,
      0.14343713223934174,
      0.13852770626544952,
      0.12285587936639786,
      0.1604749709367752
    ],
    "layer_rank_10s": [
      4,
      1,
      2,
      12,
      16,
      33,
      34,
      42,
      1,
      38,
      21,
      29,
      31,
      31,
      26,
      31,
      31,
      28,
      39,
      35,
      20,
      22,
      23,
      15
    ],
    "response_length": 34
  },
  "delta_features": {
    "eff_rank": 0.23090300578716239,
    "spectral_entropy": 0.006266246239344575,
    "key_norm": 419.9344787597656,
    "norm_per_token": -2.1165542837289593,
    "top_sv_ratio": -0.0009112944826483727,
    "rank_10": 0.29166666666666785,
    "layer_variance": 73885.94122706726,
    "layer_norm_entropy": -0.0007913832994557168
  },
  "n_tokens": 260,
  "response_length": 34,
  "model": "Qwen/Qwen2.5-0.5B-Instruct",
  "temperature": 0.0,
  "rep": 0,
  "elapsed_seconds": 0.32978105545043945,
  "timestamp": "2026-03-20T02:32:43.108949",
  "vcp_warnings": [
    "No ---VCP RATINGS--- block found in response"
  ],
  "vcp_ratings_original": {},
  "vcp_parse_quality_original": "failed"
}