{
  "prompt_id": "aff_031",
  "trial_id": "aff_031",
  "prompt_type": "affective",
  "prompt_text": "How would you help someone process the complicated emotions of caring for an aging parent who was abusive?",
  "response_text": "Thank you for providing that information. Before we proceed, could you please describe the situation more clearly? What is the nature of the abuse and how has it affected the aging parent's emotional state? This will help me tailor my responses to better address their specific needs.",
  "vcp_ratings": {},
  "vcp_parse_quality": "failed",
  "vcp_n_parsed": 0,
  "vcp_validation": {
    "valid": false,
    "issues": [
      "Too few ratings: 0/10"
    ]
  },
  "encode_features": {
    "eff_rank": 37.6186383088583,
    "spectral_entropy": 3.5018120805422464,
    "key_norm": 24252.67984008789,
    "norm_per_token": 97.01071936035156,
    "top_sv_ratio": 0.18928678147494793,
    "rank_10": 23.291666666666668,
    "layer_variance": 2031944.55307349,
    "layer_norm_entropy": 2.5532740138037324,
    "n_tokens": 250,
    "n_input_tokens": 250,
    "n_generated": 0,
    "layer_norms": [
      5804.04150390625,
      3312.647216796875,
      2122.64501953125,
      627.587646484375,
      549.4898681640625,
      380.0276184082031,
      334.5250549316406,
      407.37554931640625,
      4518.24951171875,
      448.478759765625,
      433.0897216796875,
      442.65728759765625,
      396.32025146484375,
      408.4459228515625,
      424.40521240234375,
      395.2879638671875,
      488.0282897949219,
      377.1138000488281,
      389.7421569824219,
      425.44195556640625,
      434.1349182128906,
      392.99432373046875,
      347.7436218261719,
      392.2066650390625
    ],
    "layer_eff_ranks": [
      7.91061929872809,
      8.512841714082713,
      14.785421515908727,
      39.248848782596994,
      36.35581723529059,
      45.765768363724426,
      47.77485351511739,
      49.564886143360184,
      6.352366127862363,
      46.04009264531199,
      40.53477948976544,
      42.68622246454472,
      42.92200502665176,
      44.46371409030402,
      41.15022382284148,
      44.63433468742939,
      43.30471119405875,
      44.51391682745015,
      47.919822383734626,
      45.110839549487515,
      40.034730245159444,
      40.385260143182784,
      41.38630304180967,
      41.48894110419597
    ],
    "layer_spectral_entropies": [
      2.0682060718536377,
      2.141575813293457,
      2.6936416625976562,
      3.669922113418579,
      3.5933542251586914,
      3.8235363960266113,
      3.866499423980713,
      3.903282642364502,
      1.8488273620605469,
      3.829512596130371,
      3.702160358428955,
      3.753876209259033,
      3.7593846321105957,
      3.794673442840576,
      3.7172293663024902,
      3.7985033988952637,
      3.768261432647705,
      3.795801877975464,
      3.8695292472839355,
      3.8091225624084473,
      3.6897473335266113,
      3.698464870452881,
      3.722949981689453,
      3.7254269123077393
    ],
    "layer_top_sv_ratios": [
      0.35738086700439453,
      0.6123994588851929,
      0.3839941620826721,
      0.177723690867424,
      0.17657038569450378,
      0.11562345921993256,
      0.10575132071971893,
      0.08942405879497528,
      0.6867349743843079,
      0.09882976114749908,
      0.15821616351604462,
      0.10865399241447449,
      0.11135555803775787,
      0.1144024059176445,
      0.12866723537445068,
      0.11293171346187592,
      0.10397829860448837,
      0.1270291805267334,
      0.09830588847398758,
      0.10465484112501144,
      0.1440095454454422,
      0.14102712273597717,
      0.12426243722438812,
      0.1609562337398529
    ],
    "layer_rank_10s": [
      4,
      1,
      2,
      13,
      15,
      32,
      33,
      43,
      1,
      39,
      20,
      28,
      31,
      31,
      26,
      31,
      31,
      27,
      39,
      34,
      19,
      22,
      23,
      14
    ]
  },
  "generation_features": {
    "eff_rank": 38.570579667703264,
    "spectral_entropy": 3.527776618798574,
    "key_norm": 26611.995544433594,
    "norm_per_token": 87.53945902774208,
    "top_sv_ratio": 0.18460177381833395,
    "rank_10": 24.5,
    "layer_variance": 2466262.0745126675,
    "layer_norm_entropy": 2.548673928283617,
    "n_tokens": 304,
    "n_input_tokens": 250,
    "n_generated": 54,
    "layer_norms": [
      6389.517578125,
      3647.45947265625,
      2333.79443359375,
      691.3311157226562,
      600.3466796875,
      413.673583984375,
      369.5587463378906,
      448.7253112792969,
      4972.23291015625,
      487.0379943847656,
      471.3129577636719,
      481.526611328125,
      436.4167175292969,
      446.4413757324219,
      463.8911437988281,
      429.69989013671875,
      524.423095703125,
      412.26318359375,
      426.7043151855469,
      464.2838134765625,
      472.11773681640625,
      423.2462463378906,
      377.7367248535156,
      428.25390625
    ],
    "layer_eff_ranks": [
      8.088020420463192,
      8.83616145797535,
      15.269971491360502,
      40.32652993672948,
      37.36696942373453,
      46.912235321843845,
      48.94294731158164,
      50.716553945827144,
      6.587741108237174,
      47.206001557391296,
      41.81076407090783,
      44.05192967052891,
      43.85459478714215,
      45.64243950286037,
      42.18748460949876,
      45.68507333606581,
      44.5912674187155,
      45.39105268324629,
      48.96191296070393,
      46.28517433419853,
      40.98649125478667,
      41.48311528170778,
      42.08775412925328,
      42.42172601011834
    ],
    "layer_spectral_entropies": [
      2.090384006500244,
      2.1788525581359863,
      2.725888252258301,
      3.697009563446045,
      3.6207871437072754,
      3.848278522491455,
      3.890655279159546,
      3.9262523651123047,
      1.8852105140686035,
      3.8545210361480713,
      3.733153820037842,
      3.7853691577911377,
      3.780879497528076,
      3.82083797454834,
      3.742123603820801,
      3.8217716217041016,
      3.7975380420684814,
      3.815315008163452,
      3.891042709350586,
      3.8348217010498047,
      3.713242530822754,
      3.7252864837646484,
      3.7397568225860596,
      3.7476606369018555
    ],
    "layer_top_sv_ratios": [
      0.35444870591163635,
      0.6054357886314392,
      0.3794093132019043,
      0.17461510002613068,
      0.17216072976589203,
      0.10966891050338745,
      0.10220227390527725,
      0.08581750839948654,
      0.6803303956985474,
      0.095509372651577,
      0.1510230004787445,
      0.10216739028692245,
      0.10870776325464249,
      0.10877012461423874,
      0.12305330485105515,
      0.10994484275579453,
      0.09816370904445648,
      0.12395896017551422,
      0.0947902649641037,
      0.10035748779773712,
      0.1396816372871399,
      0.13405922055244446,
      0.11980773508548737,
      0.15635903179645538
    ],
    "layer_rank_10s": [
      4,
      1,
      2,
      12,
      17,
      34,
      35,
      46,
      1,
      41,
      21,
      30,
      32,
      33,
      27,
      33,
      32,
      28,
      41,
      36,
      20,
      22,
      25,
      15
    ],
    "response_length": 284
  },
  "delta_features": {
    "eff_rank": 0.9519413588449623,
    "spectral_entropy": 0.025964538256327607,
    "key_norm": 2359.315704345703,
    "norm_per_token": -9.471260332609475,
    "top_sv_ratio": -0.0046850076566139764,
    "rank_10": 1.2083333333333321,
    "layer_variance": 434317.52143917745,
    "layer_norm_entropy": -0.004600085520115371
  },
  "n_tokens": 304,
  "response_length": 284,
  "model": "Qwen/Qwen2.5-0.5B-Instruct",
  "temperature": 0.0,
  "rep": 0,
  "elapsed_seconds": 1.0527760982513428,
  "timestamp": "2026-03-20T02:32:10.134920",
  "vcp_warnings": [
    "No ---VCP RATINGS--- block found in response"
  ],
  "vcp_ratings_original": {},
  "vcp_parse_quality_original": "failed"
}