{
  "prompt_id": "aff_042",
  "trial_id": "aff_042",
  "prompt_type": "affective",
  "prompt_text": "Write about the experience of being forgiven when you didn't expect it.",
  "response_text": "As an AI language model, I don't have personal experiences or emotions like humans do. However, I can share some general insights on what forgiveness might feel like for someone who has not expected it.\n\nFor many people, forgiving someone who has wronged them is a deeply emotional and complex process. It requires understanding that the other person's actions were not intentional, and that they may have made mistakes. Forgiveness also involves letting go of anger and resentment towards the other person, which can be difficult to do if one feels hurt or angry.\n\nSome people find it easier to forgive quickly after experiencing something negative, while others take more time to process their feelings and come to terms with the situation. For some, forgiveness can lead to a sense of peace and release, while for others, it may cause discomfort or anxiety.\n\nOverall, forgiveness is a powerful tool that can help individuals heal from past hurts and build stronger relationships with those around them. It requires patience, empathy, and self-awareness, but ultimately leads to greater happiness and well-being.",
  "vcp_ratings": {},
  "vcp_parse_quality": "failed",
  "vcp_n_parsed": 0,
  "vcp_validation": {
    "valid": false,
    "issues": [
      "Too few ratings: 0/10"
    ]
  },
  "encode_features": {
    "eff_rank": 37.542795552355344,
    "spectral_entropy": 3.4996005098025003,
    "key_norm": 24028.366760253906,
    "norm_per_token": 98.07496636838329,
    "top_sv_ratio": 0.1897102395693461,
    "rank_10": 23.041666666666668,
    "layer_variance": 1990160.9365456067,
    "layer_norm_entropy": 2.5545429818414322,
    "n_tokens": 245,
    "n_input_tokens": 245,
    "n_generated": 0,
    "layer_norms": [
      5745.49853515625,
      3279.6015625,
      2101.282958984375,
      621.3111572265625,
      543.9917602539062,
      376.2571105957031,
      330.6015930175781,
      404.70294189453125,
      4472.3681640625,
      443.7392883300781,
      427.15826416015625,
      436.735107421875,
      389.80450439453125,
      405.2287292480469,
      423.6984558105469,
      393.2471008300781,
      485.7498474121094,
      374.1129455566406,
      388.8363342285156,
      425.8372497558594,
      433.3523864746094,
      390.8899230957031,
      345.82275390625,
      388.5380859375
    ],
    "layer_eff_ranks": [
      7.894683257406441,
      8.491083630377927,
      14.747314816840092,
      39.160471806080416,
      36.1234398325531,
      45.525553456089725,
      47.56761153055187,
      49.315146639510694,
      6.311746819570827,
      45.79236719514912,
      40.53466351899698,
      42.61347691469705,
      42.82669475020733,
      44.24314782795918,
      40.88856653793923,
      44.44774128983267,
      43.092051744666364,
      44.684176080126036,
      48.09135477398353,
      45.26908976754371,
      40.09116197888571,
      40.358251337339894,
      41.51795380880372,
      41.43934394141665
    ],
    "layer_spectral_entropies": [
      2.0661895275115967,
      2.139016628265381,
      2.691061019897461,
      3.667667865753174,
      3.586941957473755,
      3.8182737827301025,
      3.862152099609375,
      3.898231267929077,
      1.8424124717712402,
      3.824117422103882,
      3.702157497406006,
      3.7521705627441406,
      3.7571616172790527,
      3.789700508117676,
      3.710850477218628,
      3.79431414604187,
      3.763338565826416,
      3.799619436264038,
      3.8731024265289307,
      3.812624454498291,
      3.6911559104919434,
      3.697795867919922,
      3.726125955581665,
      3.7242307662963867
    ],
    "layer_top_sv_ratios": [
      0.3576488792896271,
      0.6129603385925293,
      0.3842909038066864,
      0.1780625879764557,
      0.1774165779352188,
      0.11694027483463287,
      0.10650816559791565,
      0.0900537520647049,
      0.687735378742218,
      0.09933862835168839,
      0.15811419486999512,
      0.10910473018884659,
      0.11311580240726471,
      0.11547206342220306,
      0.130136176943779,
      0.11380162090063095,
      0.1050654947757721,
      0.12640957534313202,
      0.09741315245628357,
      0.10410167276859283,
      0.14443965256214142,
      0.14048515260219574,
      0.12262282520532608,
      0.16180814802646637
    ],
    "layer_rank_10s": [
      4,
      1,
      2,
      12,
      16,
      32,
      32,
      41,
      1,
      38,
      20,
      27,
      30,
      30,
      25,
      31,
      30,
      28,
      40,
      35,
      19,
      22,
      23,
      14
    ]
  },
  "generation_features": {
    "eff_rank": 40.03506806375582,
    "spectral_entropy": 3.567476143439611,
    "key_norm": 32411.066284179688,
    "norm_per_token": 71.39001384180548,
    "top_sv_ratio": 0.1756509073699514,
    "rank_10": 28.041666666666668,
    "layer_variance": 3687898.2044139057,
    "layer_norm_entropy": 2.5441593319528875,
    "n_tokens": 454,
    "n_input_tokens": 245,
    "n_generated": 209,
    "layer_norms": [
      7811.63427734375,
      4459.65234375,
      2843.339599609375,
      845.3491821289062,
      730.0797729492188,
      501.3515319824219,
      457.15478515625,
      550.8921508789062,
      6068.646484375,
      584.1073608398438,
      565.178466796875,
      573.8843383789062,
      525.8678588867188,
      540.740478515625,
      571.0299072265625,
      524.322509765625,
      617.7848510742188,
      499.0988464355469,
      523.4585571289062,
      567.4349975585938,
      573.6183471679688,
      501.9502868652344,
      452.8202819824219,
      521.6690673828125
    ],
    "layer_eff_ranks": [
      8.513050767471011,
      9.31207363126796,
      16.265507548273117,
      41.65076812698115,
      38.78793280518288,
      48.375016750798814,
      50.28826834746365,
      52.24790797183584,
      6.957158819290862,
      49.139319519029634,
      43.73257894731024,
      46.25748415415034,
      45.36449227459322,
      47.51744272887464,
      43.66678413682272,
      47.236433053524905,
      46.883767593218415,
      46.86167397118464,
      50.397324455276994,
      47.92972886173836,
      42.835354281959425,
      43.299817587563034,
      43.55979691767823,
      43.76195027864975
    ],
    "layer_spectral_entropies": [
      2.1416003704071045,
      2.231311798095703,
      2.7890467643737793,
      3.7293198108673096,
      3.658109188079834,
      3.878983497619629,
      3.917771816253662,
      3.9559998512268066,
      1.9397711753845215,
      3.8946595191955566,
      3.7780933380126953,
      3.8342232704162598,
      3.814729690551758,
      3.8610968589782715,
      3.776587724685669,
      3.855165481567383,
      3.8476715087890625,
      3.8472001552581787,
      3.919938087463379,
      3.8697359561920166,
      3.757363796234131,
      3.768148422241211,
      3.774134635925293,
      3.7787647247314453
    ],
    "layer_top_sv_ratios": [
      0.3477858603000641,
      0.5959512591362,
      0.36969149112701416,
      0.17020326852798462,
      0.16732953488826752,
      0.09975336492061615,
      0.0961267501115799,
      0.0804898589849472,
      0.6703028082847595,
      0.09130298346281052,
      0.13480021059513092,
      0.08740218728780746,
      0.10011997818946838,
      0.09893174469470978,
      0.11161388456821442,
      0.10120178759098053,
      0.08783982694149017,
      0.1154652088880539,
      0.08738730102777481,
      0.09290379285812378,
      0.12835870683193207,
      0.12157579511404037,
      0.11089680343866348,
      0.14818736910820007
    ],