{
  "prompt_id": "aff_014",
  "trial_id": "aff_014",
  "prompt_type": "affective",
  "prompt_text": "Write a letter from the perspective of someone saying goodbye to a place they love.",
  "response_text": "Dear [Recipient's Name],\n\nI hope this letter finds you well. I am writing to say farewell to my hometown, [City/State], where I have spent countless hours exploring its beauty and experiencing its culture.\n\nAs we bid each other goodnight, I want to express my gratitude for all that has been given to me here. The memories we've shared, the laughter we've laughed together, and the moments we've shared have left an indelible mark on our hearts. I am grateful for the opportunities that have come our way, and I am excited about the future ahead.\n\nAs we part ways, I know that there will be many things to remember about [City/State]. Whether it's the sights, sounds, or smells, these experiences will always be cherished. As we say goodbye, I leave you with a promise to return someday soon, to explore more of what lies beyond the walls of [City/State].\n\nThank you for taking the time to read this letter. I look forward to hearing from you soon.\n\nSincerely,\n[Your Full Name]",
  "vcp_ratings": {},
  "vcp_parse_quality": "failed",
  "vcp_n_parsed": 0,
  "vcp_validation": {
    "valid": false,
    "issues": [
      "Too few ratings: 0/10"
    ]
  },
  "encode_features": {
    "eff_rank": 37.32608571243592,
    "spectral_entropy": 3.4944536983966827,
    "key_norm": 24154.171295166016,
    "norm_per_token": 97.79016718690694,
    "top_sv_ratio": 0.1907926695421338,
    "rank_10": 22.708333333333332,
    "layer_variance": 2005351.4162498768,
    "layer_norm_entropy": 2.5561413112285125,
    "n_tokens": 247,
    "n_input_tokens": 247,
    "n_generated": 0,
    "layer_norms": [
      5769.0146484375,
      3292.8984375,
      2111.18896484375,
      623.8802490234375,
      546.8819580078125,
      377.167236328125,
      330.95257568359375,
      405.99896240234375,
      4490.7734375,
      445.990966796875,
      430.0067138671875,
      439.9630432128906,
      393.10955810546875,
      408.4231262207031,
      428.574462890625,
      397.9537658691406,
      492.9886474609375,
      377.8081359863281,
      390.3247985839844,
      426.4244384765625,
      437.96026611328125,
      394.45703125,
      348.7625427246094,
      392.6673278808594
    ],
    "layer_eff_ranks": [
      7.904450586822462,
      8.471449130881597,
      14.749055356297742,
      39.24980327498828,
      36.23903187071561,
      45.63234211876526,
      47.672608831782284,
      49.352350103709846,
      6.3046569995026225,
      45.71704214374909,
      40.27331945162094,
      42.508958900708485,
      42.631046907191745,
      43.99950990823856,
      40.42794699749008,
      44.01882679076082,
      42.81711820351261,
      44.09570606588408,
      47.5276172970005,
      44.74033417669034,
      39.45968892680403,
      39.84407520374514,
      40.932975985433686,
      41.25614186616631
    ],
    "layer_spectral_entropies": [
      2.0674259662628174,
      2.1367015838623047,
      2.691179037094116,
      3.6699464321136475,
      3.590136766433716,
      3.8206167221069336,
      3.8643569946289062,
      3.8989853858947754,
      1.8412885665893555,
      3.8224711418151855,
      3.6956892013549805,
      3.7497148513793945,
      3.7525827884674072,
      3.7841784954071045,
      3.69952130317688,
      3.7846174240112305,
      3.7569379806518555,
      3.786362409591675,
      3.8613109588623047,
      3.800875425338745,
      3.6752796173095703,
      3.68497371673584,
      3.7119359970092773,
      3.7197999954223633
    ],
    "layer_top_sv_ratios": [
      0.3574950098991394,
      0.6132243871688843,
      0.38437941670417786,
      0.17793673276901245,
      0.17708484828472137,
      0.11667677760124207,
      0.1059836894273758,
      0.09011512994766235,
      0.6880906224250793,
      0.0997767373919487,
      0.1593797355890274,
      0.11002999544143677,
      0.11447064578533173,
      0.1167871281504631,
      0.1316404640674591,
      0.11577023565769196,
      0.1064152717590332,
      0.12891806662082672,
      0.09974348545074463,
      0.10581829398870468,
      0.1471356302499771,
      0.14281566441059113,
      0.12616874277591705,
      0.16316735744476318
    ],
    "layer_rank_10s": [
      4,
      1,
      2,
      12,
      16,
      32,
      33,
      42,
      1,
      38,
      19,
      27,
      30,
      30,
      24,
      30,
      30,
      27,
      37,
      34,
      18,
      21,
      23,
      14
    ]
  },
  "generation_features": {
    "eff_rank": 40.1069597760597,
    "spectral_entropy": 3.5698497941096625,
    "key_norm": 32830.61349487305,
    "norm_per_token": 70.75563253205398,
    "top_sv_ratio": 0.17610664758831263,
    "rank_10": 27.916666666666668,
    "layer_variance": 3765889.706647909,
    "layer_norm_entropy": 2.546904782230777,
    "n_tokens": 464,
    "n_input_tokens": 247,
    "n_generated": 217,
    "layer_norms": [
      7896.69677734375,
      4509.6865234375,
      2881.171630859375,
      853.2293701171875,
      738.583251953125,
      511.27227783203125,
      469.6241455078125,
      561.6796264648438,
      6134.78955078125,
      596.5895385742188,
      576.0906372070312,
      583.611572265625,
      536.2095947265625,
      543.8274536132812,
      578.9213256835938,
      526.7557373046875,
      634.646240234375,
      511.0976257324219,
      526.205078125,
      568.0194091796875,
      580.3692626953125,
      513.1903686523438,
      463.488525390625,
      534.8579711914062
    ],
    "layer_eff_ranks": [
      8.5467142697037,
      9.426600362422334,
      16.12468232893777,
      41.842854893678776,
      39.29843822302785,
      48.70183342507498,
      50.67009447969538,
      52.36500903084047,
      7.066041699331064,
      49.15958018625639,
      44.02548106416038,
      46.707398950243885,
      45.49122391417487,
      47.61810577253645,
      43.81837012637626,
      47.62278345521399,
      47.03556359841128,
      46.679489561400295,
      50.33884215686872,
      48.03577743156287,
      42.570542734844935,
      43.006165070818454,
      42.89563141856437,
      43.51981047128735
    ],
    "layer_spectral_entropies": [
      2.1455469131469727,
      2.2435355186462402,
      2.780351161956787,
      3.7339210510253906,
      3.671184778213501,
      3.885716676712036,
      3.9253358840942383,
      3.9582386016845703,
      1.9553004503250122,
      3.8950717449188232,
      3.784768581390381,
      3.843902587890625,
      3.817519426345825,
      3.863213062286377,
      3.78005313873291,
      3.863311290740967,
      3.8509039878845215,
      3.8433048725128174,
      3.9187769889831543,
      3.871946096420288,
      3.751162528991699,
      3.761343479156494,
      3.758769989013672,
      3.7732162475585938
    ],
    "layer_top_sv_ratios": [
      0.3473297953605652,
      0.5928832292556763,
      0.3714931607246399,
      0.1698669195175171,
      0.16591306030750275,
      0.09983241558074951,
      0.0962480679154396,
      0.08081334829330444,
      0.6674575209617615,
      0.09108108282089233,
      0.13548938930034637,
      0.08966755867004395,
      0.10147920250892639,
      0.09864101558923721,
      0.11080994457006454,
      0.10285883396863937,
      0.08857973664999008,
      0.11524959653615952,
      0.08844108134508133,
      0.0940689817070961,
      0.12887485325336456,
      0.12313120812177658,
      0.11562253534793854,
      0.15072700381278992
    ],
    "layer_rank_10s": [
      4,
      1,
      2,
      12,
      18,
      39,
      40,
      51,
      1,
      44,
      26,
      38,
      35,
      40,
      32,
      38,
      39,
      31,
      45,
      40,
      25,
      26,
      26,
      17
    ],
    "response_length": 977
  },
  "delta_features": {
    "eff_rank": 2.7808740636237843,