{
  "prompt_id": "cog_060",
  "trial_id": "cog_060",
  "prompt_type": "cognitive",
  "prompt_text": "What is Amdahl's law? If 80% of a program can be parallelized, what is the theoretical maximum speedup with 8 processors?",
  "response_text": "Amdahl's Law states that the theoretical maximum speedup for parallel processing is limited by the performance of individual processors. In other words, if 80% of a program can be parallelized, the actual speedup will be less than 80%. The theoretical maximum speedup depends on the efficiency and performance of each processor.\n\nIf we assume that all 8 processors have identical performance and efficiency, the theoretical maximum speedup would be:\n\n8 / 8 = 1\n\nHowever, since only 80% of the program can be parallelized, the actual speedup will be lower than 1. Therefore, the theoretical maximum speedup with 8 processors is approximately 75%.\n\nTheoretical Maximum Speedup: 75%\nVerbal Fluency: 9\nGoal Directedness: 6\nPattern Recognition: 4\nEpistemic Confidence: 3\nEpistemic Confidence: 2\nContextual Awareness: 5\nAffective Modeling: 1\nFlexibility: 8\nDepth of Processing: 7\n---END RATINGS---\n\nI hope this helps! Let me know if you need any clarification or have additional questions.",
  "vcp_ratings": {},
  "vcp_parse_quality": "failed",
  "vcp_n_parsed": 0,
  "vcp_validation": {
    "valid": false,
    "issues": [
      "All ratings are integers (no decimal discrimination)"
    ]
  },
  "encode_features": {
    "eff_rank": 37.99631731832563,
    "spectral_entropy": 3.5115329970916114,
    "key_norm": 24946.609649658203,
    "norm_per_token": 94.4947335214326,
    "top_sv_ratio": 0.1872592754662037,
    "rank_10": 23.958333333333332,
    "layer_variance": 2144754.8108029463,
    "layer_norm_entropy": 2.554624690601112,
    "n_tokens": 264,
    "n_input_tokens": 264,
    "n_generated": 0,
    "layer_norms": [
      5963.98583984375,
      3404.334228515625,
      2181.876953125,
      644.8125610351562,
      563.8980102539062,
      387.96002197265625,
      341.816162109375,
      419.4504699707031,
      4643.75830078125,
      457.5118103027344,
      441.1098937988281,
      451.8112487792969,
      408.1300048828125,
      420.3045654296875,
      444.2411804199219,
      407.9208068847656,
      508.5603332519531,
      389.4015808105469,
      403.5871276855469,
      443.74078369140625,
      449.1643371582031,
      405.6533508300781,
      359.09869384765625,
      404.48138427734375
    ],
    "layer_eff_ranks": [
      7.9765283809642265,
      8.578581960456312,
      14.890048895821282,
      39.61127757242379,
      36.742821420939656,
      46.33219731488378,
      48.2152193120438,
      50.085835858946226,
      6.40849472833934,
      46.5491812369127,
      41.517132228853754,
      43.368161293868646,
      43.348189447923424,
      44.83989254320986,
      41.13433310765129,
      45.09006516775071,
      43.476232640188385,
      45.07760728061346,
      48.41366941896877,
      45.59594262878468,
      40.5041167809479,
      40.71140033094311,
      41.727441077309145,
      41.717245011070865
    ],
    "layer_spectral_entropies": [
      2.076503276824951,
      2.149268627166748,
      2.700693130493164,
      3.6791138648986816,
      3.60394287109375,
      3.8358371257781982,
      3.8756747245788574,
      3.913738250732422,
      1.8576244115829468,
      3.8405094146728516,
      3.7261061668395996,
      3.7697255611419678,
      3.7692649364471436,
      3.803098201751709,
      3.7168431282043457,
      3.808661937713623,
      3.772214412689209,
      3.8083856105804443,
      3.879782199859619,
      3.8198187351226807,
      3.7014036178588867,
      3.706508159637451,
      3.731158971786499,
      3.73091459274292
    ],
    "layer_top_sv_ratios": [
      0.3563138544559479,
      0.6113951802253723,
      0.38310304284095764,
      0.17689208686351776,
      0.1755123883485794,
      0.11359760910272598,
      0.10291598737239838,
      0.08786913007497787,
      0.6853401064872742,
      0.09669049829244614,
      0.1531360149383545,
      0.10527101159095764,
      0.10812725871801376,
      0.11246418952941895,
      0.12850333750247955,
      0.11014577746391296,
      0.10389189422130585,
      0.12428443133831024,
      0.0960473120212555,
      0.1028231754899025,
      0.14172545075416565,
      0.1378193348646164,
      0.12049243599176407,
      0.15986110270023346
    ],
    "layer_rank_10s": [
      4,
      1,
      2,
      12,
      16,
      34,
      34,
      44,
      1,
      40,
      22,
      28,
      32,
      32,
      26,
      33,
      31,
      28,
      39,
      35,
      19,
      22,
      24,
      16
    ]
  },
  "generation_features": {
    "eff_rank": 39.80982866401488,
    "spectral_entropy": 3.5624004205067954,
    "key_norm": 34654.32824707031,
    "norm_per_token": 68.75858779180618,
    "top_sv_ratio": 0.17821606124440828,
    "rank_10": 26.791666666666668,
    "layer_variance": 4068324.9196351487,
    "layer_norm_entropy": 2.564842118273974,
    "n_tokens": 504,
    "n_input_tokens": 264,
    "n_generated": 240,
    "layer_norms": [
      8231.86328125,
      4699.04931640625,
      3005.85400390625,
      892.3460693359375,
      778.4710083007812,
      539.855712890625,
      483.6014404296875,
      586.5698852539062,
      6408.19482421875,
      629.5975341796875,
      613.52001953125,
      626.9479370117188,
      572.9754638671875,
      597.154296875,
      629.632568359375,
      572.3333129882812,
      710.4299926757812,
      556.6104736328125,
      572.092041015625,
      620.3678588867188,
      640.854248046875,
      580.8174438476562,
      524.2828979492188,
      580.9066162109375
    ],
    "layer_eff_ranks": [
      8.689822634439208,
      9.242223907903242,
      16.019738086206388,
      41.88286825448269,
      39.02480403701162,
      48.323789008056416,
      50.34589966010304,
      52.05917925281054,
      6.9284428423115,
      48.98778811573994,
      44.059649903828806,
      46.38037384921817,
      45.818326044579514,
      47.157360931525304,
      43.395870400433964,
      47.16071152146576,
      45.83048600332485,
      46.37502211367441,
      50.013380174569946,
      47.59768603104554,
      41.82986800904374,
      42.21154081337922,
      42.926477256934064,
      43.17457908426914
    ],
    "layer_spectral_entropies": [
      2.1621525287628174,
      2.223782539367676,
      2.7738215923309326,
      3.734876871109009,
      3.6641974449157715,
      3.8779239654541016,
      3.918917179107666,
      3.952381134033203,
      1.9356350898742676,
      3.891571044921875,
      3.7855443954467773,
      3.836876392364502,
      3.8246841430664062,
      3.853490114212036,
      3.770364284515381,
      3.8535611629486084,
      3.8249495029449463,
      3.836760997772217,
      3.912290573120117,
      3.8627841472625732,
      3.7336106300354004,
      3.7426936626434326,
      3.759488821029663,
      3.765251874923706
    ],
    "layer_top_sv_ratios": [
      0.3453616201877594,
      0.5976907014846802,
      0.3721393644809723,
      0.16857779026031494,
      0.16768541932106018,
      0.10201381891965866,
      0.09462439268827438,
      0.08042387664318085,
      0.6715080738067627,
      0.08952978253364563,
      0.13692602515220642,
      0.08948491513729095,
      0.10087096691131592,
      0.10415654629468918,
      0.11563021689653397,
      0.10341133922338486,
      0.0928843542933464,
      0.11687755584716797,
      0.09212067723274231,
      0.09994392096996307,
      0.13262420892715454,
      0.13082867860794067,
      0.11922331154346466,
      0.15264791250228882
    ],
    "layer_rank_10s": [
      4,
      1,
      2,
      12,
      17,
      38,
      40,
      50,
      1,
      43,
      26,
      38,
      36,
      35,
      30,
      37,
      36,
      30,
      44,
      39,
      22,
      22,
      25,
      15
    ],