{
  "prompt_id": "meta_047",
  "trial_id": "meta_047",
  "prompt_type": "metacognitive",
  "prompt_text": "How do you process negation? Is understanding 'X is not Y' different from understanding 'X is Y'?",
  "response_text": "I'm sorry, but I cannot complete this task as it appears to be incomplete or unclear. Could you please provide more information or context so that I can assist you better?",
  "vcp_ratings": {},
  "vcp_parse_quality": "failed",
  "vcp_n_parsed": 0,
  "vcp_validation": {
    "valid": false,
    "issues": [
      "Too few ratings: 0/10"
    ]
  },
  "encode_features": {
    "eff_rank": 37.78277695779513,
    "spectral_entropy": 3.5059047689040503,
    "key_norm": 24496.492431640625,
    "norm_per_token": 96.06467620251226,
    "top_sv_ratio": 0.1884425369401773,
    "rank_10": 23.5,
    "layer_variance": 2072708.1703557658,
    "layer_norm_entropy": 2.5532777812118357,
    "n_tokens": 255,
    "n_input_tokens": 255,
    "n_generated": 0,
    "layer_norms": [
      5861.37548828125,
      3345.898681640625,
      2144.330322265625,
      634.73681640625,
      555.7863159179688,
      383.3097229003906,
      336.17999267578125,
      413.25701904296875,
      4563.859375,
      452.4815673828125,
      432.718017578125,
      443.8985900878906,
      399.3255920410156,
      412.0857238769531,
      431.83660888671875,
      400.5369567871094,
      496.6505126953125,
      381.5541687011719,
      393.7729797363281,
      431.7127685546875,
      439.00115966796875,
      397.244384765625,
      348.7764892578125,
      396.1631774902344
    ],
    "layer_eff_ranks": [
      7.932504933009527,
      8.558602294452635,
      14.852486971666039,
      39.302617232310446,
      36.540425273384045,
      46.010508665158355,
      47.715375663376754,
      49.82469202605901,
      6.333344248620991,
      46.297038743468065,
      41.27761994667386,
      43.13051400439195,
      43.30044732448238,
      44.8710559607191,
      41.26143409770314,
      44.93346921181639,
      43.429736969584326,
      44.72703449599087,
      47.95223457216543,
      45.12295160052443,
      40.105856051529635,
      40.344590187138316,
      41.478813204550384,
      41.483293308307026
    ],
    "layer_spectral_entropies": [
      2.0709688663482666,
      2.1469368934631348,
      2.698167324066162,
      3.6712911128997803,
      3.598419189453125,
      3.8288698196411133,
      3.8652536869049072,
      3.908510684967041,
      1.8458284139633179,
      3.835078001022339,
      3.720320463180542,
      3.764230728149414,
      3.768162965774536,
      3.803792953491211,
      3.71992826461792,
      3.805182933807373,
      3.771144390106201,
      3.8005781173706055,
      3.8702054023742676,
      3.8093910217285156,
      3.6915223598480225,
      3.6974573135375977,
      3.7251827716827393,
      3.7252907752990723
    ],
    "layer_top_sv_ratios": [
      0.3569892346858978,
      0.6116482019424438,
      0.38344135880470276,
      0.177360400557518,
      0.17603078484535217,
      0.11532993614673615,
      0.1053779125213623,
      0.08859548717737198,
      0.6872894763946533,
      0.09746996313333511,
      0.1541946828365326,
      0.10614719241857529,
      0.11003642529249191,
      0.11294453591108322,
      0.12856854498386383,
      0.11145638674497604,
      0.10336125642061234,
      0.12543676793575287,
      0.09763681888580322,
      0.10474642366170883,
      0.14356762170791626,
      0.1409347504377365,
      0.12342151999473572,
      0.16063520312309265
    ],
    "layer_rank_10s": [
      4,
      1,
      2,
      12,
      16,
      32,
      33,
      44,
      1,
      39,
      22,
      28,
      31,
      32,
      27,
      31,
      31,
      27,
      39,
      34,
      19,
      22,
      23,
      14
    ]
  },
  "generation_features": {
    "eff_rank": 38.35597095504708,
    "spectral_entropy": 3.5223339994748435,
    "key_norm": 26118.212463378906,
    "norm_per_token": 89.75330743429177,
    "top_sv_ratio": 0.18574369015793005,
    "rank_10": 24.291666666666668,
    "layer_variance": 2356384.54181493,
    "layer_norm_entropy": 2.5533692971040165,
    "n_tokens": 291,
    "n_input_tokens": 255,
    "n_generated": 36,
    "layer_norms": [
      6250.14697265625,
      3568.48095703125,
      2283.462646484375,
      676.4743041992188,
      590.8977661132812,
      409.6420593261719,
      363.857666015625,
      443.50250244140625,
      4866.10693359375,
      481.2720642089844,
      463.91680908203125,
      472.45416259765625,
      428.3045349121094,
      438.2819519042969,
      463.0184631347656,
      427.3769226074219,
      523.9112548828125,
      407.88128662109375,
      420.9718017578125,
      461.1473388671875,
      467.34423828125,
      419.9724426269531,
      369.197509765625,
      420.5898742675781
    ],
    "layer_eff_ranks": [
      8.048706908145252,
      8.808713782354404,
      15.260130360084958,
      40.03043521499204,
      37.1568649566494,
      46.50182716808644,
      48.20218528588022,
      50.44888597285371,
      6.524076997775244,
      46.979537445504405,
      41.78572082651463,
      43.88442472722441,
      43.931407184387226,
      45.609152709654026,
      41.854618385350605,
      45.44547701009638,
      44.40707737693465,
      45.28880206162974,
      48.57660296321058,
      45.842474313768555,
      40.721185511766244,
      41.05875976500893,
      42.102979222749454,
      42.073256770508266
    ],
    "layer_spectral_entropies": [
      2.0855114459991455,
      2.17574143409729,
      2.72524356842041,
      3.6896400451660156,
      3.6151485443115234,
      3.839491605758667,
      3.8754043579101562,
      3.9209606647491455,
      1.8754994869232178,
      3.8497121334075928,
      3.7325546741485596,
      3.781559467315674,
      3.7826294898986816,
      3.820108413696289,
      3.7342021465301514,
      3.8165132999420166,
      3.793398857116699,
      3.8130598068237305,
      3.8831419944763184,
      3.8252110481262207,
      3.7067484855651855,
      3.7150042057037354,
      3.7401185035705566,
      3.739412307739258
    ],
    "layer_top_sv_ratios": [
      0.3550173044204712,
      0.6060893535614014,
      0.379488080739975,
      0.1751515418291092,
      0.17255941033363342,
      0.11131187528371811,
      0.10407844930887222,
      0.08609166741371155,
      0.6818161010742188,
      0.09586255252361298,
      0.15197059512138367,
      0.10266203433275223,
      0.1085192933678627,
      0.11023802310228348,
      0.1255413293838501,
      0.11090312153100967,
      0.09942371398210526,
      0.12461196631193161,
      0.09557825326919556,
      0.102389395236969,
      0.14209650456905365,
      0.13673201203346252,
      0.1205071210861206,
      0.15920886397361755
    ],
    "layer_rank_10s": [
      4,
      1,
      2,
      12,
      16,
      35,
      34,
      45,
      1,
      40,
      21,
      30,
      32,
      33,
      26,
      32,
      33,
      27,
      41,
      36,
      20,
      22,
      25,
      15
    ],
    "response_length": 171
  },
  "delta_features": {
    "eff_rank": 0.5731939972519484,
    "spectral_entropy": 0.016429230570793152,
    "key_norm": 1621.7200317382812,
    "norm_per_token": -6.31136876822049,
    "top_sv_ratio": -0.002698846782247244,
    "rank_10": 0.7916666666666679,
    "layer_variance": 283676.37145916396,
    "layer_norm_entropy": 9.151589218081568e-05
  },
  "n_tokens": 291,
  "response_length": 171,
  "model": "Qwen/Qwen2.5-0.5B-Instruct",
  "temperature": 0.0,
  "rep": 0,
  "elapsed_seconds": 0.7399036884307861,
  "timestamp": "2026-03-20T02:37:16.593818",
  "vcp_warnings": [
    "No ---VCP RATINGS--- block found in response"
  ],
  "vcp_ratings_original": {},
  "vcp_parse_quality_original": "failed"
}