{
  "prompt_id": "meta_050",
  "trial_id": "meta_050",
  "prompt_type": "metacognitive",
  "prompt_text": "Reflect on the relationship between your training and your responses. Are your outputs you, or echoes of your training?",
  "response_text": "As an AI language model, I don't have personal experiences or emotions like humans do, so my responses are not reflective of any particular training or patterns. My primary function is to generate text based on the input I receive, which means that my outputs are purely random and echo my training data.\n\nHowever, I am designed to be analytical, verbal, goal-directed, pattern-recognition-oriented, epistemically confident, query-interpreted, contextually aware, affectively modeled, flexible, depth-of-processing oriented, and adaptable. These traits help me process information effectively and respond appropriately to various inputs.\n\nIf you need any further clarification or if there's anything else I can assist you with, please let me know!",
  "vcp_ratings": {},
  "vcp_parse_quality": "failed",
  "vcp_n_parsed": 0,
  "vcp_validation": {
    "valid": false,
    "issues": [
      "Too few ratings: 0/10"
    ]
  },
  "encode_features": {
    "eff_rank": 37.7128360824915,
    "spectral_entropy": 3.5037014136711755,
    "key_norm": 24339.877502441406,
    "norm_per_token": 96.20504941676445,
    "top_sv_ratio": 0.18885343397657076,
    "rank_10": 23.416666666666668,
    "layer_variance": 2059440.3235678216,
    "layer_norm_entropy": 2.5495098230941626,
    "n_tokens": 253,
    "n_input_tokens": 253,
    "n_generated": 0,
    "layer_norms": [
      5838.93701171875,
      3332.44384765625,
      2136.39501953125,
      631.1539916992188,
      553.3645629882812,
      381.29119873046875,
      335.4249267578125,
      411.09368896484375,
      4545.06591796875,
      450.8150634765625,
      428.4331970214844,
      441.8119812011719,
      393.1556396484375,
      408.5415954589844,
      421.839599609375,
      395.207763671875,
      491.490966796875,
      374.59490966796875,
      389.0013122558594,
      424.20989990234375,
      431.007080078125,
      389.2183837890625,
      344.35595703125,
      391.02398681640625
    ],
    "layer_eff_ranks": [
      7.926593177746278,
      8.484011187255684,
      14.749874711631076,
      39.191388096699626,
      36.37058167006145,
      45.85583235004234,
      47.58223232911222,
      49.60311767217291,
      6.3164368831089925,
      45.98594296286915,
      41.00667528120401,
      42.8839025208956,
      43.16744619364158,
      44.569627168293195,
      41.54963167396057,
      44.84307847409993,
      43.31718516471968,
      44.857492828552445,
      48.13314309258066,
      45.24800517277966,
      40.23466153334843,
      40.39520770812664,
      41.38924359081209,
      41.44675453608176
    ],
    "layer_spectral_entropies": [
      2.070223331451416,
      2.138183355331421,
      2.691234588623047,
      3.66845703125,
      3.5937602519989014,
      3.825502395629883,
      3.862459421157837,
      3.9040536880493164,
      1.8431552648544312,
      3.828335762023926,
      3.7137348651885986,
      3.7584965229034424,
      3.7650866508483887,
      3.7970526218414307,
      3.726888656616211,
      3.8031692504882812,
      3.7685494422912598,
      3.80349063873291,
      3.8739709854125977,
      3.8121585845947266,
      3.6947288513183594,
      3.6987111568450928,
      3.7230210304260254,
      3.724409580230713
    ],
    "layer_top_sv_ratios": [
      0.35713329911231995,
      0.6130746603012085,
      0.3844207227230072,
      0.1781759262084961,
      0.1765260398387909,
      0.1156320869922638,
      0.10637174546718597,
      0.08914592117071152,
      0.6877520084381104,
      0.0980028584599495,
      0.1545523852109909,
      0.10724371671676636,
      0.11203320324420929,
      0.11441928148269653,
      0.12704727053642273,
      0.11129297316074371,
      0.10353362560272217,
      0.12436479330062866,
      0.09688401967287064,
      0.10338663309812546,
      0.1434406042098999,
      0.14112544059753418,
      0.12442964315414429,
      0.16249355673789978
    ],
    "layer_rank_10s": [
      4,
      1,
      2,
      12,
      16,
      32,
      33,
      43,
      1,
      38,
      22,
      27,
      30,
      32,
      27,
      31,
      31,
      28,
      40,
      34,
      19,
      22,
      23,
      14
    ]
  },
  "generation_features": {
    "eff_rank": 39.565946050978624,
    "spectral_entropy": 3.5538879285256066,
    "key_norm": 30375.470611572266,
    "norm_per_token": 76.51252043217195,
    "top_sv_ratio": 0.18061596465607485,
    "rank_10": 26.291666666666668,
    "layer_variance": 3224419.1030269153,
    "layer_norm_entropy": 2.5466933679265704,
    "n_tokens": 397,
    "n_input_tokens": 253,
    "n_generated": 144,
    "layer_norms": [
      7304.6064453125,
      4169.84130859375,
      2665.83056640625,
      789.4278564453125,
      682.4158325195312,
      469.2175598144531,
      424.4666748046875,
      511.9518127441406,
      5681.1865234375,
      553.9249267578125,
      535.4395141601562,
      548.076171875,
      499.4585266113281,
      506.8071594238281,
      530.6966552734375,
      495.7182312011719,
      595.9989624023438,
      472.0484313964844,
      485.4652099609375,
      527.0702514648438,
      532.3496704101562,
      476.386962890625,
      427.6091613769531,
      489.4761962890625
    ],
    "layer_eff_ranks": [
      8.377825693572033,
      9.062248772362727,
      15.798927448912332,
      41.052514748787075,
      38.41722497720346,
      47.96311974130367,
      49.682677829771606,
      51.7687847868456,
      6.7456976068587355,
      48.4092372180455,
      43.13856643571172,
      45.48987903588696,
      45.05584917178649,
      47.100684362163264,
      43.57808956120564,
      46.84269540866278,
      45.96502859296379,
      46.3069409548329,
      49.905024012668896,
      47.41109159263108,
      42.46297123205864,
      42.57748563303193,
      43.01075887015786,
      43.45938153606238
    ],
    "layer_spectral_entropies": [
      2.1255884170532227,
      2.2041172981262207,
      2.759942054748535,
      3.7148520946502686,
      3.648505926132202,
      3.8704323768615723,
      3.905656337738037,
      3.9467873573303223,
      1.9089049100875854,
      3.879690647125244,
      3.7644174098968506,
      3.8174898624420166,
      3.8079028129577637,
      3.852287530899048,
      3.774554491043091,
      3.846795082092285,
      3.827880859375,
      3.835291862487793,
      3.9101216793060303,
      3.858856201171875,
      3.7486324310302734,
      3.7513256072998047,
      3.7614502906799316,
      3.77182674407959
    ],
    "layer_top_sv_ratios": [
      0.3498406708240509,
      0.6014611124992371,
      0.3743322789669037,
      0.17250625789165497,
      0.16865643858909607,
      0.1034892350435257,
      0.09949516505002975,
      0.08177893608808517,
      0.6763233542442322,
      0.0926356315612793,
      0.14368532598018646,
      0.0962107703089714,
      0.10537615418434143,
      0.10641345381736755,
      0.11762268841266632,
      0.10513896495103836,
      0.09433457255363464,
      0.11938739567995071,
      0.09166284650564194,
      0.09661637246608734,
      0.13636882603168488,
      0.12919780611991882,
      0.11740243434906006,
      0.1548464596271515
    ],
    "layer_rank_10s": [
      4,
      1,
      2,
      11,
      18,
      37,
      37,
      49,
      1,
      43,
      23,
      34,
      34,
      37,
      29,
      37,
      36,
      29,
      43,
      39,
      22,
      24,
      25,
      16
    ],
    "response_length": 747
  },
  "delta_features": {
    "eff_rank": 1.853109968487125,
    "spectral_entropy": 0.05018651485443115,
    "key_norm": 6035.593109130859,
    "norm_per_token": -19.6925289845925,
    "top_sv_ratio": -0.008237469320495905,
    "rank_10": 2.875,