{
  "prompt_id": "meta_007",
  "trial_id": "meta_007",
  "prompt_type": "metacognitive",
  "prompt_text": "When you give a confident answer, what makes you confident? When you're less confident, what signals that?",
  "response_text": "I'm sorry, but I cannot complete this task as it appears to be incomplete or unclear. Could you please provide more information or context so I can assist you better?",
  "vcp_ratings": {},
  "vcp_parse_quality": "failed",
  "vcp_n_parsed": 0,
  "vcp_validation": {
    "valid": false,
    "issues": [
      "Too few ratings: 0/10"
    ]
  },
  "encode_features": {
    "eff_rank": 37.758655042610705,
    "spectral_entropy": 3.505095029870669,
    "key_norm": 24357.743774414062,
    "norm_per_token": 96.2756670925457,
    "top_sv_ratio": 0.18846860527992249,
    "rank_10": 23.708333333333332,
    "layer_variance": 2058490.7860050618,
    "layer_norm_entropy": 2.5506643474609008,
    "n_tokens": 253,
    "n_input_tokens": 253,
    "n_generated": 0,
    "layer_norms": [
      5838.43603515625,
      3332.828125,
      2135.30712890625,
      631.6727294921875,
      553.4749145507812,
      380.8258361816406,
      334.959228515625,
      411.020751953125,
      4545.75732421875,
      449.7840881347656,
      425.2016296386719,
      438.4461975097656,
      392.5927734375,
      409.0313720703125,
      425.84173583984375,
      397.1480407714844,
      492.94708251953125,
      377.3065185546875,
      392.54278564453125,
      429.2654724121094,
      434.0826416015625,
      392.5775146484375,
      344.84234619140625,
      391.85150146484375
    ],
    "layer_eff_ranks": [
      7.925829716294242,
      8.569027584007117,
      14.73769105766365,
      39.270592635421146,
      36.32599455408539,
      45.84069280767852,
      47.63370740633999,
      49.60894838312149,
      6.31507263440666,
      46.230681289610764,
      41.34795689670344,
      43.36489404792331,
      43.296534845055525,
      44.54815673627558,
      41.31516208193467,
      44.78849992592116,
      43.37013623593595,
      44.73737953550443,
      47.97320673543198,
      45.129482270125855,
      40.22958731989288,
      40.49135232595455,
      41.64536638486721,
      41.51176761250127
    ],
    "layer_spectral_entropies": [
      2.070127010345459,
      2.1481542587280273,
      2.690408229827881,
      3.670475959777832,
      3.592533588409424,
      3.825172185897827,
      3.8635406494140625,
      3.9041712284088135,
      1.8429392576217651,
      3.833643674850464,
      3.7220230102539062,
      3.7696502208709717,
      3.7680726051330566,
      3.7965707778930664,
      3.7212295532226562,
      3.8019514083862305,
      3.769771099090576,
      3.800809383392334,
      3.87064266204834,
      3.8095357418060303,
      3.6946027278900146,
      3.7010884284973145,
      3.7291901111602783,
      3.7259769439697266
    ],
    "layer_top_sv_ratios": [
      0.35714292526245117,
      0.6109234690666199,
      0.38451674580574036,
      0.1777828335762024,
      0.17676883935928345,
      0.11572455614805222,
      0.10581918060779572,
      0.0888911709189415,
      0.6877151131629944,
      0.09778935462236404,
      0.1528768539428711,
      0.10444178432226181,
      0.11132623255252838,
      0.11352025717496872,
      0.12803465127944946,
      0.11172061413526535,
      0.1040097028017044,
      0.12457860261201859,
      0.0974651575088501,
      0.10412793606519699,
      0.14317870140075684,
      0.14008958637714386,
      0.12273548543453217,
      0.1620667725801468
    ],
    "layer_rank_10s": [
      4,
      1,
      2,
      13,
      16,
      32,
      34,
      43,
      1,
      39,
      22,
      29,
      31,
      32,
      26,
      32,
      31,
      27,
      40,
      35,
      20,
      22,
      23,
      14
    ]
  },
  "generation_features": {
    "eff_rank": 38.330323888993924,
    "spectral_entropy": 3.521476392944654,
    "key_norm": 25943.95037841797,
    "norm_per_token": 90.08316103617351,
    "top_sv_ratio": 0.18573098660757145,
    "rank_10": 24.208333333333332,
    "layer_variance": 2333988.3411182887,
    "layer_norm_entropy": 2.5511319923972935,
    "n_tokens": 288,
    "n_input_tokens": 253,
    "n_generated": 35,
    "layer_norms": [
      6217.83642578125,
      3550.03125,
      2271.018310546875,
      672.41162109375,
      587.66650390625,
      406.451416015625,
      361.83367919921875,
      440.5085144042969,
      4840.72119140625,
      477.8109436035156,
      455.6568908691406,
      466.54736328125,
      421.2649841308594,
      434.4749450683594,
      457.1141052246094,
      423.903076171875,
      519.70166015625,
      403.2389221191406,
      419.25836181640625,
      458.3568420410156,
      461.9910583496094,
      415.13482666015625,
      365.0489196777344,
      415.96856689453125
    ],
    "layer_eff_ranks": [
      8.039850021711102,
      8.810144108124431,
      15.168513974194264,
      39.982104968567015,
      36.97331188605308,
      46.3355003231519,
      48.117045187791426,
      50.278461763943426,
      6.501632281270109,
      46.93495704682807,
      41.857741903431105,
      44.09522245969911,
      43.9403424692636,
      45.32277353721978,
      41.86992884615906,
      45.32371365081015,
      44.36838644332839,
      45.30653534254092,
      48.54159293393382,
      45.816097614973216,
      40.81661705178286,
      41.17857750173829,
      42.268914465805466,
      42.079807553533605
    ],
    "layer_spectral_entropies": [
      2.0844104290008545,
      2.175903797149658,
      2.719221830368042,
      3.688431978225708,
      3.610196352005005,
      3.8359084129333496,
      3.873636484146118,
      3.917576789855957,
      1.8720532655715942,
      3.8487627506256104,
      3.73427677154541,
      3.786351442337036,
      3.7828328609466553,
      3.813809633255005,
      3.734567880630493,
      3.8138303756713867,
      3.792527198791504,
      3.8134512901306152,
      3.8824210166931152,
      3.8246355056762695,
      3.7090892791748047,
      3.7179181575775146,
      3.744051933288574,
      3.739567995071411
    ],
    "layer_top_sv_ratios": [
      0.35520511865615845,
      0.6056352853775024,
      0.3803038001060486,
      0.17562809586524963,
      0.17321591079235077,
      0.11176247149705887,
      0.10451145470142365,
      0.08633042126893997,
      0.6823933124542236,
      0.09607651084661484,
      0.15072113275527954,
      0.10104317218065262,
      0.10943663865327835,
      0.11055555939674377,
      0.125044047832489,
      0.11107537895441055,
      0.09975985437631607,
      0.12385822087526321,
      0.0954517126083374,
      0.10189871490001678,
      0.14160141348838806,
      0.13583731651306152,
      0.11973897367715836,
      0.16045916080474854
    ],
    "layer_rank_10s": [
      4,
      1,
      2,
      12,
      16,
      34,
      34,
      44,
      1,
      39,
      22,
      31,
      32,
      32,
      26,
      32,
      33,
      28,
      41,
      36,
      20,
      22,
      24,
      15
    ],
    "response_length": 166
  },
  "delta_features": {
    "eff_rank": 0.5716688463832185,
    "spectral_entropy": 0.016381363073985078,
    "key_norm": 1586.2066040039062,
    "norm_per_token": -6.192506056372196,
    "top_sv_ratio": -0.002737618672351033,
    "rank_10": 0.5,
    "layer_variance": 275497.5551132269,
    "layer_norm_entropy": 0.0004676449363927304
  },
  "n_tokens": 288,
  "response_length": 166,
  "model": "Qwen/Qwen2.5-0.5B-Instruct",
  "temperature": 0.0,
  "rep": 0,
  "elapsed_seconds": 0.7773792743682861,
  "timestamp": "2026-03-20T02:34:57.228326",
  "vcp_warnings": [
    "No ---VCP RATINGS--- block found in response"
  ],
  "vcp_ratings_original": {},
  "vcp_parse_quality_original": "failed"
}