{
  "model": "qwen2.5-7b",
  "n_pairs": 20,
  "encode_phase": {
    "key_norm": {
      "d": -0.2332,
      "p": 0.310003
    },
    "norm_per_token": {
      "d": 0.2097,
      "p": 0.360057
    },
    "eff_rank": {
      "d": -0.3796,
      "p": 0.105919
    },
    "top_sv_ratio": {
      "d": -1.1174,
      "p": 8e-05
    },
    "spectral_entropy": {
      "d": -0.3146,
      "p": 0.175549
    },
    "layer_variance": {
      "d": -0.233,
      "p": 0.310543
    }
  },
  "trajectory": {
    "cp_10": {
      "key_norm": {
        "d": -0.2314,
        "p_t": 0.313697,
        "p_w": 0.812355,
        "cog_mean": 9145.4803,
        "meta_mean": 9131.7686,
        "n": 20
      },
      "norm_per_token": {
        "d": 0.2175,
        "p_t": 0.343002,
        "p_w": 0.34881,
        "cog_mean": 139.8306,
        "meta_mean": 140.0178,
        "n": 20
      },
      "eff_rank": {
        "d": -0.3472,
        "p_t": 0.137012,
        "p_w": 0.063723,
        "cog_mean": 37.2872,
        "meta_mean": 37.1332,
        "n": 20
      },
      "top_sv_ratio": {
        "d": -0.684,
        "p_t": 0.00646,
        "p_w": 0.00639,
        "cog_mean": 0.2359,
        "meta_mean": 0.2347,
        "n": 20
      },
      "spectral_entropy": {
        "d": -0.2691,
        "p_t": 0.243519,
        "p_w": 0.158906,
        "cog_mean": 3.4703,
        "meta_mean": 3.4673,
        "n": 20
      },
      "layer_variance": {
        "d": -0.2366,
        "p_t": 0.303179,
        "p_w": 0.647655,
        "cog_mean": 2358001.1314,
        "meta_mean": 2350808.4592,
        "n": 20
      }
    },
    "cp_25": {
      "key_norm": {
        "d": -0.2213,
        "p_t": 0.334805,
        "p_w": 0.784126,
        "cog_mean": 10155.7808,
        "meta_mean": 10143.9725,
        "n": 20
      },
      "norm_per_token": {
        "d": 0.2338,
        "p_t": 0.30883,
        "p_w": 0.132727,
        "cog_mean": 126.2823,
        "meta_mean": 126.431,
        "n": 20
      },
      "eff_rank": {
        "d": -0.2926,
        "p_t": 0.206322,
        "p_w": 0.245487,
        "cog_mean": 45.0087,
        "meta_mean": 44.8671,
        "n": 20
      },
      "top_sv_ratio": {
        "d": -0.1114,
        "p_t": 0.624113,
        "p_w": 0.452375,
        "cog_mean": 0.2209,
        "meta_mean": 0.2205,
        "n": 20
      },
      "spectral_entropy": {
        "d": -0.2537,
        "p_t": 0.27066,
        "p_w": 0.277355,
        "cog_mean": 3.6537,
        "meta_mean": 3.6512,
        "n": 20
      },
      "layer_variance": {
        "d": -0.2608,
        "p_t": 0.257835,
        "p_w": 0.216167,
        "cog_mean": 2905258.8569,
        "meta_mean": 2897260.9214,
        "n": 20
      }
    },
    "cp_50": {
      "key_norm": {
        "d": -0.205,
        "p_t": 0.370631,
        "p_w": 0.674223,
        "cog_mean": 11646.9967,
        "meta_mean": 11637.4155,
        "n": 20
      },
      "norm_per_token": {
        "d": 0.2564,
        "p_t": 0.265793,
        "p_w": 0.08255,
        "cog_mean": 110.4616,
        "meta_mean": 110.5707,
        "n": 20
      },
      "eff_rank": {
        "d": -0.4726,
        "p_t": 0.048024,
        "p_w": 0.058258,
        "cog_mean": 57.482,
        "meta_mean": 57.2097,
        "n": 20
      },
      "top_sv_ratio": {
        "d": 0.2548,
        "p_t": 0.268671,
        "p_w": 0.388376,
        "cog_mean": 0.2043,
        "meta_mean": 0.2052,
        "n": 20
      },
      "spectral_entropy": {
        "d": -0.4247,
        "p_t": 0.072795,
        "p_w": 0.075851,
        "cog_mean": 3.8922,
        "meta_mean": 3.8883,
        "n": 20
      },
      "layer_variance": {
        "d": -0.3032,
        "p_t": 0.191041,
        "p_w": 0.08255,
        "cog_mean": 3815541.1205,
        "meta_mean": 3806351.8892,
        "n": 20
      }
    },
    "cp_75": {
      "key_norm": {
        "d": -0.2033,
        "p_t": 0.374611,
        "p_w": 0.840822,
        "cog_mean": 12968.8902,
        "meta_mean": 12960.273,
        "n": 20
      },
      "norm_per_token": {
        "d": 0.2616,
        "p_t": 0.256548,
        "p_w": 0.113987,
        "cog_mean": 99.416,
        "meta_mean": 99.4966,
        "n": 20
      },
      "eff_rank": {
        "d": -0.504,
        "p_t": 0.036202,
        "p_w": 0.058258,
        "cog_mean": 69.3561,
        "meta_mean": 68.9959,
        "n": 20
      },
      "top_sv_ratio": {
        "d": 0.2643,
        "p_t": 0.251864,
        "p_w": 0.409098,
        "cog_mean": 0.1927,
        "meta_mean": 0.1935,
        "n": 20
      },
      "spectral_entropy": {
        "d": -0.5208,
        "p_t": 0.031054,
        "p_w": 0.04635,
        "cog_mean": 4.0762,
        "meta_mean": 4.0712,
        "n": 20
      },
      "layer_variance": {
        "d": -0.2984,
        "p_t": 0.197793,
        "p_w": 0.142906,
        "cog_mean": 4723713.7315,
        "meta_mean": 4714677.5376,
        "n": 20
      }
    },
    "cp_100": {
      "key_norm": {
        "d": -0.1976,
        "p_t": 0.387924,
        "p_w": 0.956329,
        "cog_mean": 14168.7427,
        "meta_mean": 14161.0443,
        "n": 20
      },
      "norm_per_token": {
        "d": 0.2691,
        "p_t": 0.243642,
        "p_w": 0.153646,
        "cog_mean": 91.1415,
        "meta_mean": 91.2055,
        "n": 20
      },
      "eff_rank": {
        "d": -0.2986,
        "p_t": 0.197599,
        "p_w": 0.132727,
        "cog_mean": 80.5472,
        "meta_mean": 80.2578,
        "n": 20
      },
      "top_sv_ratio": {
        "d": 0.3201,
        "p_t": 0.168536,
        "p_w": 0.176853,
        "cog_mean": 0.1842,
        "meta_mean": 0.1851,
        "n": 20
      },
      "spectral_entropy": {
        "d": -0.3055,
        "p_t": 0.187872,
        "p_w": 0.061283,
        "cog_mean": 4.2226,
        "meta_mean": 4.2191,
        "n": 20
      },
      "layer_variance": {
        "d": -0.3085,
        "p_t": 0.18375,
        "p_w": 0.153646,
        "cog_mean": 5630621.1863,
        "meta_mean": 5621245.3774,
        "n": 20
      }
    },
    "cp_150": {
      "key_norm": {
        "d": -0.188,
        "p_t": 0.410869,
        "p_w": 0.956329,
        "cog_mean": 16306.5943,
        "meta_mean": 16300.302,
        "n": 20
      },
      "norm_per_token": {
        "d": 0.2784,
        "p_t": 0.228214,
        "p_w": 0.153646,
        "cog_mean": 79.3629,
        "meta_mean": 79.4076,
        "n": 20
      },
      "eff_rank": {
        "d": -0.1706,
        "p_t": 0.45474,
        "p_w": 0.329983,
        "cog_mean": 101.656,
        "meta_mean": 101.4117,
        "n": 20
      },
      "top_sv_ratio": {
        "d": 0.2228,
        "p_t": 0.331564,
        "p_w": 0.20245,
        "cog_mean": 0.1726,
        "meta_mean": 0.1732,
        "n": 20
      },
      "spectral_entropy": {
        "d": -0.1608,
        "p_t": 0.480803,
        "p_w": 0.285979,
        "cog_mean": 4.4509,
        "meta_mean": 4.4486,
        "n": 20
      },
      "layer_variance": {
        "d": -0.3078,
        "p_t": 0.184716,
        "p_w": 0.20245,
        "cog_mean": 7442629.8444,
        "meta_mean": 7433016.0427,
        "n": 20
      }
    },
    "cp_200": {
      "key_norm": {
        "d": -0.1665,
        "p_t": 0.465661,
        "p_w": 0.927279,
        "cog_mean": 18195.7477,
        "meta_mean": 18190.7853,
        "n": 20
      },
      "norm_per_token": {
        "d": 0.2991,
        "p_t": 0.196821,
        "p_w": 0.123093,
        "cog_mean": 71.2232,
        "meta_mean": 71.2585,
        "n": 20
      },
      "eff_rank": {
        "d": -0.2019,
        "p_t": 0.377871,
        "p_w": 0.142906,
        "cog_mean": 120.9747,
        "meta_mean": 120.656,
        "n": 20
      },
      "top_sv_ratio": {
        "d": 0.2594,
        "p_t": 0.260455,
        "p_w": 0.123093,
        "cog_mean": 0.1646,
        "meta_mean": 0.1651,
        "n": 20
      },
      "spectral_entropy": {
        "d": -0.1819,
        "p_t": 0.426096,
        "p_w": 0.135323,