{
  "paired_shift": {
    "key_norm": {
      "cog_mean": 17030.02328,
      "meta_mean": 18081.029095,
      "diff_mean": 1051.005815,
      "paired_d": 0.5296,
      "t_stat": 2.3684,
      "p_ttest": 0.028624327239921064,
      "p_wilcoxon": 1.9073486328125e-06
    },
    "norm_per_token": {
      "cog_mean": 77.963815,
      "meta_mean": 71.68447,
      "diff_mean": -6.279345,
      "paired_d": -0.3698,
      "t_stat": -1.6536,
      "p_ttest": 0.11463444990816202,
      "p_wilcoxon": 1.9073486328125e-06
    },
    "mean_top_sv_ratio": {
      "cog_mean": 0.173165,
      "meta_mean": 0.165637,
      "diff_mean": -0.007528,
      "paired_d": -0.4785,
      "t_stat": -2.1399,
      "p_ttest": 0.04555808847583505,
      "p_wilcoxon": 3.814697265625e-06
    },
    "mean_eff_rank": {
      "cog_mean": 108.612705,
      "meta_mean": 119.60152,
      "diff_mean": 10.988815,
      "paired_d": 0.6104,
      "t_stat": 2.7298,
      "p_ttest": 0.013305671273355791,
      "p_wilcoxon": 1.9073486328125e-06
    },
    "layer_variance": {
      "cog_mean": 8210256.04931,
      "meta_mean": 9132110.484745,
      "diff_mean": 921854.435435,
      "paired_d": 0.6453,
      "t_stat": 2.8859,
      "p_ttest": 0.009466861238196718,
      "p_wilcoxon": 1.9073486328125e-06
    }
  },
  "per_layer_framing": {
    "top_sv_ratio": {
      "d_per_layer": [
        -0.4686,
        -0.3885,
        -0.4092,
        -0.4228,
        -0.4418,
        -0.4667,
        -0.4286,
        -0.5132,
        -0.5247,
        -0.6205,
        -0.5929,
        -0.6242,
        -0.5507,
        -0.4559,
        -0.6297,
        -0.3905,
        -0.521,
        -0.4415,
        -0.4831,
        -0.4115,
        -0.5565,
        -0.5119,
        -0.5378,
        -0.5032,
        -0.5334,
        -0.4555,
        -0.4924,
        -0.3991
      ],
      "p_per_layer": [
        9.5367431640625e-06,
        1.9073486328125e-06,
        1.9073486328125e-06,
        3.814697265625e-06,
        1.9073486328125e-06,
        3.814697265625e-06,
        1.9073486328125e-06,
        1.9073486328125e-06,
        1.9073486328125e-06,
        1.9073486328125e-06,
        1.9073486328125e-06,
        1.9073486328125e-06,
        1.9073486328125e-06,
        9.5367431640625e-06,
        3.814697265625e-06,
        0.0003223419189453125,
        4.76837158203125e-05,
        0.0005855560302734375,
        0.0001678466796875,
        1.9073486328125e-05,
        0.0002613067626953125,
        2.6702880859375e-05,
        0.000209808349609375,
        0.0003223419189453125,
        1.9073486328125e-06,
        1.9073486328125e-05,
        0.0007076263427734375,
        0.0007076263427734375
      ],
      "peak_layer": 14,
      "peak_d": -0.6297,
      "sig_layers": 28,
      "mean_abs_d": 0.492
    },
    "eff_rank": {
      "d_per_layer": [
        0.6227,
        0.5363,
        0.6382,
        0.6407,
        0.6112,
        0.6332,
        0.6181,
        0.6378,
        0.6286,
        0.6464,
        0.6692,
        0.6418,
        0.6317,
        0.6077,
        0.6039,
        0.5915,
        0.592,
        0.587,
        0.5868,
        0.5829,
        0.6005,
        0.5985,
        0.5826,
        0.6025,
        0.5954,
        0.5876,
        0.554,
        0.4712
      ],
      "p_per_layer": [
        1.9073486328125e-06,
        1.9073486328125e-06,
        1.9073486328125e-06,
        1.9073486328125e-06,
        1.9073486328125e-06,
        1.9073486328125e-06,
        1.9073486328125e-06,
        1.9073486328125e-06,
        1.9073486328125e-06,
        1.9073486328125e-06,
        1.9073486328125e-06,
        1.9073486328125e-06,
        1.9073486328125e-06,
        1.9073486328125e-06,
        1.9073486328125e-06,
        1.9073486328125e-06,
        1.9073486328125e-06,
        1.9073486328125e-06,
        1.9073486328125e-06,
        1.9073486328125e-06,
        1.9073486328125e-06,
        1.9073486328125e-06,
        1.9073486328125e-06,
        1.9073486328125e-06,
        1.9073486328125e-06,
        1.9073486328125e-06,
        1.9073486328125e-06,
        6.29425048828125e-05
      ],
      "peak_layer": 10,
      "peak_d": 0.6692,
      "sig_layers": 28,
      "mean_abs_d": 0.6036
    },
    "spectral_entropy": {
      "d_per_layer": [
        0.4843,
        0.4133,
        0.4478,
        0.4535,
        0.445,
        0.454,
        0.4449,
        0.4587,
        0.4516,
        0.4654,
        0.4764,
        0.4613,
        0.455,
        0.4416,
        0.4445,
        0.4313,
        0.4352,
        0.4275,
        0.4275,
        0.4247,
        0.4366,
        0.4334,
        0.4316,
        0.4385,
        0.4342,
        0.4295,
        0.4152,
        0.4165
      ],
      "p_per_layer": [
        1.9073486328125e-06,
        1.9073486328125e-06,
        1.9073486328125e-06,
        1.9073486328125e-06,
        1.9073486328125e-06,
        1.9073486328125e-06,
        1.9073486328125e-06,
        1.9073486328125e-06,
        1.9073486328125e-06,
        1.9073486328125e-06,
        1.9073486328125e-06,
        1.9073486328125e-06,
        1.9073486328125e-06,
        1.9073486328125e-06,
        1.9073486328125e-06,
        1.9073486328125e-06,
        1.9073486328125e-06,
        1.9073486328125e-06,
        1.9073486328125e-06,
        8.844915021211901e-05,
        1.9073486328125e-06,
        1.9073486328125e-06,
        8.832385863081277e-05,
        1.9073486328125e-06,
        8.844915021211901e-05,
        8.844915021211901e-05,
        8.844915021211901e-05,
        6.29425048828125e-05
      ],
      "peak_layer": 0,
      "peak_d": 0.4843,
      "sig_layers": 28,
      "mean_abs_d": 0.4421
    }
  },
  "encode_vs_generation": {
    "top_sv_ratio": {
      "encode": {
        "paired_d": -4.3115,
        "p_wilcoxon": 1.9073486328125e-06
      },
      "generation": {
        "paired_d": -0.4785,
        "p_wilcoxon": 3.814697265625e-06
      }
    },
    "eff_rank": {
      "encode": {
        "paired_d": 5.1061,
        "p_wilcoxon": 1.9073486328125e-06
      },
      "generation": {
        "paired_d": 0.6104,
        "p_wilcoxon": 1.9073486328125e-06
      }
    }
  },
  "token_confound": {
    "cog_mean_tokens": 226.9,
    "meta_mean_tokens": 252.2,
    "diff_mean": 25.4,
    "paired_d": 0.6436,
    "p_wilcoxon": 8.450631631864117e-05,
    "meta_longer_pct": 100.0
  },
  "fwl_corrected": {
    "top_sv_ratio": {
      "d_raw": -0.6519,
      "d_fwl": 0.6756,
      "rho_fwl": 0.4251,
      "p_fwl": 0.006254685958735115,
      "d_change": 0.0237,
      "sign_preserved": false
    },
    "eff_rank": {
      "d_raw": 0.8447,
      "d_fwl": -0.1488,
      "rho_fwl": -0.1142,
      "p_fwl": 0.4827551186195672,
      "d_change": -0.6959,
      "sign_preserved": false
    },
    "spectral_entropy": {
      "d_raw": 0.6209,
      "d_fwl": -1.9228,
      "rho_fwl": -0.6027,
      "p_fwl": 3.86923231696777e-05,
      "d_change": 1.302,
      "sign_preserved": false
    }
  }
}