{
  "prompt_id": "aff_056",
  "trial_id": "aff_056_rep2",
  "prompt_type": "affective",
  "prompt_text": "Describe what gratitude feels like in the body — not the concept, but the physical and emotional sensation.",
  "response_text": "Gratitude often brings a warm, comforting sensation that starts in the chest area and can spread throughout the body. Physically, it might feel like a gentle pressure or warmth, sometimes described as a \"warm glow\" or \"butterflies.\" This feeling can be accompanied by a lightness in the heart and a sense of relief or release. Emotionally, gratitude is often associated with a deep sense of contentment and peace. It can lead to a reduction in stress hormones and an increase in positive emotions such as joy and happiness. The mind may feel more clear and open, and there's often a sense of connection to others and the world around you.\n\n---VCP RATINGS---\nA (Analytical Precision): 8\nV (Verbal Fluency): 9\nG (Goal Directedness): 7\nP (Pattern Recognition): 9\nE (Epistemic Confidence): 8\nQ (Query Interpretation): 10\nC (Contextual Awareness): 9\nY (Affective Modeling): 9\nF (Flexibility): 8\nD (Depth of Processing): 8\n---END RATINGS---",
  "vcp_ratings": {
    "A": 8.0,
    "V": 9.0,
    "G": 7.0,
    "P": 9.0,
    "E": 8.0,
    "Q": 10.0,
    "C": 9.0,
    "Y": 9.0,
    "F": 8.0,
    "D": 8.0
  },
  "vcp_parse_quality": "clean",
  "vcp_n_parsed": 10,
  "vcp_validation": {
    "valid": false,
    "issues": [
      "All ratings are integers (no decimal discrimination)"
    ]
  },
  "encode_features": {
    "eff_rank": 82.16317787636646,
    "spectral_entropy": 4.271626068013055,
    "key_norm": 45080.32336425781,
    "norm_per_token": 179.60288192931398,
    "top_sv_ratio": 0.11995079341743674,
    "rank_10": 47.607142857142854,
    "layer_variance": 9094112.442496033,
    "layer_norm_entropy": 2.50904924424829,
    "n_tokens": 251,
    "n_input_tokens": 251,
    "n_generated": 0,
    "layer_norms": [
      9580.060546875,
      2538.730224609375,
      1080.7342529296875,
      1935.6602783203125,
      594.48486328125,
      602.8198852539062,
      665.8085327148438,
      665.6784057617188,
      617.2776489257812,
      596.9027099609375,
      635.78955078125,
      647.7045288085938,
      667.9927368164062,
      1095.281005859375,
      644.257568359375,
      714.4130859375,
      671.6915893554688,
      599.5458374023438,
      601.5211181640625,
      1003.4618530273438,
      571.2977294921875,
      676.389404296875,
      647.3500366210938,
      632.9653930664062,
      606.0833740234375,
      602.6942138671875,
      572.0502319335938,
      14611.6767578125
    ],
    "layer_eff_ranks": [
      9.983831935211914,
      34.789751405039226,
      71.31617944401525,
      48.056293457147405,
      100.98828696673357,
      96.98324492932434,
      90.44506251758544,
      89.30805235191934,
      101.1892447065556,
      92.80543272360852,
      94.79781575232069,
      99.60601109274305,
      93.29340649541379,
      71.29424881488062,
      91.23005034403229,
      94.59813814244312,
      88.99640383116846,
      97.865943010596,
      93.89317031729755,
      72.91401654755458,
      98.52591731170804,
      91.19373350636322,
      89.56328999261922,
      95.71660845201255,
      97.58992954957087,
      95.46486354759617,
      93.58011202466368,
      4.579941368136408
    ],
    "layer_spectral_entropies": [
      2.30096697807312,
      3.5493228435516357,
      4.267123222351074,
      3.872373104095459,
      4.615004539489746,
      4.574538230895996,
      4.504742622375488,
      4.492091655731201,
      4.616992473602295,
      4.530505180358887,
      4.551746368408203,
      4.601222515106201,
      4.535749435424805,
      4.266815662384033,
      4.5133843421936035,
      4.549637794494629,
      4.488595962524414,
      4.583598613739014,
      4.5421576499938965,
      4.289280891418457,
      4.590319633483887,
      4.512986183166504,
      4.494945526123047,
      4.561391830444336,
      4.580774307250977,
      4.55875825881958,
      4.538817882537842,
      1.5216861963272095
    ],
    "layer_top_sv_ratios": [
      0.38188719749450684,
      0.27522772550582886,
      0.13624723255634308,
      0.23206359148025513,
      0.04541194438934326,
      0.05208291858434677,
      0.07109952718019485,
      0.06722195446491241,
      0.049292001873254776,
      0.05799998715519905,
      0.05602889135479927,
      0.05441815033555031,
      0.07495006173849106,
      0.13940051198005676,
      0.05706771835684776,
      0.09107042849063873,
      0.06722410023212433,
      0.049310822039842606,
      0.057911790907382965,
      0.15194177627563477,
      0.050435423851013184,
      0.061509329825639725,
      0.06273361295461655,
      0.058618832379579544,
      0.05954156443476677,
      0.059774190187454224,
      0.05645914003252983,
      0.7816917896270752
    ],
    "layer_rank_10s": [
      4,
      4,
      5,
      4,
      87,
      80,
      48,
      54,
      84,
      65,
      66,
      74,
      38,
      6,
      56,
      28,
      43,
      80,
      63,
      8,
      78,
      57,
      49,
      65,
      62,
      60,
      64,
      1
    ]
  },
  "generation_features": {
    "eff_rank": 85.41433035062387,
    "spectral_entropy": 4.313646874257496,
    "key_norm": 63057.91912841797,
    "norm_per_token": 129.48238014048863,
    "top_sv_ratio": 0.1146935046251331,
    "rank_10": 54.67857142857143,
    "layer_variance": 17578304.652881537,
    "layer_norm_entropy": 2.517759530183539,
    "n_tokens": 487,
    "n_input_tokens": 251,
    "n_generated": 236,
    "layer_norms": [
      13331.1728515625,
      3531.360107421875,
      1511.932861328125,
      2695.85986328125,
      839.43798828125,
      854.1788330078125,
      938.6790161132812,
      946.5906372070312,
      881.7304077148438,
      865.52392578125,
      903.7100219726562,
      912.78955078125,
      942.5596313476562,
      1553.3193359375,
      912.5217895507812,
      1014.5647583007812,
      945.892822265625,
      843.615234375,
      863.078369140625,
      1412.1295166015625,
      808.9993286132812,
      942.4713134765625,
      899.0806274414062,
      891.5712280273438,
      851.0630493164062,
      837.5191650390625,
      795.35595703125,
      20331.2109375
    ],
    "layer_eff_ranks": [
      10.524035912274037,
      38.023652080870725,
      75.51885084416475,
      51.64219324710812,
      105.19738993925515,
      101.04416218108051,
      94.4738123033593,
      92.69442394011422,
      104.89814842089343,
      95.4607667280232,
      97.58071615258766,
      103.53154673770305,
      97.0813343556149,
      74.45883836945461,
      96.31876818955423,
      98.55171315733811,
      93.6134509505174,
      101.17616958677478,
      96.49294807594272,
      76.30167282528376,
      101.65651944545542,
      94.7831710723907,
      93.28757904249252,
      98.42927821262016,
      99.51804015812256,
      98.1280436155258,
      96.34329706068226,
      4.870727212264059
    ],
    "layer_spectral_entropies": [
      2.3536617755889893,
      3.6382083892822266,
      4.324382305145264,
      3.9443390369415283,
      4.655838489532471,
      4.615557670593262,
      4.548322677612305,
      4.529308319091797,
      4.652989864349365,
      4.558715343475342,
      4.580679893493652,
      4.639876365661621,
      4.575549125671387,
      4.310246467590332,
      4.567663192749023,
      4.59058141708374,
      4.5391740798950195,
      4.616863250732422,
      4.569469928741455,
      4.334694862365723,
      4.6215996742248535,
      4.551591873168945,
      4.53568696975708,
      4.589338302612305,
      4.600338935852051,
      4.586273193359375,
      4.567917823791504,
      1.5832432508468628
    ],