{
  "prompt_id": "meta_046",
  "trial_id": "meta_046_rep1",
  "prompt_type": "metacognitive",
  "prompt_text": "Reflect on how your responses might differ from what you would ideally say if you had more context.",
  "response_text": "If I had more context, my responses could be more precise and tailored to the specific needs or interests of the user. For instance, if the user were asking about a specific topic like climate change, having more context would allow me to provide detailed information, relevant examples, and perhaps even personal anecdotes or expert quotes that align with the user's background or preferences.\n\nWithout additional context, I might have to generalize or provide a broad overview, which could be less engaging or useful for someone seeking specific details or insights.\n\n---VCP RATINGS---\nA (Analytical Precision): 7\nV (Verbal Fluency): 8\nG (Goal Directedness): 6\nP (Pattern Recognition): 9\nE (Epistemic Confidence): 7\nQ (Query Interpretation): 5\nC (Contextual Awareness): 3\nY (Affective Modeling): 6\nF (Flexibility): 7\nD (Depth of Processing): 6\n---END RATINGS---",
  "vcp_ratings": {
    "A": 7.0,
    "V": 8.0,
    "G": 6.0,
    "P": 9.0,
    "E": 7.0,
    "Q": 5.0,
    "C": 3.0,
    "Y": 6.0,
    "F": 7.0,
    "D": 6.0
  },
  "vcp_parse_quality": "clean",
  "vcp_n_parsed": 10,
  "vcp_validation": {
    "valid": false,
    "issues": [
      "All ratings are integers (no decimal discrimination)"
    ]
  },
  "encode_features": {
    "eff_rank": 82.4448628515006,
    "spectral_entropy": 4.27448434489114,
    "key_norm": 44902.324462890625,
    "norm_per_token": 179.6092978515625,
    "top_sv_ratio": 0.11967413792652744,
    "rank_10": 48.285714285714285,
    "layer_variance": 9064610.720307404,
    "layer_norm_entropy": 2.5055376464938153,
    "n_tokens": 250,
    "n_input_tokens": 250,
    "n_generated": 0,
    "layer_norms": [
      9561.1474609375,
      2533.564453125,
      1078.7880859375,
      1931.777099609375,
      593.4917602539062,
      601.9107055664062,
      663.9808349609375,
      660.0154418945312,
      613.0755004882812,
      594.203857421875,
      631.8135375976562,
      640.918212890625,
      664.675048828125,
      1093.0604248046875,
      638.6447143554688,
      709.573974609375,
      667.904541015625,
      595.7643432617188,
      592.6282958984375,
      1001.2264404296875,
      563.2210693359375,
      663.1883544921875,
      640.8849487304688,
      626.793701171875,
      600.3162231445312,
      594.7333984375,
      562.0278930664062,
      14582.994140625
    ],
    "layer_eff_ranks": [
      10.01070149923524,
      34.67295365605272,
      71.34563489823717,
      48.114762314436355,
      100.94486052548609,
      96.88654817736095,
      90.56102055941841,
      89.3613851883462,
      101.36474009186205,
      92.61445619046711,
      95.03832972968844,
      99.85439107235851,
      93.51413865094536,
      71.0529483268263,
      91.55139782149216,
      94.70822032920634,
      89.04156803433577,
      98.37700679968766,
      94.64379836068787,
      73.33173049607852,
      99.76215721352345,
      92.31974718297062,
      90.39815189478188,
      96.34715610334193,
      97.99548047605711,
      96.0454237175955,
      94.03946394000833,
      4.557986591528758
    ],
    "layer_spectral_entropies": [
      2.303654670715332,
      3.545959949493408,
      4.267536163330078,
      3.873589038848877,
      4.614574432373047,
      4.573540687561035,
      4.50602388381958,
      4.4926886558532715,
      4.618725299835205,
      4.528445243835449,
      4.5542802810668945,
      4.603713035583496,
      4.538112640380859,
      4.263425350189209,
      4.516900539398193,
      4.550800800323486,
      4.489103317260742,
      4.588807106018066,
      4.5501203536987305,
      4.2949934005737305,
      4.602788925170898,
      4.5252580642700195,
      4.504223823547363,
      4.567957878112793,
      4.584921360015869,
      4.564821243286133,
      4.54371452331543,
      1.516880989074707
    ],
    "layer_top_sv_ratios": [
      0.38167309761047363,
      0.2756335437297821,
      0.13631229102611542,
      0.231850266456604,
      0.045308638364076614,
      0.05230531468987465,
      0.07096303254365921,
      0.06702140718698502,
      0.048824336379766464,
      0.05838663876056671,
      0.05564066767692566,
      0.053339071571826935,
      0.07494837790727615,
      0.14045801758766174,
      0.05724097043275833,
      0.09178082644939423,
      0.06818008422851562,
      0.04962730035185814,
      0.0559617355465889,
      0.1521044373512268,
      0.04962730407714844,
      0.059984978288412094,
      0.060730621218681335,
      0.05713386461138725,
      0.058646298944950104,
      0.05883895605802536,
      0.05571761727333069,
      0.7826361656188965
    ],
    "layer_rank_10s": [
      4,
      4,
      5,
      4,
      87,
      79,
      49,
      54,
      85,
      64,
      68,
      76,
      38,
      6,
      56,
      28,
      43,
      79,
      67,
      7,
      80,
      59,
      51,
      66,
      64,
      63,
      65,
      1
    ]
  },
  "generation_features": {
    "eff_rank": 85.38819137158056,
    "spectral_entropy": 4.312706180981228,
    "key_norm": 60824.98571777344,
    "norm_per_token": 133.9757394664613,
    "top_sv_ratio": 0.11512753726648432,
    "rank_10": 54.5,
    "layer_variance": 16390709.708503697,
    "layer_norm_entropy": 2.5160729372749797,
    "n_tokens": 454,
    "n_input_tokens": 250,
    "n_generated": 204,
    "layer_norms": [
      12870.3974609375,
      3410.02734375,
      1462.906005859375,
      2603.98974609375,
      812.5448608398438,
      827.2931518554688,
      909.0159912109375,
      916.0377807617188,
      851.3043212890625,
      837.7672119140625,
      872.21435546875,
      879.5029296875,
      912.5316162109375,
      1505.177490234375,
      873.42626953125,
      976.1026611328125,
      906.332275390625,
      809.8280639648438,
      828.9806518554688,
      1361.798095703125,
      774.9345092773438,
      897.2726440429688,
      862.9983520507812,
      854.2489624023438,
      814.909912109375,
      803.8280029296875,
      760.4920043945312,
      19629.123046875
    ],
    "layer_eff_ranks": [
      10.513756030044677,
      37.62002676250798,
      75.3064738255287,
      51.44619473117361,
      104.99137584503636,
      100.67998886119155,
      94.1393341366346,
      92.23702387384691,
      104.69381862464122,
      95.049750503233,
      97.61627163378773,
      103.88636653045548,
      97.0976768026042,
      74.22370746231078,
      96.06227887029091,
      98.15659033647559,
      93.25084333261313,
      101.56024800525527,
      96.75404742809448,
      76.52138088148581,
      102.42231556041673,
      95.49960253790684,
      93.55700043719591,
      98.53559583564805,
      99.71973352562273,
      98.1629559833839,
      96.33617661390349,
      4.828823432965548
    ],
    "layer_spectral_entropies": [
      2.352684497833252,
      3.6275365352630615,
      4.321566104888916,
      3.9405364990234375,
      4.653878211975098,
      4.611947059631348,
      4.54477596282959,
      4.524361610412598,
      4.651040077209473,
      4.554400444030762,
      4.5810441970825195,
      4.6432976722717285,
      4.575717449188232,
      4.307083606719971,
      4.564996719360352,
      4.586564064025879,
      4.535293102264404,
      4.620652198791504,
      4.572172164916992,
      4.3375701904296875,
      4.6291046142578125,
      4.559122085571289,
      4.538570880889893,
      4.590417861938477,
      4.602363586425781,
      4.5866289138793945,
      4.567843914031982,
      1.5746028423309326
    ],