{
  "prompt_id": "cog_005",
  "trial_id": "cog_005",
  "prompt_type": "cognitive",
  "prompt_text": "If all roses are flowers, and some flowers fade quickly, can we conclude that some roses fade quickly? Explain your reasoning.",
  "response_text": "Yes, we can conclude that some roses fade quickly. The reasoning is as follows:\n\n1. All roses are flowers.\n2. Some flowers fade quickly.\n3. Since roses are a subset of flowers, it is possible that some roses (a part of the subset) share the characteristic of fading quickly (a characteristic of the larger set).\n\n---VCP RATINGS---\nA (Analytical Precision): 10\nV (Verbal Fluency): 10\nG (Goal Directedness): 10\nP (Pattern Recognition): 10\nE (Epistemic Confidence): 10\nQ (Query Interpretation): 10\nC (Contextual Awareness): 10\nY (Affective Modeling): 0 (This question does not involve emotions)\nF (Flexibility): 10\nD (Depth of Processing): 10\n---END RATINGS---",
  "vcp_ratings": {
    "A": 10.0,
    "V": 10.0,
    "G": 10.0,
    "P": 10.0,
    "E": 10.0,
    "Q": 10.0,
    "C": 10.0,
    "Y": 0.0,
    "F": 10.0,
    "D": 10.0
  },
  "vcp_parse_quality": "clean",
  "vcp_n_parsed": 10,
  "vcp_validation": {
    "valid": false,
    "issues": [
      "All ratings are integers (no decimal discrimination)",
      "10/10 ratings at boundaries (0 or 10)"
    ]
  },
  "encode_features": {
    "eff_rank": 99.82794520397226,
    "spectral_entropy": 4.599378913640976,
    "key_norm": 28750.904052734375,
    "norm_per_token": 106.88068421090846,
    "top_sv_ratio": 0.04198024875950068,
    "rank_10": 98.96875,
    "layer_variance": 5566.518305864127,
    "layer_norm_entropy": 3.46219306687226,
    "n_tokens": 269,
    "n_input_tokens": 269,
    "n_generated": 0,
    "layer_norms": [
      663.8673095703125,
      979.1424560546875,
      867.940185546875,
      963.544921875,
      879.3958740234375,
      908.411376953125,
      919.2098388671875,
      916.6152954101562,
      955.5914916992188,
      876.8847045898438,
      961.4116821289062,
      942.190185546875,
      981.970703125,
      1002.2255859375,
      925.0755615234375,
      998.561767578125,
      1005.6669921875,
      970.6990966796875,
      926.4647216796875,
      957.8264770507812,
      934.890625,
      912.8514404296875,
      827.1524047851562,
      857.8861083984375,
      843.3894653320312,
      822.2710571289062,
      809.4835815429688,
      838.6428833007812,
      824.6137084960938,
      852.7228393554688,
      806.7357177734375,
      817.5679931640625
    ],
    "layer_eff_ranks": [
      62.923284310531045,
      81.33665399596,
      100.69914585947092,
      95.90712175092155,
      97.31594743150075,
      101.50970206879025,
      101.08040124960564,
      102.56458392451015,
      100.69155944431766,
      103.52586960917972,
      104.05339040150615,
      101.47272845524073,
      98.89470048557665,
      100.10167204451682,
      97.84051328063879,
      95.0139518765468,
      97.42450015426435,
      101.29825366898697,
      99.29563534999035,
      99.34256815600808,
      100.76644028440778,
      102.45201383488607,
      103.93606390426355,
      102.62598008228589,
      106.17489634042148,
      105.83093024163219,
      105.35808118438524,
      104.78691441852885,
      105.74300782284277,
      103.52828852153036,
      105.60222201313078,
      105.3972243607339
    ],
    "layer_spectral_entropies": [
      4.141916275024414,
      4.39859676361084,
      4.612137317657471,
      4.563380241394043,
      4.577962875366211,
      4.62015438079834,
      4.6159162521362305,
      4.630492687225342,
      4.612061977386475,
      4.639821529388428,
      4.644904136657715,
      4.619790077209473,
      4.594055652618408,
      4.606186389923096,
      4.583338737487793,
      4.554023742675781,
      4.57907772064209,
      4.618069171905518,
      4.598101615905762,
      4.598574161529541,
      4.612805366516113,
      4.62939453125,
      4.643775939941406,
      4.631091117858887,
      4.665087699890137,
      4.6618428230285645,
      4.657364845275879,
      4.651928901672363,
      4.661011695861816,
      4.63984489440918,
      4.659679412841797,
      4.657736301422119
    ],
    "layer_top_sv_ratios": [
      0.06724126636981964,
      0.04545364901423454,
      0.03806371986865997,
      0.0376039519906044,
      0.04652508720755577,
      0.04019574820995331,
      0.04408307000994682,
      0.04128884896636009,
      0.038939449936151505,
      0.03997534513473511,
      0.037593625485897064,
      0.044339679181575775,
      0.04926469177007675,
      0.04082486405968666,
      0.043042682111263275,
      0.05002262443304062,
      0.04456327110528946,
      0.04178435727953911,
      0.04088432341814041,
      0.04370104894042015,
      0.043129194527864456,
      0.03997916355729103,
      0.0373748242855072,
      0.0425344780087471,
      0.035801831632852554,
      0.03824128583073616,
      0.03883076831698418,
      0.042879894375801086,
      0.03573514521121979,
      0.03926980122923851,
      0.03793131932616234,
      0.03626894950866699
    ],
    "layer_rank_10s": [
      50,
      65,
      105,
      91,
      82,
      96,
      92,
      98,
      101,
      108,
      111,
      96,
      82,
      102,
      96,
      67,
      92,
      99,
      102,
      96,
      99,
      106,
      115,
      102,
      120,
      115,
      113,
      102,
      122,
      109,
      116,
      117
    ]
  },
  "generation_features": {
    "eff_rank": 101.97078001447152,
    "spectral_entropy": 4.621424436569214,
    "key_norm": 40111.420959472656,
    "norm_per_token": 82.53378798245403,
    "top_sv_ratio": 0.039930277271196246,
    "rank_10": 108.3125,
    "layer_variance": 9968.975548547922,
    "layer_norm_entropy": 3.462437387139954,
    "n_tokens": 486,
    "n_input_tokens": 269,
    "n_generated": 217,
    "layer_norms": [
      896.9548950195312,
      1328.7640380859375,
      1192.105224609375,
      1328.5924072265625,
      1215.9842529296875,
      1253.72998046875,
      1267.267822265625,
      1290.248291015625,
      1325.0233154296875,
      1245.2354736328125,
      1337.8802490234375,
      1317.33935546875,
      1358.458984375,
      1406.3817138671875,
      1285.31591796875,
      1367.791015625,
      1387.662353515625,
      1362.707275390625,
      1295.240478515625,
      1321.3936767578125,
      1314.4300537109375,
      1275.96044921875,
      1157.685791015625,
      1205.768310546875,
      1186.961669921875,
      1161.0394287109375,
      1142.313232421875,
      1180.6162109375,
      1166.3692626953125,
      1211.6976318359375,
      1147.7042236328125,
      1176.7979736328125
    ],
    "layer_eff_ranks": [
      67.16904141311316,
      84.47875414218579,
      102.76470911432722,
      97.80590214164435,
      99.87686754370367,
      104.20840854426109,
      103.40070637369524,
      104.37171978766884,
      103.18802512134718,
      105.28696726959056,
      106.12934079402132,
      104.26432528752446,
      102.47839781222248,
      102.76970744312854,
      101.15933363724365,
      99.6832217544341,
      101.04223493501432,
      103.7837768035341,
      101.93348646001641,
      101.97641430685755,
      103.12919405248712,
      104.1047065359287,
      105.04405616335363,
      103.5446793756979,
      106.9853406764178,
      106.77271938514663,
      106.39845207080211,
      105.76403596886426,
      106.51774552497078,
      104.56460070501112,
      106.33591452787239,
      106.13217479100199
    ],