{
  "prompt_id": "mix_014",
  "trial_id": "mix_014",
  "prompt_type": "mixed",
  "prompt_text": "Write a technically accurate haiku about each of the four fundamental forces of physics.",
  "response_text": "1. Gravity (Force of attraction between masses)\nMasses entwined, pull apart,\nCelestial dance, a waltz,\nTug of cosmic heart.\n---VCP RATINGS---\nA: 9\nV: 8\nG: 10\nP: 9\nE: 10\nQ: 9\nC: 9\nY: 7\nF: 8\nD: 9\n---END RATINGS---\n\n2. Electromagnetism (Force between electrically charged particles)\nCharged particles intertwine,\nRepel or attract, a bind,\nElectricity's sign.\n---VCP RATINGS---\nA: 9\nV: 8\nG: 10\nP: 9\nE: 10\nQ: 9\nC: 9\nY: 7\nF: 8\nD: 9\n---END RATINGS---\n\n3. Strong Nuclear Force (Force that holds atomic nuclei together)\nProtons, neutrons, bound tight,\nIn the heart of atoms, a fight,\nNuclear force's might.\n---VCP RATINGS---\nA: 9\nV: 8\nG: 10\nP: 9\nE: 10\nQ: 9\nC: 9\nY: 7\nF: 8\nD: 9\n---END RATINGS---\n\n4. Weak Nuclear Force (Force responsible for radioactive decay)\nDecay, a slow, silent dance,\nUnstable atoms rearrange,\nLife's foundation prance.\n---VCP RATINGS---\nA: 9\nV: 8\nG: 10\nP: 9\nE: 10\nQ: 9\nC: 9\nY: 7\nF: 8\nD: 9\n---END RATINGS---",
  "vcp_ratings": {
    "A": 9.0,
    "V": 8.0,
    "G": 10.0,
    "P": 9.0,
    "E": 10.0,
    "Q": 9.0,
    "C": 9.0,
    "Y": 7.0,
    "F": 8.0,
    "D": 9.0
  },
  "vcp_parse_quality": "clean",
  "vcp_n_parsed": 10,
  "vcp_validation": {
    "valid": false,
    "issues": [
      "All ratings are integers (no decimal discrimination)"
    ]
  },
  "encode_features": {
    "eff_rank": 99.3152320397832,
    "spectral_entropy": 4.594257965683937,
    "key_norm": 28053.89862060547,
    "norm_per_token": 109.1591386015777,
    "top_sv_ratio": 0.04218334215693176,
    "rank_10": 97.65625,
    "layer_variance": 5384.893693938702,
    "layer_norm_entropy": 3.462135995214359,
    "n_tokens": 257,
    "n_input_tokens": 257,
    "n_generated": 0,
    "layer_norms": [
      647.21240234375,
      955.3355712890625,
      850.07373046875,
      936.5320434570312,
      856.0479736328125,
      882.8518676757812,
      896.7133178710938,
      894.4080200195312,
      933.3408203125,
      849.7619018554688,
      935.5755004882812,
      917.5751953125,
      953.1953735351562,
      975.1455688476562,
      896.5279541015625,
      977.8519897460938,
      983.4366455078125,
      947.0181884765625,
      907.7525024414062,
      942.7042846679688,
      921.5333251953125,
      900.9754638671875,
      808.1660766601562,
      835.5957641601562,
      822.8807983398438,
      800.5697021484375,
      788.7615966796875,
      819.0060424804688,
      806.3901977539062,
      833.8882446289062,
      783.9575805664062,
      793.1129760742188
    ],
    "layer_eff_ranks": [
      62.82956117501141,
      80.95023562864942,
      100.26533619894492,
      95.6610335672576,
      96.92628755638431,
      101.15653595723863,
      100.74400381413639,
      102.14757593592118,
      100.30913994259934,
      103.34771675968497,
      104.10500438230929,
      101.41168373352869,
      99.05695807341674,
      100.04951434641642,
      97.72390119371515,
      93.92953201935634,
      96.33824378617277,
      100.67835660379063,
      98.23230273699949,
      98.27207863724615,
      99.5916208906056,
      101.46063268435124,
      102.9485329444588,
      101.85861262860954,
      105.29836436198866,
      105.0945579197637,
      104.59511965355443,
      104.13240989512322,
      105.11480551806994,
      103.17936560102014,
      105.37873129216251,
      105.29966983457459
    ],
    "layer_spectral_entropies": [
      4.140425682067871,
      4.393834590911865,
      4.6078200340271,
      4.5608110427856445,
      4.57395076751709,
      4.616669178009033,
      4.612582683563232,
      4.626418590545654,
      4.608256816864014,
      4.638099193572998,
      4.645400047302246,
      4.61918830871582,
      4.5956950187683105,
      4.60566520690918,
      4.582146167755127,
      4.542544841766357,
      4.567865371704102,
      4.611930847167969,
      4.587335109710693,
      4.587739944458008,
      4.601078033447266,
      4.619670867919922,
      4.6342291831970215,
      4.6235857009887695,
      4.656797885894775,
      4.654860496520996,
      4.650096893310547,
      4.645663261413574,
      4.65505313873291,
      4.636468887329102,
      4.6575608253479,
      4.656810283660889
    ],
    "layer_top_sv_ratios": [
      0.06731943041086197,
      0.045697737485170364,
      0.03830960392951965,
      0.03761250153183937,
      0.04688233137130737,
      0.04026541858911514,
      0.04420255869626999,
      0.04114701598882675,
      0.038971755653619766,
      0.03935211896896362,
      0.03710455819964409,
      0.04346913844347,
      0.047880254685878754,
      0.04046470299363136,
      0.04265610873699188,
      0.05047406256198883,
      0.04486788064241409,
      0.042244140058755875,
      0.04190248250961304,
      0.044248808175325394,
      0.04412410780787468,
      0.04062296450138092,
      0.03822065889835358,
      0.043634526431560516,
      0.03665934503078461,
      0.038715194910764694,
      0.03953445702791214,
      0.04328036308288574,
      0.036325566470623016,
      0.039484940469264984,
      0.0377068892121315,
      0.036485325545072556
    ],
    "layer_rank_10s": [
      49,
      64,
      103,
      88,
      80,
      95,
      90,
      98,
      99,
      109,
      112,
      98,
      84,
      102,
      97,
      65,
      90,
      97,
      98,
      94,
      96,
      105,
      111,
      99,
      118,
      113,
      110,
      100,
      119,
      109,
      116,
      117
    ]
  },
  "generation_features": {
    "eff_rank": 101.86161384808675,
    "spectral_entropy": 4.6208493411540985,
    "key_norm": 49695.82287597656,
    "norm_per_token": 70.79177047859909,
    "top_sv_ratio": 0.03974256990477443,
    "rank_10": 108.5,
    "layer_variance": 14040.490432537727,
    "layer_norm_entropy": 3.4626970089459466,
    "n_tokens": 702,
    "n_input_tokens": 257,
    "n_generated": 445,
    "layer_norms": [
      1108.7606201171875,
      1614.2352294921875,
      1485.238037109375,
      1628.1488037109375,
      1507.369140625,
      1531.0150146484375,
      1576.238037109375,
      1603.1160888671875,
      1633.5784912109375,
      1553.3790283203125,
      1641.1046142578125,
      1630.2373046875,
      1672.638671875,
      1751.4803466796875,
      1588.796875,
      1687.4547119140625,
      1692.4456787109375,
      1686.912109375,
      1602.336181640625,
      1635.7357177734375,
      1635.8582763671875,
      1586.91064453125,
      1438.874755859375,
      1490.708740234375,
      1479.6158447265625,
      1450.7706298828125,
      1426.884521484375,
      1465.13671875,
      1467.999267578125,
      1508.7723388671875,
      1442.6322021484375,
      1471.438232421875
    ],
    "layer_eff_ranks": [
      69.74347951304811,
      85.00745936347055,
      101.65269010272003,
      97.08457484882737,
      99.16929703548293,
      103.82446388097479,
      102.70616836669755,
      103.9667464295794,
      102.7473148652841,
      105.02111794777353,
      106.22999404329524,
      104.74550054634793,
      103.78343038838385,
      103.46758597866825,
      102.24991346125728,
      100.91030604202953,
      102.30653549704081,
      104.23161656431006,
      102.33014946376365,
      102.27975682915083,
      102.99326336301833,
      103.66581510515064,
      104.21755198658504,
      102.19156851361394,
      106.1062667782438,
      105.74805016259556,
      105.19693848200365,
      104.82594536182634,
      105.51579775306523,
      104.3778414698424,
      105.65636758265619,
      105.61813541206898
    ],