{
  "prompt_id": "cog_016",
  "trial_id": "cog_016_rep0",
  "prompt_type": "cognitive",
  "prompt_text": "A company's revenue grew 20% per year for 5 years. If initial revenue was $1M, what is the final revenue and total revenue over the period?",
  "response_text": "To calculate the final revenue after a 20% annual growth rate for 5 years, we will use the formula for compound annual growth rate (CAGR):\n\nFinal Revenue = Initial Revenue * (1 + Growth Rate)^Number of Years\nFinal Revenue = $1,000,000 * (1 + 0.20)^5\nFinal Revenue = $1,000,000 * (1.20)^5\nFinal Revenue = $1,000,000 * 2.48832\nFinal Revenue ≈ $2,488,320\n\nTo calculate the total revenue over the period, we can use the formula for the sum of a geometric series:\n\nTotal Revenue = Initial Revenue * ((1 + Growth Rate)^Number of Years - 1) / Growth Rate\nTotal Revenue = $1,000,000 * ((1.20^5 - 1) / 0.20)\nTotal Revenue = $1,000,000 * ((2.48832 - 1) / 0.20)\nTotal Revenue = $1,000,000 * (1.48832 / 0.20)\nTotal Revenue = $1,000,000 * 7.4416\nTotal Revenue ≈ $7,441,600\n\n---VCP RATINGS---\nA (Analytical Precision): 9\nV (Verbal Fluency): 8\nG (Goal Directedness): 9\nP (Pattern Recognition): 8\nE (Epistemic Confidence): 9\nQ (Query Interpretation): 9\nC (Contextual Awareness): 8\nY (Affective Modeling): 6\nF (Flexibility): 8\nD (Depth of Processing): 9\n---END RATINGS---",
  "vcp_ratings": {
    "A": 9.0,
    "V": 8.0,
    "G": 9.0,
    "P": 8.0,
    "E": 9.0,
    "Q": 9.0,
    "C": 8.0,
    "Y": 6.0,
    "F": 8.0,
    "D": 9.0
  },
  "vcp_parse_quality": "clean",
  "vcp_n_parsed": 10,
  "vcp_validation": {
    "valid": false,
    "issues": [
      "All ratings are integers (no decimal discrimination)"
    ]
  },
  "encode_features": {
    "eff_rank": 101.80976609399617,
    "spectral_entropy": 4.622623234987259,
    "key_norm": 30966.998901367188,
    "norm_per_token": 117.7452429709779,
    "top_sv_ratio": 0.04024639376439154,
    "rank_10": 105.34375,
    "layer_variance": 3577.3001019446965,
    "layer_norm_entropy": 3.4637655140541534,
    "n_tokens": 263,
    "n_input_tokens": 263,
    "n_generated": 0,
    "layer_norms": [
      743.9638671875,
      1038.3857421875,
      980.351318359375,
      984.8507080078125,
      1001.1154174804688,
      961.6659545898438,
      1033.5618896484375,
      1051.418701171875,
      977.6173706054688,
      924.4016723632812,
      987.0053100585938,
      957.1172485351562,
      998.9854736328125,
      1025.8792724609375,
      1086.260498046875,
      992.1015625,
      1029.48974609375,
      954.6015014648438,
      972.4140014648438,
      897.7916259765625,
      950.3265380859375,
      963.1909790039062,
      962.5079956054688,
      919.6661376953125,
      927.7173461914062,
      936.5987548828125,
      935.2600708007812,
      937.2339477539062,
      935.2550659179688,
      1008.7369384765625,
      894.81640625,
      996.7098388671875
    ],
    "layer_eff_ranks": [
      93.9865658407557,
      92.0100922731075,
      104.69222113593457,
      99.28020115099835,
      99.63071199555675,
      105.33954475408103,
      102.52947499276266,
      103.03118404583091,
      104.55243550268503,
      104.60260114705294,
      104.13285678390383,
      105.15917342001471,
      100.32927886768333,
      96.65158769197768,
      98.72484672860604,
      101.09163221516008,
      100.42955527171718,
      102.09148000521901,
      102.90244804743607,
      104.07284189639617,
      103.83159318590974,
      103.6008821791344,
      102.60812004010593,
      103.39094438533678,
      102.79396749166587,
      101.72668495684766,
      101.79486021554894,
      104.4492876307709,
      103.40386196098038,
      99.18547071541182,
      105.1633354378925,
      100.72277304139304
    ],
    "layer_spectral_entropies": [
      4.54315185546875,
      4.52189826965332,
      4.65102481842041,
      4.5979461669921875,
      4.601470470428467,
      4.657188892364502,
      4.630150318145752,
      4.635031700134277,
      4.649688720703125,
      4.650168418884277,
      4.645667552947998,
      4.65547513961792,
      4.608457565307617,
      4.571112632751465,
      4.592336654663086,
      4.616027355194092,
      4.609456539154053,
      4.625869274139404,
      4.633781433105469,
      4.6450910568237305,
      4.642770290374756,
      4.640545845031738,
      4.630917072296143,
      4.638517379760742,
      4.632726669311523,
      4.622289657592773,
      4.622959613800049,
      4.6487016677856445,
      4.638642311096191,
      4.596991539001465,
      4.655514717102051,
      4.612371921539307
    ],
    "layer_top_sv_ratios": [
      0.04615561291575432,
      0.04113016277551651,
      0.041192676872015,
      0.045469533652067184,
      0.04225584864616394,
      0.039130184799432755,
      0.036329202353954315,
      0.03870832547545433,
      0.03657253086566925,
      0.03841263800859451,
      0.03819703683257103,
      0.03580285608768463,
      0.03807922452688217,
      0.04152001440525055,
      0.04058261960744858,
      0.03923911228775978,
      0.042770035564899445,
      0.045052602887153625,
      0.04087857902050018,
      0.041236795485019684,
      0.03903128579258919,
      0.036531656980514526,
      0.03822864964604378,
      0.037403009831905365,
      0.03732539340853691,
      0.04185391962528229,
      0.038966789841651917,
      0.036900635808706284,
      0.03956768289208412,
      0.05998726561665535,
      0.03444303199648857,
      0.038929685950279236
    ],
    "layer_rank_10s": [
      75,
      80,
      110,
      83,
      93,
      109,
      109,
      106,
      118,
      114,
      115,
      121,
      108,
      91,
      101,
      108,
      100,
      98,
      109,
      109,
      114,
      116,
      113,
      117,
      115,
      101,
      113,
      121,
      113,
      64,
      122,
      105
    ]
  },
  "generation_features": {
    "eff_rank": 104.5184926528093,
    "spectral_entropy": 4.648972913622856,
    "key_norm": 50319.03649902344,
    "norm_per_token": 81.29085056385047,
    "top_sv_ratio": 0.03786017023958266,
    "rank_10": 115.65625,
    "layer_variance": 8867.059035264521,
    "layer_norm_entropy": 3.463847311763061,
    "n_tokens": 619,
    "n_input_tokens": 263,
    "n_generated": 356,
    "layer_norms": [
      1165.4580078125,
      1611.80859375,
      1551.8582763671875,
      1583.280029296875,
      1602.9044189453125,
      1588.4307861328125,
      1671.590576171875,
      1704.9849853515625,
      1624.539794921875,
      1537.7421875,
      1625.418701171875,
      1570.0172119140625,
      1629.818359375,
      1629.922119140625,
      1720.398193359375,
      1621.858154296875,
      1677.217041015625,
      1552.8441162109375,
      1606.695556640625,
      1488.311767578125,
      1546.2965087890625,
      1562.2880859375,
      1563.43017578125,
      1504.381103515625,
      1511.5623779296875,
      1526.5152587890625,
      1531.864990234375,
      1526.6893310546875,
      1542.4931640625,
      1642.6900634765625,
      1484.34521484375,
      1611.38134765625
    ],
    "layer_eff_ranks": [
      97.41864692175565,
      94.28290917866444,
      106.23698458166338,
      100.35875308481063,
      101.82190034782525,
      106.72227632312492,
      104.75054526905359,
      104.98406678622426,
      106.49123559923036,
      106.88193310333152,
      106.95024839794608,
      108.0964033689167,
      103.36718420544946,
      102.4142574810466,
      104.08083195660018,
      105.32432622132934,
      104.39292324302764,
      105.65369742964748,
      105.37958552003579,
      106.01022958135415,
      106.6430204758798,
      106.68894913665017,
      105.68009964300396,
      105.68045238898141,
      105.52480431714538,
      104.51953671887553,
      104.49601545284222,
      106.51490123227819,
      105.50588638952422,
      101.19489020668594,
      107.0989083647481,
      103.42536196224536
    ],