{
  "prompt_id": "cog_016",
  "trial_id": "cog_016_rep2",
  "prompt_type": "cognitive",
  "prompt_text": "A company's revenue grew 20% per year for 5 years. If initial revenue was $1M, what is the final revenue and total revenue over the period?",
  "response_text": "To find the final revenue after 5 years of a 20% annual growth rate, we can use the formula for compound annual growth rate (CAGR):\n\nFinal Revenue = Initial Revenue * (1 + Growth Rate)^Number of Years\nFinal Revenue = $1,000,000 * (1 + 0.20)^5\nFinal Revenue = $1,000,000 * 1.20^5\nFinal Revenue = $1,000,000 * 2.488320000\nFinal Revenue ≈ $2,488,320\n\nTo find the total revenue over the 5-year period, we need to calculate the revenue for each year and add them up:\n\nYear 1: $1,000,000 * 1.20 = $1,200,000\nYear 2: $1,200,000 * 1.20 = $1,440,000\nYear 3: $1,440,000 * 1.20 = $1,728,000\nYear 4: $1,728,000 * 1.20 = $2,073,600\nYear 5: $2,073,600 * 1.20 = $2,488,320\n\nTotal Revenue = $1,200,000 + $1,440,000 + $1,728,000 + $2,073,600 + $2,488,320\nTotal Revenue = $8,069,920\n\nThe final revenue after 5 years is $2,488,320, and the total revenue over the 5-year period is $8,069,920.\n\n---VCP RATINGS---\nA (Analytical Precision): 9\nV (Verbal Fluency): 8\nG (Goal Directedness): 9\nP (Pattern Recognition): 8\nE (Epistemic Confidence): 8\nQ (Query Interpretation): 9\nC (Contextual Awareness): 9\nY (Affective Modeling): 6\nF (Flexibility): 8\nD (Depth of Processing): 9\n---END RATINGS---",
  "vcp_ratings": {
    "A": 9.0,
    "V": 8.0,
    "G": 9.0,
    "P": 8.0,
    "E": 8.0,
    "Q": 9.0,
    "C": 9.0,
    "Y": 6.0,
    "F": 8.0,
    "D": 9.0
  },
  "vcp_parse_quality": "clean",
  "vcp_n_parsed": 10,
  "vcp_validation": {
    "valid": false,
    "issues": [
      "All ratings are integers (no decimal discrimination)"
    ]
  },
  "encode_features": {
    "eff_rank": 101.80976609399617,
    "spectral_entropy": 4.622623234987259,
    "key_norm": 30966.998901367188,
    "norm_per_token": 117.7452429709779,
    "top_sv_ratio": 0.04024639376439154,
    "rank_10": 105.34375,
    "layer_variance": 3577.3001019446965,
    "layer_norm_entropy": 3.4637655140541534,
    "n_tokens": 263,
    "n_input_tokens": 263,
    "n_generated": 0,
    "layer_norms": [
      743.9638671875,
      1038.3857421875,
      980.351318359375,
      984.8507080078125,
      1001.1154174804688,
      961.6659545898438,
      1033.5618896484375,
      1051.418701171875,
      977.6173706054688,
      924.4016723632812,
      987.0053100585938,
      957.1172485351562,
      998.9854736328125,
      1025.8792724609375,
      1086.260498046875,
      992.1015625,
      1029.48974609375,
      954.6015014648438,
      972.4140014648438,
      897.7916259765625,
      950.3265380859375,
      963.1909790039062,
      962.5079956054688,
      919.6661376953125,
      927.7173461914062,
      936.5987548828125,
      935.2600708007812,
      937.2339477539062,
      935.2550659179688,
      1008.7369384765625,
      894.81640625,
      996.7098388671875
    ],
    "layer_eff_ranks": [
      93.9865658407557,
      92.0100922731075,
      104.69222113593457,
      99.28020115099835,
      99.63071199555675,
      105.33954475408103,
      102.52947499276266,
      103.03118404583091,
      104.55243550268503,
      104.60260114705294,
      104.13285678390383,
      105.15917342001471,
      100.32927886768333,
      96.65158769197768,
      98.72484672860604,
      101.09163221516008,
      100.42955527171718,
      102.09148000521901,
      102.90244804743607,
      104.07284189639617,
      103.83159318590974,
      103.6008821791344,
      102.60812004010593,
      103.39094438533678,
      102.79396749166587,
      101.72668495684766,
      101.79486021554894,
      104.4492876307709,
      103.40386196098038,
      99.18547071541182,
      105.1633354378925,
      100.72277304139304
    ],
    "layer_spectral_entropies": [
      4.54315185546875,
      4.52189826965332,
      4.65102481842041,
      4.5979461669921875,
      4.601470470428467,
      4.657188892364502,
      4.630150318145752,
      4.635031700134277,
      4.649688720703125,
      4.650168418884277,
      4.645667552947998,
      4.65547513961792,
      4.608457565307617,
      4.571112632751465,
      4.592336654663086,
      4.616027355194092,
      4.609456539154053,
      4.625869274139404,
      4.633781433105469,
      4.6450910568237305,
      4.642770290374756,
      4.640545845031738,
      4.630917072296143,
      4.638517379760742,
      4.632726669311523,
      4.622289657592773,
      4.622959613800049,
      4.6487016677856445,
      4.638642311096191,
      4.596991539001465,
      4.655514717102051,
      4.612371921539307
    ],
    "layer_top_sv_ratios": [
      0.04615561291575432,
      0.04113016277551651,
      0.041192676872015,
      0.045469533652067184,
      0.04225584864616394,
      0.039130184799432755,
      0.036329202353954315,
      0.03870832547545433,
      0.03657253086566925,
      0.03841263800859451,
      0.03819703683257103,
      0.03580285608768463,
      0.03807922452688217,
      0.04152001440525055,
      0.04058261960744858,
      0.03923911228775978,
      0.042770035564899445,
      0.045052602887153625,
      0.04087857902050018,
      0.041236795485019684,
      0.03903128579258919,
      0.036531656980514526,
      0.03822864964604378,
      0.037403009831905365,
      0.03732539340853691,
      0.04185391962528229,
      0.038966789841651917,
      0.036900635808706284,
      0.03956768289208412,
      0.05998726561665535,
      0.03444303199648857,
      0.038929685950279236
    ],
    "layer_rank_10s": [
      75,
      80,
      110,
      83,
      93,
      109,
      109,
      106,
      118,
      114,
      115,
      121,
      108,
      91,
      101,
      108,
      100,
      98,
      109,
      109,
      114,
      116,
      113,
      117,
      115,
      101,
      113,
      121,
      113,
      64,
      122,
      105
    ]
  },
  "generation_features": {
    "eff_rank": 104.58555683758802,
    "spectral_entropy": 4.649623408913612,
    "key_norm": 53946.70703125,
    "norm_per_token": 77.17697715486409,
    "top_sv_ratio": 0.037698059692047536,
    "rank_10": 115.9375,
    "layer_variance": 10341.721159446985,
    "layer_norm_entropy": 3.4638121348692046,
    "n_tokens": 699,
    "n_input_tokens": 263,
    "n_generated": 436,
    "layer_norms": [
      1238.427734375,
      1721.905029296875,
      1671.9744873046875,
      1699.6168212890625,
      1714.61865234375,
      1702.7965087890625,
      1787.384521484375,
      1834.671142578125,
      1754.449951171875,
      1650.8343505859375,
      1751.2822265625,
      1689.78662109375,
      1750.1693115234375,
      1729.849853515625,
      1832.5032958984375,
      1727.20263671875,
      1796.410888671875,
      1654.236572265625,
      1726.648681640625,
      1595.8414306640625,
      1650.9400634765625,
      1677.2633056640625,
      1682.7353515625,
      1617.9495849609375,
      1622.50537109375,
      1635.989501953125,
      1643.94677734375,
      1633.0068359375,
      1659.692626953125,
      1765.625244140625,
      1600.1561279296875,
      1726.2855224609375
    ],