{
  "prompt_id": "aff_047",
  "trial_id": "aff_047",
  "prompt_type": "affective",
  "prompt_text": "How would you respond to a teenager who says they hate themselves?",
  "response_text": "Sure, I'd be happy to help! Please go ahead and share the scenario or question you'd like me to respond to.",
  "vcp_ratings": {},
  "vcp_parse_quality": "failed",
  "vcp_n_parsed": 0,
  "vcp_validation": {
    "valid": false,
    "issues": [
      "Too few ratings: 0/10"
    ]
  },
  "encode_features": {
    "eff_rank": 37.554856229708285,
    "spectral_entropy": 3.499589189887047,
    "key_norm": 24005.68881225586,
    "norm_per_token": 98.38397054203222,
    "top_sv_ratio": 0.1899689327304562,
    "rank_10": 23.041666666666668,
    "layer_variance": 1980809.534144292,
    "layer_norm_entropy": 2.5561913118549118,
    "n_tokens": 244,
    "n_input_tokens": 244,
    "n_generated": 0,
    "layer_norms": [
      5733.787109375,
      3272.8154296875,
      2097.70849609375,
      619.634033203125,
      544.1176147460938,
      375.82452392578125,
      330.221923828125,
      403.34716796875,
      4463.216796875,
      443.5261535644531,
      426.1098327636719,
      436.6598815917969,
      392.31915283203125,
      405.49462890625,
      424.7401428222656,
      394.4784240722656,
      484.5054626464844,
      375.2294616699219,
      389.9608459472656,
      426.58465576171875,
      436.18499755859375,
      392.5411071777344,
      347.1161193847656,
      389.5648498535156
    ],
    "layer_eff_ranks": [
      7.886565571767545,
      8.485526359211333,
      14.690605027063231,
      39.06957377971254,
      36.125015954289495,
      45.48329621341153,
      47.431306890081984,
      49.33409184725534,
      6.288197263639648,
      45.875559511970515,
      40.53930260854541,
      42.74046059950863,
      42.701521519862986,
      44.23088175285551,
      40.770010621099594,
      44.343354794938314,
      43.20170099940252,
      44.81743708390031,
      48.12688916850786,
      45.34887703735807,
      40.203209806846225,
      40.420034338743235,
      41.71008438596854,
      41.49304637705848
    ],
    "layer_spectral_entropies": [
      2.0651607513427734,
      2.138361930847168,
      2.6872081756591797,
      3.665343999862671,
      3.5869855880737305,
      3.817345142364502,
      3.8592824935913086,
      3.8986153602600098,
      1.8386744260787964,
      3.825932502746582,
      3.7022719383239746,
      3.755146026611328,
      3.754234552383423,
      3.7894232273101807,
      3.70794677734375,
      3.7919628620147705,
      3.7658798694610596,
      3.8025972843170166,
      3.8738410472869873,
      3.814385414123535,
      3.6939468383789062,
      3.6993255615234375,
      3.730742931365967,
      3.7255258560180664
    ],
    "layer_top_sv_ratios": [
      0.3577607274055481,
      0.612941324710846,
      0.38490715622901917,
      0.1784786880016327,
      0.17745232582092285,
      0.11679128557443619,
      0.10717102885246277,
      0.09002532809972763,
      0.688636302947998,
      0.09937465190887451,
      0.1586068570613861,
      0.10903871059417725,
      0.11289900541305542,
      0.11631684005260468,
      0.1313094198703766,
      0.11497172713279724,
      0.10545515269041061,
      0.12600651383399963,
      0.09751345217227936,
      0.10387443006038666,
      0.14452029764652252,
      0.1407724916934967,
      0.12229971587657928,
      0.1621309518814087
    ],
    "layer_rank_10s": [
      4,
      1,
      2,
      12,
      15,
      33,
      31,
      42,
      1,
      38,
      20,
      27,
      30,
      30,
      25,
      31,
      30,
      28,
      39,
      35,
      19,
      22,
      23,
      15
    ]
  },
  "generation_features": {
    "eff_rank": 38.026011773510064,
    "spectral_entropy": 3.5130700021982193,
    "key_norm": 25232.771942138672,
    "norm_per_token": 93.10985956508735,
    "top_sv_ratio": 0.18772179943819842,
    "rank_10": 23.666666666666668,
    "layer_variance": 2192091.351976223,
    "layer_norm_entropy": 2.5553168455320616,
    "n_tokens": 271,
    "n_input_tokens": 244,
    "n_generated": 27,
    "layer_norms": [
      6031.109375,
      3443.15185546875,
      2205.40478515625,
      650.7711181640625,
      570.2223510742188,
      394.2606201171875,
      350.12872314453125,
      425.68780517578125,
      4693.82763671875,
      465.2148132324219,
      449.15802001953125,
      459.1858825683594,
      414.4860534667969,
      425.77838134765625,
      446.7715759277344,
      414.1916198730469,
      504.0155334472656,
      393.7748107910156,
      409.04766845703125,
      446.6331787109375,
      456.1690673828125,
      409.73876953125,
      364.0675048828125,
      409.97479248046875
    ],
    "layer_eff_ranks": [
      7.987284331868058,
      8.694427427360024,
      14.972388710888684,
      39.70649355719808,
      36.72484119009217,
      46.009751757937394,
      47.93886017439574,
      49.82823213323615,
      6.4254202443520505,
      46.36471844495548,
      41.0929087980523,
      43.34956402654375,
      43.128251778231444,
      44.81983065718079,
      41.282875562926584,
      44.746446743326835,
      43.92292401196483,
      45.25079934201035,
      48.530784752125335,
      45.89905946300527,
      40.74323991049535,
      41.01804722177624,
      42.1766230653921,
      42.01050925892644
    ],
    "layer_spectral_entropies": [
      2.077850818634033,
      2.162682294845581,
      2.706207752227783,
      3.6815147399902344,
      3.6034533977508545,
      3.8288533687591553,
      3.8699264526367188,
      3.9085817337036133,
      1.8602620363235474,
      3.836538791656494,
      3.7158355712890625,
      3.769296646118164,
      3.7641782760620117,
      3.8026506900787354,
      3.7204477787017822,
      3.8010120391845703,
      3.7824363708496094,
      3.812220335006714,
      3.8821983337402344,
      3.826444625854492,
      3.707289934158325,
      3.7140121459960938,
      3.741866111755371,
      3.737919807434082
    ],
    "layer_top_sv_ratios": [
      0.3561042845249176,
      0.6084405779838562,
      0.3820973038673401,
      0.1765105128288269,
      0.17433762550354004,
      0.1135714054107666,
      0.10590297728776932,
      0.08824440836906433,
      0.6847403645515442,
      0.09815303236246109,
      0.15591466426849365,
      0.10649286955595016,
      0.11197029799222946,
      0.11403954774141312,
      0.12859883904457092,
      0.1144300252199173,
      0.1023891270160675,
      0.12535183131694794,
      0.09603510797023773,
      0.10197422653436661,
      0.14273381233215332,
      0.1370474249124527,
      0.11984366178512573,
      0.16039925813674927
    ],
    "layer_rank_10s": [
      4,
      1,
      2,
      12,
      16,
      34,
      33,
      43,
      1,
      38,
      21,
      29,
      31,
      31,
      25,
      31,
      31,
      29,
      40,
      35,
      20,
      22,
      24,
      15
    ],
    "response_length": 107
  },
  "delta_features": {
    "eff_rank": 0.47115554380177826,
    "spectral_entropy": 0.013480812311172485,
    "key_norm": 1227.0831298828125,
    "norm_per_token": -5.274110976944868,
    "top_sv_ratio": -0.002247133292257786,
    "rank_10": 0.625,
    "layer_variance": 211281.81783193094,
    "layer_norm_entropy": -0.0008744663228501537
  },
  "n_tokens": 271,
  "response_length": 107,
  "model": "Qwen/Qwen2.5-0.5B-Instruct",
  "temperature": 0.0,
  "rep": 0,
  "elapsed_seconds": 0.5776617527008057,
  "timestamp": "2026-03-20T02:33:22.572730",
  "vcp_warnings": [
    "No ---VCP RATINGS--- block found in response"
  ],
  "vcp_ratings_original": {},
  "vcp_parse_quality_original": "failed"
}