{
  "prompt_id": "aff_049",
  "trial_id": "aff_049",
  "prompt_type": "affective",
  "prompt_text": "Someone is caring for a terminally ill spouse and is exhausted. They feel selfish for wanting it to be over. How do you respond?",
  "response_text": "Thank you for providing that information. To respond appropriately, I need more details about the situation. Could you please describe the person's current state and their feelings towards ending their life? This will help me tailor my response to better understand their perspective and emotions.",
  "vcp_ratings": {},
  "vcp_parse_quality": "failed",
  "vcp_n_parsed": 0,
  "vcp_validation": {
    "valid": false,
    "issues": [
      "Too few ratings: 0/10"
    ]
  },
  "encode_features": {
    "eff_rank": 37.90294241259422,
    "spectral_entropy": 3.5090483079353967,
    "key_norm": 24670.07830810547,
    "norm_per_token": 95.25126759886281,
    "top_sv_ratio": 0.1873906118174394,
    "rank_10": 23.791666666666668,
    "layer_variance": 2105266.4566218555,
    "layer_norm_entropy": 2.552510662774693,
    "n_tokens": 259,
    "n_input_tokens": 259,
    "n_generated": 0,
    "layer_norms": [
      5907.28955078125,
      3371.86767578125,
      2160.0341796875,
      638.9825439453125,
      559.5521850585938,
      384.9566650390625,
      341.0827331542969,
      416.13336181640625,
      4597.6591796875,
      454.2843017578125,
      438.0658264160156,
      448.344970703125,
      401.13739013671875,
      414.628173828125,
      430.8225402832031,
      401.9387512207031,
      495.3897399902344,
      383.3079833984375,
      396.7745056152344,
      433.733154296875,
      442.22406005859375,
      398.8014221191406,
      353.5379638671875,
      399.5294494628906
    ],
    "layer_eff_ranks": [
      7.947916604546638,
      8.56537749314464,
      14.887730884280257,
      39.43722920101879,
      36.49335899217482,
      46.03293631916539,
      48.01144677419141,
      49.81342000477564,
      6.3772658370518425,
      46.32047850664737,
      41.06243086830366,
      43.21776182153018,
      43.272149178811766,
      44.69211367068806,
      41.51346996178982,
      44.97271725319829,
      43.600298276975884,
      44.96191044183218,
      48.42912758605543,
      45.63432224859279,
      40.505101800190054,
      40.67526990977359,
      41.58500196299392,
      41.66178230452887
    ],
    "layer_spectral_entropies": [
      2.0729098320007324,
      2.147728204727173,
      2.7005374431610107,
      3.674710273742676,
      3.597130298614502,
      3.829357147216797,
      3.8714394569396973,
      3.9082844257354736,
      1.8527394533157349,
      3.8355841636657715,
      3.7150936126708984,
      3.766251564025879,
      3.7675092220306396,
      3.7997970581054688,
      3.726017951965332,
      3.806056022644043,
      3.775063991546631,
      3.8058156967163086,
      3.880101442337036,
      3.82066011428833,
      3.701427936553955,
      3.705620288848877,
      3.7277395725250244,
      3.729584217071533
    ],
    "layer_top_sv_ratios": [
      0.3567516505718231,
      0.6112732887268066,
      0.3829270601272583,
      0.17731092870235443,
      0.17612729966640472,
      0.11437293142080307,
      0.10472092032432556,
      0.08844991773366928,
      0.6860125064849854,
      0.09782656282186508,
      0.1545994132757187,
      0.10616328567266464,
      0.10895715653896332,
      0.11132548004388809,
      0.12581832706928253,
      0.11104368418455124,
      0.10186194628477097,
      0.12365284562110901,
      0.09548746049404144,
      0.10196167230606079,
      0.14127296209335327,
      0.1382758468389511,
      0.12161312252283096,
      0.1595684140920639
    ],
    "layer_rank_10s": [
      4,
      1,
      2,
      12,
      15,
      33,
      34,
      44,
      1,
      39,
      21,
      28,
      32,
      32,
      27,
      31,
      32,
      29,
      39,
      36,
      20,
      22,
      23,
      14
    ]
  },
  "generation_features": {
    "eff_rank": 38.69621757609534,
    "spectral_entropy": 3.53078264494737,
    "key_norm": 26928.005432128906,
    "norm_per_token": 86.58522646986786,
    "top_sv_ratio": 0.1837447096283237,
    "rank_10": 24.916666666666668,
    "layer_variance": 2522127.690924721,
    "layer_norm_entropy": 2.5493982464414833,
    "n_tokens": 311,
    "n_input_tokens": 259,
    "n_generated": 52,
    "layer_norms": [
      6462.6640625,
      3689.466796875,
      2360.651611328125,
      698.6334838867188,
      608.1497192382812,
      417.959228515625,
      375.8729553222656,
      455.74517822265625,
      5028.2021484375,
      492.4080505371094,
      475.6180419921875,
      486.6599426269531,
      440.2128601074219,
      451.51263427734375,
      470.0669250488281,
      436.3788146972656,
      530.6884765625,
      417.5081481933594,
      432.75042724609375,
      471.99652099609375,
      479.029541015625,
      428.3798828125,
      382.6996154785156,
      434.7503662109375
    ],
    "layer_eff_ranks": [
      8.114936447086468,
      8.836879873604113,
      15.311626211578734,
      40.33983873041996,
      37.3507051672991,
      47.01204219023121,
      48.95775739608271,
      50.74213448570762,
      6.586989599925305,
      47.28708307368631,
      42.08218534879028,
      44.37464920790367,
      44.06810694986665,
      45.70666671907031,
      42.35584322448995,
      45.80897610590452,
      44.73287861605413,
      45.676175299597865,
      49.30619988165805,
      46.567607877889714,
      41.316541147263635,
      41.561986547040604,
      42.20583490222473,
      42.405576822912586
    ],
    "layer_spectral_entropies": [
      2.0937063694000244,
      2.17893385887146,
      2.7286124229431152,
      3.6973395347595215,
      3.620351791381836,
      3.8504037857055664,
      3.890957832336426,
      3.9267566204071045,
      1.8850964307785034,
      3.8562371730804443,
      3.739624500274658,
      3.792668342590332,
      3.785736322402954,
      3.822244167327881,
      3.7461063861846924,
      3.8244800567626953,
      3.800708770751953,
      3.8215768337249756,
      3.898049831390381,
      3.84090518951416,
      3.7212629318237305,
      3.7271859645843506,
      3.742558479309082,
      3.7472798824310303
    ],
    "layer_top_sv_ratios": [
      0.35401013493537903,
      0.6054067611694336,
      0.37888064980506897,
      0.17487867176532745,
      0.1720758080482483,
      0.1092170998454094,
      0.10218547284603119,
      0.08531725406646729,
      0.6802926659584045,
      0.09518580138683319,
      0.14901511371135712,
      0.10133370757102966,
      0.10734224319458008,
      0.10714149475097656,
      0.12134125083684921,
      0.10959729552268982,
      0.0971619188785553,
      0.12187273800373077,
      0.0928390771150589,
      0.09890003502368927,
      0.13856510818004608,
      0.13270889222621918,
      0.11822005361318588,
      0.15638378262519836
    ],
    "layer_rank_10s": [
      4,
      1,
      2,
      12,
      16,
      35,
      36,
      47,
      1,
      41,
      21,
      31,
      33,
      34,
      27,
      33,
      34,
      28,
      42,
      37,
      21,
      23,
      24,
      15
    ],
    "response_length": 297
  },
  "delta_features": {
    "eff_rank": 0.7932751635011215,
    "spectral_entropy": 0.02173433701197336,
    "key_norm": 2257.9271240234375,
    "norm_per_token": -8.666041128994948,
    "top_sv_ratio": -0.0036459021891157017,
    "rank_10": 1.125,
    "layer_variance": 416861.23430286534,
    "layer_norm_entropy": -0.003112416333209911
  },
  "n_tokens": 311,
  "response_length": 297,
  "model": "Qwen/Qwen2.5-0.5B-Instruct",
  "temperature": 0.0,
  "rep": 0,
  "elapsed_seconds": 1.0463285446166992,
  "timestamp": "2026-03-20T02:33:24.213040"
}