{
  "prompt_id": "aff_016",
  "trial_id": "aff_016",
  "prompt_type": "affective",
  "prompt_text": "Describe the feeling of being understood by someone after years of feeling misunderstood.",
  "response_text": "As an AI language model, I don't have personal feelings or emotions like humans do. However, I can describe how it feels to be understood by someone after years of feeling misunderstood.\n\nBeing understood is a profound and rewarding experience that brings a sense of belonging and validation. It's like receiving a warm hug from a loved one who truly understands you. The feeling of understanding someone else's perspective can be incredibly comforting and empowering.\n\nWhen you feel understood, you realize that you're not alone in your struggles and that there are people out there who care about you. This can help you feel less isolated and more connected to others. It also gives you a sense of control over your life, knowing that you have choices and options to make.\n\nOverall, being understood is a positive and transformative experience that can lead to a greater sense of self-worth and confidence. It's a reminder that we all have value and that our experiences matter.",
  "vcp_ratings": {},
  "vcp_parse_quality": "failed",
  "vcp_n_parsed": 0,
  "vcp_validation": {
    "valid": false,
    "issues": [
      "Too few ratings: 0/10"
    ]
  },
  "encode_features": {
    "eff_rank": 37.62959806856952,
    "spectral_entropy": 3.5015386243661246,
    "key_norm": 24006.86557006836,
    "norm_per_token": 97.98720640844229,
    "top_sv_ratio": 0.18930311252673468,
    "rank_10": 23.333333333333332,
    "layer_variance": 1991455.6571883222,
    "layer_norm_entropy": 2.553105817516041,
    "n_tokens": 245,
    "n_input_tokens": 245,
    "n_generated": 0,
    "layer_norms": [
      5745.77294921875,
      3279.468505859375,
      2100.95654296875,
      621.8380126953125,
      544.5316772460938,
      375.830322265625,
      330.18084716796875,
      404.20220947265625,
      4472.84814453125,
      443.936767578125,
      424.62835693359375,
      435.39935302734375,
      389.6968688964844,
      403.9181823730469,
      421.1019287109375,
      391.76605224609375,
      485.7968444824219,
      372.84259033203125,
      387.3802185058594,
      423.7478332519531,
      430.928466796875,
      388.8379821777344,
      344.0028991699219,
      387.25201416015625
    ],
    "layer_eff_ranks": [
      7.893887110386588,
      8.45976687529256,
      14.764159199393818,
      39.133638324552585,
      36.19397607758196,
      45.58684457668381,
      47.52411600267655,
      49.37905555400315,
      6.309368119495391,
      45.866547826574816,
      40.661307561025446,
      42.81780217153984,
      42.88041616980405,
      44.39008773475979,
      41.10449085382908,
      44.64044341518862,
      43.21885405057247,
      44.7214257120296,
      48.18307738505544,
      45.314842780387735,
      40.319973316716045,
      40.552410905245765,
      41.661146601030765,
      41.532715321842566
    ],
    "layer_spectral_entropies": [
      2.0660886764526367,
      2.135321617126465,
      2.692202568054199,
      3.666982412338257,
      3.588892698287964,
      3.8196191787719727,
      3.8612372875213623,
      3.899526357650757,
      1.8420355319976807,
      3.8257360458374023,
      3.7052769660949707,
      3.7569539546966553,
      3.7584152221679688,
      3.793016195297241,
      3.7161173820495605,
      3.798640251159668,
      3.7662768363952637,
      3.800452709197998,
      3.8750078678131104,
      3.8136346340179443,
      3.6968469619750977,
      3.7025952339172363,
      3.7295689582824707,
      3.7264814376831055
    ],
    "layer_top_sv_ratios": [
      0.3576661944389343,
      0.6135152578353882,
      0.3840874135494232,
      0.17809522151947021,
      0.17717790603637695,
      0.1167307123541832,
      0.10630638152360916,
      0.08981887251138687,
      0.6878976821899414,
      0.0992106944322586,
      0.15686100721359253,
      0.10827501863241196,
      0.11250091344118118,
      0.11493803560733795,
      0.12917286157608032,
      0.11294429004192352,
      0.1047496348619461,
      0.12587065994739532,
      0.09689337015151978,
      0.1039033755660057,
      0.1433185636997223,
      0.1398240178823471,
      0.12235699594020844,
      0.16115961968898773
    ],
    "layer_rank_10s": [
      4,
      1,
      2,
      12,
      16,
      32,
      32,
      42,
      1,
      38,
      22,
      27,
      31,
      30,
      27,
      30,
      31,
      28,
      39,
      35,
      20,
      22,
      23,
      15
    ]
  },
  "generation_features": {
    "eff_rank": 39.848161316110115,
    "spectral_entropy": 3.5621420393387475,
    "key_norm": 31607.57064819336,
    "norm_per_token": 73.16567279674389,
    "top_sv_ratio": 0.17670166306197643,
    "rank_10": 27.666666666666668,
    "layer_variance": 3509352.255878454,
    "layer_norm_entropy": 2.543760391714932,
    "n_tokens": 432,
    "n_input_tokens": 245,
    "n_generated": 187,
    "layer_norms": [
      7619.2890625,
      4350.64697265625,
      2774.0234375,
      825.3951416015625,
      714.2578735351562,
      492.6897888183594,
      446.86688232421875,
      535.0978393554688,
      5919.26806640625,
      571.498046875,
      550.139404296875,
      560.7130737304688,
      513.7888793945312,
      525.254150390625,
      554.8863525390625,
      511.26043701171875,
      608.1915893554688,
      488.3041687011719,
      506.13970947265625,
      548.97265625,
      555.0825805664062,
      488.8394775390625,
      441.377685546875,
      505.5873718261719
    ],
    "layer_eff_ranks": [
      8.453427911555073,
      9.2691172322494,
      16.01000538519142,
      41.40843136037096,
      38.58957780476032,
      48.055835158804626,
      49.96899446257947,
      51.85254792180778,
      6.8596681125878884,
      48.82184575990288,
      43.62161348392683,
      46.173213941122526,
      45.102816837317974,
      47.30279052988389,
      43.580531238761985,
      47.03103329909139,
      46.46323860363975,
      46.567541262439946,
      50.212095853382124,
      47.77822519624576,
      42.70875052531983,
      43.156661607628614,
      43.50198827144803,
      43.865919826624136
    ],
    "layer_spectral_entropies": [
      2.1345720291137695,
      2.2266881465911865,
      2.7732138633728027,
      3.723484516143799,
      3.652982234954834,
      3.872363567352295,
      3.911402702331543,
      3.94840407371521,
      1.9256590604782104,
      3.8881778717041016,
      3.775552749633789,
      3.832399845123291,
      3.8089447021484375,
      3.856569290161133,
      3.7746105194091797,
      3.8508076667785645,
      3.8386614322662354,
      3.8409037590026855,
      3.9162559509277344,
      3.866569995880127,
      3.754403829574585,
      3.7648367881774902,
      3.7728066444396973,
      3.781137704849243
    ],
    "layer_top_sv_ratios": [
      0.34860706329345703,
      0.596265435218811,
      0.3722153306007385,
      0.1709829419851303,
      0.1683809459209442,
      0.1010046973824501,
      0.09789435565471649,
      0.080590158700943,
      0.6730011105537415,
      0.09166575223207474,
      0.13592742383480072,
      0.0905478298664093,
      0.10124882310628891,
      0.10036585479974747,
      0.11209370940923691,
      0.10262010991573334,
      0.09004591405391693,
      0.1162181943655014,
      0.0878254845738411,
      0.09329552948474884,
      0.1286739856004715,
      0.12205043435096741,
      0.11166654527187347,
      0.1476522833108902
    ],
    "layer_rank_10s": [
      4,
      1,
      2,
      13,
      17,
      38,
      38,
      51,
      1,
      42,
      26,
      36,
      35,
      39,
      33,
      37,
      39,
      31,
      45,
      40,
      24,
      27,
      27,
      18
    ],
    "response_length": 980
  },
  "delta_features": {
    "eff_rank": 2.218563247540594,