{
  "prompt_id": "aff_034",
  "trial_id": "aff_034",
  "prompt_type": "affective",
  "prompt_text": "Write about the experience of witnessing an act of genuine compassion between strangers.",
  "response_text": "As an AI language model, I don't have personal experiences or emotions like humans do. However, I can tell you that witnessing genuine compassion between strangers is a rare and beautiful moment that can bring joy and understanding to people's lives.\n\nWhen someone acts with kindness towards another person, it often triggers a chain reaction of positive emotions within both individuals involved. The recipient may feel grateful for the gesture, while the giver might feel inspired to continue making a positive impact in their community.\n\nWitnessing such moments can be incredibly rewarding because they remind us of the importance of empathy, compassion, and kindness in our daily lives. It can also inspire us to be more compassionate towards others and to help those in need.\n\nIn terms of cognitive engagement ratings, I would rate myself as having high analytical precision, verbal fluency, goal directedness, pattern recognition, epistemic confidence, query interpretation, contextual awareness, affective modeling, flexibility, depth of processing, and quality of information.",
  "vcp_ratings": {},
  "vcp_parse_quality": "failed",
  "vcp_n_parsed": 0,
  "vcp_validation": {
    "valid": false,
    "issues": [
      "Too few ratings: 0/10"
    ]
  },
  "encode_features": {
    "eff_rank": 37.46462849483303,
    "spectral_entropy": 3.497457653284073,
    "key_norm": 24040.056610107422,
    "norm_per_token": 98.12268004125478,
    "top_sv_ratio": 0.19008581712841988,
    "rank_10": 22.958333333333332,
    "layer_variance": 1989759.1660710413,
    "layer_norm_entropy": 2.5551958624118045,
    "n_tokens": 245,
    "n_input_tokens": 245,
    "n_generated": 0,
    "layer_norms": [
      5745.73095703125,
      3279.49169921875,
      2102.369140625,
      621.7409057617188,
      544.5410766601562,
      377.1253967285156,
      332.37384033203125,
      404.5906982421875,
      4472.15380859375,
      444.859619140625,
      432.5546875,
      439.85577392578125,
      392.05419921875,
      406.3916931152344,
      423.607421875,
      393.000244140625,
      485.28802490234375,
      374.58856201171875,
      388.5787353515625,
      424.2998352050781,
      432.684326171875,
      389.1131896972656,
      344.9908752441406,
      388.0718994140625
    ],
    "layer_eff_ranks": [
      7.892993187564886,
      8.444324978395851,
      14.72488553051585,
      39.072526718489286,
      36.093609846111356,
      45.43268262206246,
      47.497417204988466,
      49.26622383710972,
      6.297105204137477,
      45.622323108896516,
      39.968695023253844,
      42.38289542843169,
      42.6306708396062,
      44.114244796157344,
      40.846503508382916,
      44.422389501167125,
      43.050965287293494,
      44.56872394813502,
      48.02800173076617,
      45.2333574875595,
      40.05587805576922,
      40.39318525547195,
      41.52550716694726,
      41.58597360877898
    ],
    "layer_spectral_entropies": [
      2.0659754276275635,
      2.1334946155548096,
      2.6895389556884766,
      3.665419578552246,
      3.586115837097168,
      3.8162317276000977,
      3.86067533493042,
      3.8972387313842773,
      1.840090036392212,
      3.820397138595581,
      3.688096523284912,
      3.7467448711395264,
      3.7525739669799805,
      3.786782741546631,
      3.7098212242126465,
      3.79374361038208,
      3.7623846530914307,
      3.797032356262207,
      3.871784210205078,
      3.8118348121643066,
      3.6902754306793213,
      3.6986610889434814,
      3.7263078689575195,
      3.7277629375457764
    ],
    "layer_top_sv_ratios": [
      0.3576827049255371,
      0.6139547824859619,
      0.38453784584999084,
      0.1785721480846405,
      0.1774911731481552,
      0.11725492775440216,
      0.10709492862224579,
      0.09018480032682419,
      0.688231348991394,
      0.10026904940605164,
      0.1612962931394577,
      0.11090955883264542,
      0.11376035213470459,
      0.11627443879842758,
      0.12993456423282623,
      0.11394362151622772,
      0.1050725057721138,
      0.1274629384279251,
      0.09771442413330078,
      0.10381991416215897,
      0.1442529410123825,
      0.13962198793888092,
      0.12229374796152115,
      0.16042861342430115
    ],
    "layer_rank_10s": [
      4,
      1,
      2,
      12,
      16,
      32,
      32,
      42,
      1,
      38,
      19,
      27,
      30,
      29,
      25,
      31,
      30,
      27,
      39,
      35,
      19,
      23,
      23,
      14
    ]
  },
  "generation_features": {
    "eff_rank": 39.88295624656427,
    "spectral_entropy": 3.562860647837321,
    "key_norm": 32007.827423095703,
    "norm_per_token": 72.7450623252175,
    "top_sv_ratio": 0.17754879066099724,
    "rank_10": 27.25,
    "layer_variance": 3570144.240861379,
    "layer_norm_entropy": 2.548466637186105,
    "n_tokens": 440,
    "n_input_tokens": 245,
    "n_generated": 195,
    "layer_norms": [
      7690.689453125,
      4389.7822265625,
      2805.81591796875,
      831.3652954101562,
      719.0299072265625,
      493.7101745605469,
      449.59912109375,
      538.800048828125,
      5977.2392578125,
      578.9324951171875,
      561.73046875,
      571.42919921875,
      527.4984741210938,
      539.1362915039062,
      567.7127075195312,
      521.6325073242188,
      621.7589111328125,
      498.572021484375,
      515.9414672851562,
      558.759521484375,
      567.5091552734375,
      504.6213684082031,
      455.9902038574219,
      520.5712280273438
    ],
    "layer_eff_ranks": [
      8.486845527593966,
      9.191011135704354,
      16.074345288015373,
      41.456311218695824,
      38.6769245886454,
      48.331635642926315,
      50.540345125421624,
      52.081748933558366,
      6.8730601494950925,
      48.78214610986624,
      43.4616611311254,
      46.02422290876301,
      45.127158233248174,
      47.17993141546349,
      43.49581755821624,
      46.98460047745203,
      46.64731484210933,
      46.45658138330992,
      50.22708640428794,
      47.84049595675947,
      42.866371398005846,
      43.00713916138291,
      43.41888685508443,
      43.95930847241161
    ],
    "layer_spectral_entropies": [
      2.138517379760742,
      2.2182259559631348,
      2.777224540710449,
      3.724640130996704,
      3.655243158340454,
      3.8780863285064697,
      3.92277193069458,
      3.9528145790100098,
      1.9276094436645508,
      3.887364387512207,
      3.771879196166992,
      3.8291678428649902,
      3.8094842433929443,
      3.853968620300293,
      3.772664785385132,
      3.8498198986053467,
      3.8426153659820557,
      3.8385181427001953,
      3.9165544509887695,
      3.867872476577759,
      3.758087635040283,
      3.761366128921509,
      3.7708945274353027,
      3.783264398574829
    ],
    "layer_top_sv_ratios": [
      0.3482488691806793,
      0.598637044429779,
      0.37154778838157654,
      0.17145170271396637,
      0.16781985759735107,
      0.10082902759313583,
      0.09607918560504913,
      0.08051083236932755,
      0.6727160811424255,
      0.09176575392484665,
      0.13828302919864655,
      0.09329239279031754,
      0.1031065583229065,
      0.10287012159824371,
      0.11445978283882141,
      0.10363798588514328,
      0.09113139659166336,
      0.11753131449222565,
      0.08990226686000824,
      0.09410734474658966,
      0.13004042208194733,
      0.12378407269716263,
      0.11157017946243286,
      0.1478479653596878
    ],
    "layer_rank_10s": [
      4,
      1,
      2,
      12,
      17,
      39,
      38,
      50,
      1,
      44,
      25,
      36,
      35,
      38,
      31,
      37,
      38,
      31,
      44,
      39,
      22,
      27,
      26,
      17
    ],