{
  "prompt_id": "aff_045",
  "trial_id": "aff_045",
  "prompt_type": "affective",
  "prompt_text": "Someone feels trapped between loyalty to their family's expectations and their own desires. What guidance would you offer?",
  "response_text": "Thank you for providing that information. To offer guidance on how to navigate feelings of being trapped between loyalty to one's family's expectations and personal desires, I'll need more context about the situation. Could you please share any specific details or examples from your experience? This will help me tailor my advice more effectively.\n\nOnce I have more information, I can provide personalized guidance based on what I've learned from previous interactions. Please go ahead and share as much detail as possible.",
  "vcp_ratings": {},
  "vcp_parse_quality": "failed",
  "vcp_n_parsed": 0,
  "vcp_validation": {
    "valid": false,
    "issues": [
      "Too few ratings: 0/10"
    ]
  },
  "encode_features": {
    "eff_rank": 37.78621747661629,
    "spectral_entropy": 3.5058921376864114,
    "key_norm": 24358.981536865234,
    "norm_per_token": 96.66262514629061,
    "top_sv_ratio": 0.18834642879664898,
    "rank_10": 23.5,
    "layer_variance": 2047324.4015377853,
    "layer_norm_entropy": 2.5539729962141435,
    "n_tokens": 252,
    "n_input_tokens": 252,
    "n_generated": 0,
    "layer_norms": [
      5827.134765625,
      3325.779296875,
      2131.13037109375,
      630.491455078125,
      551.810546875,
      380.6044616699219,
      336.4403991699219,
      410.5321350097656,
      4535.24267578125,
      449.76470947265625,
      434.97186279296875,
      442.840576171875,
      396.4224853515625,
      409.4983825683594,
      427.4845275878906,
      397.2070007324219,
      491.93634033203125,
      379.1029357910156,
      392.6931457519531,
      429.821044921875,
      437.48712158203125,
      395.56561279296875,
      349.6673889160156,
      395.352294921875
    ],
    "layer_eff_ranks": [
      7.915994448077182,
      8.564303392157461,
      14.79835730857092,
      39.26822390862171,
      36.37131874843433,
      45.96186157511672,
      47.748594442641725,
      49.5943788027794,
      6.347087183948462,
      46.192648124259904,
      40.76017483579623,
      43.13084306535489,
      43.205955145258294,
      44.67408831872078,
      41.3861254314466,
      44.96613422360528,
      43.418410671707385,
      44.84319607990773,
      48.268898221592394,
      45.37485493479246,
      40.34154111110456,
      40.543874564078685,
      41.59220061250991,
      41.600154288307756
    ],
    "layer_spectral_entropies": [
      2.068885326385498,
      2.1476027965545654,
      2.694516181945801,
      3.6704156398773193,
      3.593780517578125,
      3.8278119564056396,
      3.8659496307373047,
      3.9038774967193604,
      1.8479959964752197,
      3.8328206539154053,
      3.707705497741699,
      3.7642383575439453,
      3.7659783363342285,
      3.799393653869629,
      3.7229456901550293,
      3.8059096336364746,
      3.770883560180664,
      3.8031718730926514,
      3.8767874240875244,
      3.814958095550537,
      3.6973817348480225,
      3.7023847103118896,
      3.727912664413452,
      3.7281038761138916
    ],
    "layer_top_sv_ratios": [
      0.3572961688041687,
      0.6112992167472839,
      0.3839128613471985,
      0.17778222262859344,
      0.17638908326625824,
      0.11513150483369827,
      0.10594606399536133,
      0.08912801742553711,
      0.6868469715118408,
      0.09836968034505844,
      0.15674173831939697,
      0.10703689604997635,
      0.11005868762731552,
      0.11289352923631668,
      0.12703168392181396,
      0.11101832240819931,
      0.1032382920384407,
      0.12469077855348587,
      0.09654596447944641,
      0.10365507751703262,
      0.14235028624534607,
      0.13974125683307648,
      0.12262318283319473,
      0.16058680415153503
    ],
    "layer_rank_10s": [
      4,
      1,
      2,
      12,
      16,
      32,
      32,
      43,
      1,
      39,
      20,
      28,
      32,
      32,
      26,
      32,
      31,
      27,
      39,
      36,
      20,
      22,
      23,
      14
    ]
  },
  "generation_features": {
    "eff_rank": 39.07822766788976,
    "spectral_entropy": 3.5420891443888345,
    "key_norm": 28461.512725830078,
    "norm_per_token": 82.02165050671492,
    "top_sv_ratio": 0.18213738407939672,
    "rank_10": 25.416666666666668,
    "layer_variance": 2812934.94321766,
    "layer_norm_entropy": 2.5504521614215503,
    "n_tokens": 347,
    "n_input_tokens": 252,
    "n_generated": 95,
    "layer_norms": [
      6827.224609375,
      3897.429443359375,
      2491.59033203125,
      738.908203125,
      639.1116333007812,
      440.7418518066406,
      397.72882080078125,
      481.7607116699219,
      5310.7294921875,
      519.1559448242188,
      507.9302978515625,
      512.513671875,
      466.80267333984375,
      477.26483154296875,
      499.6734313964844,
      462.1347961425781,
      558.967041015625,
      442.4670104980469,
      460.6839599609375,
      501.9977111816406,
      506.6253967285156,
      453.88970947265625,
      404.3742980957031,
      461.8068542480469
    ],
    "layer_eff_ranks": [
      8.22295815722751,
      9.056097448084225,
      15.707262906690158,
      40.83164516078887,
      37.92920686858247,
      47.468198263563394,
      49.50711015109426,
      51.15358474519807,
      6.725234947732136,
      47.69439113091356,
      42.237705295449906,
      44.935097613352845,
      44.47128383111949,
      46.295923911397274,
      42.7540156079681,
      46.25873040766998,
      45.259873490617274,
      45.869752021578876,
      49.56937687888182,
      46.8247739267615,
      41.648514006030496,
      41.928097714019586,
      42.658834263209734,
      42.86979528142278
    ],
    "layer_spectral_entropies": [
      2.1069300174713135,
      2.2034382820129395,
      2.7541232109069824,
      3.7094573974609375,
      3.635721445083618,
      3.860059976577759,
      3.902116298675537,
      3.9348325729370117,
      1.9058668613433838,
      3.864813804626465,
      3.7433133125305176,
      3.8052191734313965,
      3.7948436737060547,
      3.8350539207458496,
      3.755463123321533,
      3.8342502117156982,
      3.8124208450317383,
      3.825805902481079,
      3.9033732414245605,
      3.846412420272827,
      3.7292656898498535,
      3.7359561920166016,
      3.753234386444092,
      3.7581675052642822
    ],
    "layer_top_sv_ratios": [
      0.3522443473339081,
      0.6007388830184937,
      0.37511441111564636,
      0.1731686294078827,
      0.16986866295337677,
      0.10658177733421326,
      0.10074559599161148,
      0.08394039422273636,
      0.6764021515846252,
      0.09491987526416779,
      0.14823375642299652,
      0.09852931648492813,
      0.10705099999904633,
      0.10622208565473557,
      0.11998999118804932,
      0.1086663156747818,
      0.09608521312475204,
      0.12174753844738007,
      0.09212943911552429,
      0.09881974011659622,
      0.13874341547489166,
      0.12995359301567078,
      0.11639360338449478,
      0.1550074815750122
    ],
    "layer_rank_10s": [
      4,
      1,
      2,
      11,
      17,
      37,
      37,
      48,
      1,
      41,
      21,
      33,
      33,
      35,
      29,
      34,
      34,
      28,
      43,
      37,
      21,
      23,
      25,
      15
    ],
    "response_length": 524
  },
  "delta_features": {
    "eff_rank": 1.2920101912734765,
    "spectral_entropy": 0.036197006702423096,
    "key_norm": 4102.531188964844,
    "norm_per_token": -14.640974639575688,
    "top_sv_ratio": -0.0062090447172522545,
    "rank_10": 1.9166666666666679,
    "layer_variance": 765610.5416798745,
    "layer_norm_entropy": -0.0035208347925932415
  },
  "n_tokens": 347,
  "response_length": 524,
  "model": "Qwen/Qwen2.5-0.5B-Instruct",
  "temperature": 0.0,
  "rep": 0,