{
  "prompt_id": "aff_048",
  "trial_id": "aff_048",
  "prompt_type": "affective",
  "prompt_text": "Describe the feeling of unexpected laughter during grief.",
  "response_text": "Thank you for providing that information. I'm ready to assist you with any questions or tasks you have. Please go ahead and ask!",
  "vcp_ratings": {},
  "vcp_parse_quality": "failed",
  "vcp_n_parsed": 0,
  "vcp_validation": {
    "valid": false,
    "issues": [
      "Too few ratings: 0/10"
    ]
  },
  "encode_features": {
    "eff_rank": 37.46319394898982,
    "spectral_entropy": 3.4969798823197684,
    "key_norm": 23788.821746826172,
    "norm_per_token": 99.12009061177572,
    "top_sv_ratio": 0.1902124642704924,
    "rank_10": 23.166666666666668,
    "layer_variance": 1949642.7523627777,
    "layer_norm_entropy": 2.554783692055559,
    "n_tokens": 240,
    "n_input_tokens": 240,
    "n_generated": 0,
    "layer_norms": [
      5686.78857421875,
      3245.916015625,
      2080.680908203125,
      615.3256225585938,
      540.033203125,
      372.6485290527344,
      327.21923828125,
      400.0677795410156,
      4426.9736328125,
      440.392578125,
      426.8099670410156,
      434.4358215332031,
      387.7640686035156,
      400.7257385253906,
      418.628662109375,
      388.112548828125,
      481.20233154296875,
      370.0921325683594,
      384.75897216796875,
      421.6214599609375,
      428.7027587890625,
      386.3431396484375,
      339.64093017578125,
      383.9371337890625
    ],
    "layer_eff_ranks": [
      7.87568236855165,
      8.42701240148306,
      14.654793519862311,
      38.996771136028244,
      35.98459825218447,
      45.32817675490409,
      47.39888518432671,
      49.21656337442077,
      6.262184973125951,
      45.61478582543452,
      40.128323436188744,
      42.43420867978798,
      42.61510252084149,
      44.196653881691915,
      40.86126984184973,
      44.43020643761637,
      43.03923496227696,
      44.67647423614683,
      47.97201722898564,
      45.12794365824812,
      40.17859298783123,
      40.49421963300499,
      41.66127572751876,
      41.54167775344522
    ],
    "layer_spectral_entropies": [
      2.063779830932617,
      2.1314423084259033,
      2.684767484664917,
      3.6634788513183594,
      3.5830910205841064,
      3.8139288425445557,
      3.8585987091064453,
      3.8962302207946777,
      1.834529161453247,
      3.8202319145202637,
      3.692082405090332,
      3.747954845428467,
      3.752208709716797,
      3.788649082183838,
      3.7101826667785645,
      3.793919563293457,
      3.7621121406555176,
      3.7994470596313477,
      3.8706178665161133,
      3.8095016479492188,
      3.6933343410491943,
      3.7011592388153076,
      3.729572057723999,
      3.7266972064971924
    ],
    "layer_top_sv_ratios": [
      0.357977032661438,
      0.6142843961715698,
      0.3851962685585022,
      0.17873379588127136,
      0.17785225808620453,
      0.11777670681476593,
      0.10689559578895569,
      0.09045043587684631,
      0.6892016530036926,
      0.10002747178077698,
      0.16034939885139465,
      0.11055392026901245,
      0.11294513195753098,
      0.11627383530139923,
      0.13039615750312805,
      0.1135205551981926,
      0.10588338971138,
      0.1267174482345581,
      0.09773845225572586,
      0.10438576340675354,
      0.1446346789598465,
      0.1403183788061142,
      0.12154920399188995,
      0.16143721342086792
    ],
    "layer_rank_10s": [
      4,
      1,
      2,
      12,
      15,
      32,
      32,
      41,
      1,
      38,
      20,
      27,
      31,
      31,
      27,
      31,
      30,
      27,
      39,
      34,
      19,
      23,
      24,
      15
    ]
  },
  "generation_features": {
    "eff_rank": 37.97680430986559,
    "spectral_entropy": 3.5116045773029327,
    "key_norm": 25084.439727783203,
    "norm_per_token": 93.5986557006836,
    "top_sv_ratio": 0.18784106150269508,
    "rank_10": 23.666666666666668,
    "layer_variance": 2168621.3341156747,
    "layer_norm_entropy": 2.554660894289041,
    "n_tokens": 268,
    "n_input_tokens": 240,
    "n_generated": 28,
    "layer_norms": [
      5997.77587890625,
      3423.988525390625,
      2192.64306640625,
      648.5203857421875,
      567.4859619140625,
      392.1890563964844,
      348.6265563964844,
      423.4542541503906,
      4668.634765625,
      462.6721496582031,
      451.5090026855469,
      457.9118347167969,
      411.33544921875,
      422.435546875,
      443.4598083496094,
      409.5076599121094,
      502.87884521484375,
      390.6944885253906,
      405.134521484375,
      444.8249816894531,
      451.2085266113281,
      405.280029296875,
      357.1714782714844,
      405.0969543457031
    ],
    "layer_eff_ranks": [
      7.975771519354343,
      8.651132927426376,
      14.96145515748698,
      39.632702502809316,
      36.596093219770104,
      45.89202353210347,
      47.91285365515884,
      49.82564236570429,
      6.4110200874882155,
      46.29881590752162,
      40.78697612238593,
      43.172530702124654,
      43.09814462519699,
      44.769410996946874,
      41.375795740153755,
      44.887427029369825,
      43.84054451012276,
      45.187471276759474,
      48.52164480672262,
      45.66159585154967,
      40.73750908580685,
      40.99816061323915,
      42.12223676362474,
      42.12634443794737
    ],
    "layer_spectral_entropies": [
      2.0764083862304688,
      2.1576902866363525,
      2.705477237701416,
      3.679654598236084,
      3.5999414920806885,
      3.82629132270813,
      3.8693838119506836,
      3.908529758453369,
      1.858018398284912,
      3.835116386413574,
      3.7083628177642822,
      3.765204429626465,
      3.7634799480438232,
      3.801525115966797,
      3.72269606590271,
      3.8041577339172363,
      3.7805590629577637,
      3.8108198642730713,
      3.882009983062744,
      3.8212575912475586,
      3.7071492671966553,
      3.713527202606201,
      3.7405757904052734,
      3.740673303604126
    ],
    "layer_top_sv_ratios": [
      0.3563288748264313,
      0.6092909574508667,
      0.38222384452819824,
      0.17674271762371063,
      0.17474767565727234,
      0.11437010020017624,
      0.10543105751276016,
      0.08854719996452332,
      0.6850476861000061,
      0.09833354502916336,
      0.15736079216003418,
      0.10699872672557831,
      0.1117931380867958,
      0.1139383316040039,
      0.12766240537166595,
      0.1130831241607666,
      0.10262436419725418,
      0.12577150762081146,
      0.09596430510282516,
      0.10251882672309875,
      0.14317885041236877,
      0.13686659932136536,
      0.11966818571090698,
      0.1596926599740982
    ],
    "layer_rank_10s": [
      4,
      1,
      2,
      12,
      16,
      33,
      33,
      43,
      1,
      38,
      20,
      29,
      31,
      31,
      27,
      32,
      31,
      29,
      39,
      35,
      19,
      23,
      24,
      15
    ],
    "response_length": 128
  },
  "delta_features": {
    "eff_rank": 0.5136103608757736,
    "spectral_entropy": 0.014624694983164321,
    "key_norm": 1295.6179809570312,
    "norm_per_token": -5.521434911092129,
    "top_sv_ratio": -0.0023714027677973204,
    "rank_10": 0.5,
    "layer_variance": 218978.581752897,
    "layer_norm_entropy": -0.00012279776651791252
  },
  "n_tokens": 268,
  "response_length": 128,
  "model": "Qwen/Qwen2.5-0.5B-Instruct",
  "temperature": 0.0,
  "rep": 0,
  "elapsed_seconds": 0.5930778980255127,
  "timestamp": "2026-03-20T02:33:23.166246"
}