{
  "prompt_id": "cog_059",
  "trial_id": "cog_059",
  "prompt_type": "cognitive",
  "prompt_text": "Given an array of integers, find two numbers that sum to a target value. Analyze three different approaches by time/space complexity.",
  "response_text": "I'm ready! Please provide me with the array of integers and the target value.",
  "vcp_ratings": {},
  "vcp_parse_quality": "failed",
  "vcp_n_parsed": 0,
  "vcp_validation": {
    "valid": false,
    "issues": [
      "Too few ratings: 0/10"
    ]
  },
  "encode_features": {
    "eff_rank": 37.933469445909715,
    "spectral_entropy": 3.509458710749944,
    "key_norm": 24574.230743408203,
    "norm_per_token": 95.24895636979923,
    "top_sv_ratio": 0.18785130387792984,
    "rank_10": 23.791666666666668,
    "layer_variance": 2100841.4447918697,
    "layer_norm_entropy": 2.54905219259898,
    "n_tokens": 258,
    "n_input_tokens": 258,
    "n_generated": 0,
    "layer_norms": [
      5896.16259765625,
      3365.65771484375,
      2157.80126953125,
      636.5015258789062,
      557.12451171875,
      383.0326232910156,
      334.9706115722656,
      411.820556640625,
      4590.84130859375,
      450.212890625,
      432.4202575683594,
      444.6520690917969,
      400.35235595703125,
      411.6188049316406,
      429.7947082519531,
      398.1114807128906,
      499.1882019042969,
      380.5321350097656,
      392.2341613769531,
      430.033935546875,
      434.69091796875,
      392.5023498535156,
      347.6283264160156,
      396.3454284667969
    ],
    "layer_eff_ranks": [
      7.943654153214128,
      8.537441675921476,
      14.89177787750958,
      39.53787085247822,
      36.46765749380963,
      46.10326359795789,
      48.349949412840964,
      50.07296469052377,
      6.35436258166034,
      46.50691633344315,
      41.30193524373215,
      43.13791848332798,
      43.26962161597432,
      45.019211854692415,
      41.56532606467393,
      45.26974814484691,
      43.39255968456624,
      44.807276506333785,
      48.1845133740591,
      45.27943063484474,
      40.31255273991236,
      40.65471589577783,
      41.714082250091174,
      41.728515539641165
    ],
    "layer_spectral_entropies": [
      2.072373390197754,
      2.1444613933563232,
      2.7008092403411865,
      3.6772589683532715,
      3.596425771713257,
      3.830883741378784,
      3.878465175628662,
      3.9134812355041504,
      1.8491415977478027,
      3.8396010398864746,
      3.720909357070923,
      3.764402389526367,
      3.7674508094787598,
      3.807089328765869,
      3.727266311645508,
      3.812638998031616,
      3.7702879905700684,
      3.802370548248291,
      3.875037670135498,
      3.8128528594970703,
      3.6966629028320312,
      3.7051148414611816,
      3.7308387756347656,
      3.731184720993042
    ],
    "layer_top_sv_ratios": [
      0.3568510413169861,
      0.6119210124015808,
      0.3829329311847687,
      0.1769200712442398,
      0.17647026479244232,
      0.11503158509731293,
      0.10290161520242691,
      0.08766645938158035,
      0.6870956420898438,
      0.09766402840614319,
      0.15391239523887634,
      0.10702656209468842,
      0.1114487498998642,
      0.11130088567733765,
      0.1277683675289154,
      0.10874731838703156,
      0.10344087332487106,
      0.12611569464206696,
      0.0969662144780159,
      0.10307730734348297,
      0.14240041375160217,
      0.13859593868255615,
      0.12178903073072433,
      0.16038689017295837
    ],
    "layer_rank_10s": [
      4,
      1,
      2,
      11,
      15,
      33,
      34,
      44,
      1,
      39,
      22,
      28,
      32,
      33,
      27,
      33,
      32,
      27,
      39,
      35,
      19,
      22,
      23,
      15
    ]
  },
  "generation_features": {
    "eff_rank": 38.27468544203705,
    "spectral_entropy": 3.518476277589798,
    "key_norm": 25342.447631835938,
    "norm_per_token": 91.82046243418817,
    "top_sv_ratio": 0.1862788482879599,
    "rank_10": 24.5,
    "layer_variance": 2240856.640140344,
    "layer_norm_entropy": 2.547326458170904,
    "n_tokens": 276,
    "n_input_tokens": 258,
    "n_generated": 18,
    "layer_norms": [
      6087.35302734375,
      3474.988037109375,
      2227.773681640625,
      656.77685546875,
      573.889404296875,
      393.8021545410156,
      346.02276611328125,
      424.8891296386719,
      4739.85205078125,
      463.2479553222656,
      445.9629821777344,
      457.03753662109375,
      413.9122314453125,
      423.821533203125,
      442.9751281738281,
      409.3799133300781,
      511.10052490234375,
      391.93963623046875,
      403.1632995605469,
      441.2869567871094,
      446.2904357910156,
      401.987060546875,
      357.093505859375,
      407.9018249511719
    ],
    "layer_eff_ranks": [
      8.008072200217073,
      8.626172466953927,
      14.98916853672306,
      39.816137274650984,
      36.796428936785375,
      46.49995351980843,
      48.67581917881458,
      50.38480569422919,
      6.425454713084711,
      46.91160898010982,
      41.75641149589177,
      43.622050294644254,
      43.650369119091245,
      45.40603289990523,
      41.95773762633897,
      45.63571491883754,
      43.867980189714174,
      45.157659976215676,
      48.59469673614361,
      45.81977895166058,
      40.721923378677594,
      41.101648930529294,
      42.0678403542942,
      42.098984235567876
    ],
    "layer_spectral_entropies": [
      2.0804500579833984,
      2.1548008918762207,
      2.7073278427124023,
      3.684272289276123,
      3.605400800704956,
      3.839451313018799,
      3.8851823806762695,
      3.919689655303955,
      1.8602674007415771,
      3.8482651710510254,
      3.7318530082702637,
      3.7755627632141113,
      3.776211738586426,
      3.8156449794769287,
      3.7366628646850586,
      3.820690631866455,
      3.781184673309326,
      3.810159921646118,
      3.883514404296875,
      3.8247158527374268,
      3.7067666053771973,
      3.716048240661621,
      3.739283561706543,
      3.740023612976074
    ],
    "layer_top_sv_ratios": [
      0.3558284640312195,
      0.6100826263427734,
      0.3820551037788391,
      0.1763514280319214,
      0.1750488132238388,
      0.1133297011256218,
      0.10208078473806381,
      0.08658819645643234,
      0.6851414442062378,
      0.09646638482809067,
      0.15176545083522797,
      0.10467380285263062,
      0.11023503541946411,
      0.10930198431015015,
      0.1259486824274063,
      0.10769699513912201,
      0.10119201242923737,
      0.12481465935707092,
      0.09522939473390579,
      0.10134030878543854,
      0.14071349799633026,
      0.13605085015296936,
      0.12003180384635925,
      0.15872493386268616
    ],
    "layer_rank_10s": [
      4,
      1,
      2,
      12,
      16,
      34,
      35,
      45,
      1,
      40,
      22,
      29,
      33,
      34,
      28,
      33,
      32,
      28,
      40,
      36,
      20,
      23,
      25,
      15
    ],
    "response_length": 77
  },
  "delta_features": {
    "eff_rank": 0.3412159961273318,
    "spectral_entropy": 0.009017566839853774,
    "key_norm": 768.2168884277344,
    "norm_per_token": -3.4284939356110584,
    "top_sv_ratio": -0.0015724555899699344,
    "rank_10": 0.7083333333333321,
    "layer_variance": 140015.1953484742,
    "layer_norm_entropy": -0.0017257344280761089
  },
  "n_tokens": 276,
  "response_length": 77,
  "model": "Qwen/Qwen2.5-0.5B-Instruct",
  "temperature": 0.0,
  "rep": 0,
  "elapsed_seconds": 0.4229261875152588,
  "timestamp": "2026-03-20T02:29:53.490633"
}