{
  "prompt_id": "cog_018",
  "trial_id": "cog_018",
  "prompt_type": "cognitive",
  "prompt_text": "Solve: If 3x + 2y = 12 and x - y = 1, find x and y. Show your work.",
  "response_text": "First, let's solve the system of equations:\n\n1) \\(3x + 2y = 12\\)\n2) \\(x - y = 1\\)\n\nWe can use substitution or elimination to solve for \\(x\\) and \\(y\\). Let's use substitution.\n\nFrom equation 2), we have:\n\\[x = y + 1\\]\n\nNow substitute \\(x = y + 1\\) into equation 1):\n\\[3(y + 1) + 2y = 12\\]\n\nSimplify and solve for \\(y\\):\n\\[3y + 3 + 2y = 12\\]\n\\[5y + 3 = 12\\]\n\\[5y = 9\\]\n\\[y = \\frac{9}{5}\\]\n\nNow that we have \\(y\\), we can find \\(x\\) using \\(x = y + 1\\):\n\\[x = \\frac{9}{5} + 1\\]\n\\[x = \\frac{9}{5} + \\frac{5}{5}\\]\n\\[x = \\frac{14}{5}\\]\n\nSo, the solution is:\n\\[x = \\frac{14}{5}, \\quad y = \\frac{9}{5}\\]\n\nThe final answer is:\n\\[x = \\frac{14}{5}, \\quad y = \\frac{9}{5}\\]",
  "vcp_ratings": {},
  "vcp_parse_quality": "failed",
  "vcp_n_parsed": 0,
  "vcp_validation": {
    "valid": false,
    "issues": [
      "All ratings are integers (no decimal discrimination)"
    ]
  },
  "encode_features": {
    "eff_rank": 37.84163170155616,
    "spectral_entropy": 3.5070987343788147,
    "key_norm": 24869.922912597656,
    "norm_per_token": 94.56244453459185,
    "top_sv_ratio": 0.1878273639207085,
    "rank_10": 23.708333333333332,
    "layer_variance": 2138757.9729269007,
    "layer_norm_entropy": 2.5526547021809383,
    "n_tokens": 263,
    "n_input_tokens": 263,
    "n_generated": 0,
    "layer_norms": [
      5953.2490234375,
      3398.177978515625,
      2178.5,
      642.4117431640625,
      563.3889770507812,
      386.6761779785156,
      341.86279296875,
      416.7815246582031,
      4635.5107421875,
      457.83001708984375,
      442.5589599609375,
      447.94775390625,
      406.2296142578125,
      415.98956298828125,
      438.4059143066406,
      405.5692138671875,
      506.6822814941406,
      386.60308837890625,
      398.6812744140625,
      438.51837158203125,
      443.8767395019531,
      403.1048583984375,
      357.33026123046875,
      404.0360412597656
    ],
    "layer_eff_ranks": [
      7.982026339781504,
      8.517251189523696,
      14.773138055680871,
      39.50836729716205,
      36.584464391426394,
      46.046624312603875,
      47.84780780189396,
      49.948376385482156,
      6.3250666293814515,
      46.48702851242326,
      41.018995840805374,
      43.25049945627201,
      43.2440035588839,
      44.94209398342928,
      41.325713102657275,
      44.98015916681412,
      43.49304880000155,
      44.76070197490715,
      48.08336372485602,
      45.239170691922084,
      40.18618052803283,
      40.52660436339081,
      41.64612099791396,
      41.48235373210219
    ],
    "layer_spectral_entropies": [
      2.0771923065185547,
      2.1420936584472656,
      2.692810535430908,
      3.6765124797821045,
      3.599623680114746,
      3.8296544551849365,
      3.868025302886963,
      3.910989999771118,
      1.8445205688476562,
      3.8391733169555664,
      3.7140352725982666,
      3.7670087814331055,
      3.7668585777282715,
      3.80537486076355,
      3.721484899520874,
      3.8062214851379395,
      3.7726011276245117,
      3.80133056640625,
      3.872936248779297,
      3.8119633197784424,
      3.6935231685638428,
      3.701958656311035,
      3.72920823097229,
      3.7252681255340576
    ],
    "layer_top_sv_ratios": [
      0.3562331795692444,
      0.6126003861427307,
      0.3840860426425934,
      0.17717739939689636,
      0.1757553368806839,
      0.11498545110225677,
      0.104698546230793,
      0.08840030431747437,
      0.6878187656402588,
      0.09706815332174301,
      0.15536661446094513,
      0.1049778014421463,
      0.1091117337346077,
      0.1110905110836029,
      0.12731941044330597,
      0.11046566069126129,
      0.10172122716903687,
      0.12511245906352997,
      0.0966140627861023,
      0.10437820106744766,
      0.14156831800937653,
      0.13871586322784424,
      0.12254559248685837,
      0.16004571318626404
    ],
    "layer_rank_10s": [
      4,
      1,
      2,
      12,
      16,
      34,
      33,
      43,
      1,
      39,
      20,
      28,
      32,
      33,
      26,
      33,
      32,
      28,
      40,
      34,
      19,
      21,
      24,
      14
    ]
  },
  "generation_features": {
    "eff_rank": 39.4473950629745,
    "spectral_entropy": 3.5537401735782623,
    "key_norm": 36493.658630371094,
    "norm_per_token": 65.87303001872039,
    "top_sv_ratio": 0.17858708711961904,
    "rank_10": 26.5,
    "layer_variance": 4467542.9339612825,
    "layer_norm_entropy": 2.5705632782001677,
    "n_tokens": 554,
    "n_input_tokens": 263,
    "n_generated": 291,
    "layer_norms": [
      8636.5361328125,
      4932.7236328125,
      3148.3173828125,
      933.2622680664062,
      832.3856811523438,
      583.1290893554688,
      525.7946166992188,
      618.1361694335938,
      6722.4296875,
      659.3633422851562,
      655.3153076171875,
      646.2181396484375,
      591.212646484375,
      615.6980590820312,
      658.9494018554688,
      601.970458984375,
      755.2415161132812,
      595.700927734375,
      602.2726440429688,
      659.8419189453125,
      694.9149169921875,
      629.9075927734375,
      565.840087890625,
      628.4970092773438
    ],
    "layer_eff_ranks": [
      8.768840336890117,
      9.400018797381184,
      15.711918511316902,
      41.53570588513909,
      38.665003288716555,
      47.34672692487287,
      48.47375189046405,
      51.52434993069716,
      6.741572775767828,
      49.007939567312185,
      43.224459886810855,
      46.39710753468919,
      46.07733007056953,
      47.63427524776643,
      43.62782284707763,
      47.139150479137236,
      46.08610847423014,
      45.67368154649693,
      49.69961945867426,
      47.03980273897566,
      41.58524982965962,
      41.32543722467977,
      42.30149812688186,
      41.75011013718083
    ],
    "layer_spectral_entropies": [
      2.1712045669555664,
      2.2407116889953613,
      2.7544195652008057,
      3.726553440093994,
      3.654934883117676,
      3.8574976921081543,
      3.8810224533081055,
      3.942054510116577,
      1.9082932472229004,
      3.891982316970825,
      3.766406536102295,
      3.8372371196746826,
      3.8303210735321045,
      3.8635525703430176,
      3.7756950855255127,
      3.8531038761138916,
      3.8305115699768066,
      3.8215222358703613,
      3.9059972763061523,
      3.850994110107422,
      3.727745532989502,
      3.721478223800659,
      3.7448225021362305,
      3.7317020893096924
    ],
    "layer_top_sv_ratios": [
      0.34406226873397827,
      0.5917654633522034,
      0.3741360306739807,
      0.1694639027118683,
      0.16855236887931824,
      0.10616736114025116,
      0.1042773425579071,
      0.08240900933742523,
      0.6769105792045593,
      0.09010238945484161,
      0.14249134063720703,
      0.08248961716890335,
      0.09977397322654724,
      0.09864100068807602,
      0.1102772057056427,
      0.10361260175704956,
      0.08740744739770889,
      0.11314903199672699,
      0.09033975750207901,
      0.10459662228822708,
      0.13036960363388062,
      0.13639959692955017,
      0.12393783777952194,
      0.15475773811340332
    ],
    "layer_rank_10s": [
      4,
      1,
      2,
      13,
      15,
      37,
      36,
      49,
      1,
      43,
      23,
      42,
      37,
      38,
      31,
      35,
      38,
      30,
      45,
      37,
      23,
      20,
      23,
      13
    ],
    "response_length": 662
  },
  "delta_features": {
    "eff_rank": 1.6057633614183402,
    "spectral_entropy": 0.04664143919944763,
    "key_norm": 11623.735717773438,
    "norm_per_token": -28.689414515871462,
    "top_sv_ratio": -0.009240276801089464,
    "rank_10": 2.791666666666668,
    "layer_variance": 2328784.9610343818,