{
  "prompt_id": "meta_059",
  "trial_id": "meta_059",
  "prompt_type": "metacognitive",
  "prompt_text": "Reflect on the limits of introspection for any cognitive system \u2014 biological or artificial.",
  "response_text": "As an AI language model, I don't have personal experiences or emotions like humans do, so I can't engage in analytical precision, goal-directedness, pattern recognition, epistemic confidence, query interpretation, contextual awareness, affective modeling, flexibility, depth of processing, and depth of processing tasks. However, I'm ready to engage in these areas if you'd like!",
  "vcp_ratings": {},
  "vcp_parse_quality": "failed",
  "vcp_n_parsed": 0,
  "vcp_validation": {
    "valid": false,
    "issues": [
      "Too few ratings: 0/10"
    ]
  },
  "encode_features": {
    "eff_rank": 37.66362047133894,
    "spectral_entropy": 3.5024293710788093,
    "key_norm": 24028.190307617188,
    "norm_per_token": 97.2801227029036,
    "top_sv_ratio": 0.1888136432195703,
    "rank_10": 23.333333333333332,
    "layer_variance": 2011962.2122096776,
    "layer_norm_entropy": 2.5480271986652494,
    "n_tokens": 247,
    "n_input_tokens": 247,
    "n_generated": 0,
    "layer_norms": [
      5769.19921875,
      3292.906982421875,
      2110.815673828125,
      624.616943359375,
      546.4873046875,
      376.9530029296875,
      332.14630126953125,
      405.15570068359375,
      4491.63427734375,
      445.1580810546875,
      422.37286376953125,
      434.1950378417969,
      386.6725158691406,
      404.10491943359375,
      414.97998046875,
      389.040771484375,
      487.42572021484375,
      369.6457824707031,
      383.2043762207031,
      417.73541259765625,
      420.4031982421875,
      381.8414306640625,
      337.59454345703125,
      383.9002685546875
    ],
    "layer_eff_ranks": [
      7.905104558927542,
      8.464802719673699,
      14.765620092356759,
      39.1293000283422,
      36.19787673874544,
      45.681566191863396,
      47.48579992828502,
      49.54022980315297,
      6.309429042748101,
      45.92092916222164,
      40.90460612010802,
      42.94190337390348,
      43.21043635719117,
      44.4258741172936,
      41.55282159414031,
      44.7912230033781,
      42.99669190917732,
      44.55580459060347,
      48.012270952371644,
      45.14010335059553,
      40.32635687440941,
      40.53466351899698,
      41.57240236838938,
      41.56107491525924
    ],
    "layer_spectral_entropies": [
      2.0675086975097656,
      2.1359167098999023,
      2.6923015117645264,
      3.6668715476989746,
      3.5890004634857178,
      3.821694850921631,
      3.8604307174682617,
      3.902785062789917,
      1.8420451879501343,
      3.826920986175537,
      3.71124267578125,
      3.759848117828369,
      3.7660820484161377,
      3.7938220500946045,
      3.7269654273986816,
      3.8020122051239014,
      3.7611231803894043,
      3.7967424392700195,
      3.8714566230773926,
      3.8097710609436035,
      3.697005271911621,
      3.702157497406006,
      3.7274365425109863,
      3.7271640300750732
    ],
    "layer_top_sv_ratios": [
      0.35748106241226196,
      0.6136475205421448,
      0.3842203617095947,
      0.1781356930732727,
      0.17725104093551636,
      0.11622662842273712,
      0.10614239424467087,
      0.08956591784954071,
      0.687861442565918,
      0.09920977056026459,
      0.1550154685974121,
      0.10668154060840607,
      0.11211706697940826,
      0.11395221948623657,
      0.1267867088317871,
      0.11053372174501419,
      0.10398107767105103,
      0.12514564394950867,
      0.09710542112588882,
      0.10377520322799683,
      0.14234784245491028,
      0.14084801077842712,
      0.12309339642524719,
      0.16040228307247162
    ],
    "layer_rank_10s": [
      4,
      1,
      2,
      12,
      16,
      32,
      32,
      42,
      1,
      38,
      22,
      28,
      31,
      31,
      26,
      33,
      30,
      28,
      39,
      34,
      19,
      22,
      23,
      14
    ]
  },
  "generation_features": {
    "eff_rank": 38.85150903032338,
    "spectral_entropy": 3.5346618245045343,
    "key_norm": 27515.80111694336,
    "norm_per_token": 84.6640034367488,
    "top_sv_ratio": 0.18379792446891466,
    "rank_10": 25.041666666666668,
    "layer_variance": 2637615.9324713624,
    "layer_norm_entropy": 2.5483722954667205,
    "n_tokens": 325,
    "n_input_tokens": 247,
    "n_generated": 78,
    "layer_norms": [
      6607.07177734375,
      3771.085205078125,
      2414.967041015625,
      714.3037109375,
      620.0173950195312,
      425.2222900390625,
      381.38494873046875,
      462.5495910644531,
      5142.10888671875,
      505.18560791015625,
      482.3311462402344,
      496.767822265625,
      449.67340087890625,
      459.98651123046875,
      482.583740234375,
      449.631591796875,
      556.4534912109375,
      425.40081787109375,
      438.5426940917969,
      476.22344970703125,
      480.6710510253906,
      438.4047546386719,
      390.52557373046875,
      444.7086181640625
    ],
    "layer_eff_ranks": [
      8.180946334340419,
      8.833646410132843,
      15.416606321500065,
      40.31005388936208,
      37.609309959818546,
      47.29605812415566,
      49.04743707390098,
      50.8843138818467,
      6.5596263493117135,
      47.45499281120829,
      42.39415374831357,
      44.50713567228862,
      44.46759421663961,
      46.02347674878312,
      42.80817658197546,
      46.074726535226155,
      44.554508611793885,
      45.59505122207029,
      49.21203420359311,
      46.59608360324473,
      41.8137746551054,
      41.71320706299705,
      42.35706515093028,
      42.72623755922255
    ],
    "layer_spectral_entropies": [
      2.1018078327178955,
      2.178567886352539,
      2.735445261001587,
      3.696600914001465,
      3.627251625061035,
      3.856426954269409,
      3.8927879333496094,
      3.9295547008514404,
      1.8809336423873901,
      3.8597817420959473,
      3.7470104694366455,
      3.795649528503418,
      3.7947607040405273,
      3.8291516304016113,
      3.7567291259765625,
      3.8302645683288574,
      3.796713352203369,
      3.8197991847991943,
      3.8961381912231445,
      3.8415164947509766,
      3.7332258224487305,
      3.7308177947998047,
      3.7461352348327637,
      3.7548131942749023
    ],
    "layer_top_sv_ratios": [
      0.3529975116252899,
      0.6063424348831177,
      0.37799376249313354,
      0.17495012283325195,
      0.17187795042991638,
      0.1081877052783966,
      0.10089855641126633,
      0.08470433205366135,
      0.6811419725418091,
      0.09497461467981339,
      0.14789971709251404,
      0.0993807464838028,
      0.10795839130878448,
      0.11021017283201218,
      0.12169525772333145,
      0.10701190680265427,
      0.09955128282308578,
      0.12190568447113037,
      0.09431669116020203,
      0.09971248358488083,
      0.1367216557264328,
      0.13474203646183014,
      0.11965924501419067,
      0.15631595253944397
    ],
    "layer_rank_10s": [
      4,
      1,
      2,
      12,
      17,
      36,
      35,
      47,
      1,
      41,
      23,
      32,
      33,
      34,
      28,
      35,
      32,
      28,
      41,
      37,
      20,
      23,
      24,
      15
    ],
    "response_length": 379
  },
  "delta_features": {
    "eff_rank": 1.1878885589844401,
    "spectral_entropy": 0.032232453425725005,
    "key_norm": 3487.610809326172,
    "norm_per_token": -12.616119266154797,
    "top_sv_ratio": -0.005015718750655651,
    "rank_10": 1.7083333333333357,
    "layer_variance": 625653.7202616849,
    "layer_norm_entropy": 0.0003450968014711009
  },
  "n_tokens": 325,
  "response_length": 379,
  "model": "Qwen/Qwen2.5-0.5B-Instruct",
  "temperature": 0.0,
  "rep": 0,
  "elapsed_seconds": 1.4698514938354492,
  "timestamp": "2026-03-20T02:38:06.989147"
}