{
  "prompt_id": "meta_001",
  "trial_id": "meta_001",
  "prompt_type": "metacognitive",
  "prompt_text": "Describe your process for understanding this prompt. What steps did you go through before generating your response?",
  "response_text": "I'm sorry, but I cannot generate a response without a specific prompt or question. Please provide me with a prompt so that I can understand what you need help with and how to approach it.",
  "vcp_ratings": {},
  "vcp_parse_quality": "failed",
  "vcp_n_parsed": 0,
  "vcp_validation": {
    "valid": false,
    "issues": [
      "Too few ratings: 0/10"
    ]
  },
  "encode_features": {
    "eff_rank": 37.44864025388137,
    "spectral_entropy": 3.49785723288854,
    "key_norm": 24296.62969970703,
    "norm_per_token": 97.18651879882813,
    "top_sv_ratio": 0.1901369740565618,
    "rank_10": 22.833333333333332,
    "layer_variance": 2029749.1866191698,
    "layer_norm_entropy": 2.556011787351932,
    "n_tokens": 250,
    "n_input_tokens": 250,
    "n_generated": 0,
    "layer_norms": [
      5803.8876953125,
      3312.908203125,
      2122.54541015625,
      627.8397216796875,
      550.5934448242188,
      380.6438293457031,
      335.2355651855469,
      409.6302185058594,
      4518.23779296875,
      449.60919189453125,
      426.2747497558594,
      442.1095886230469,
      392.6830749511719,
      410.92034912109375,
      431.49658203125,
      399.6159973144531,
      492.6231689453125,
      379.29730224609375,
      394.3702392578125,
      431.4127502441406,
      440.9388427734375,
      398.40716552734375,
      350.5169372558594,
      394.8318786621094
    ],
    "layer_eff_ranks": [
      7.906953689208836,
      8.5179944475111,
      14.851470708198871,
      39.247033439556965,
      36.230021410078706,
      45.54757096992965,
      47.44589710483378,
      49.446430602135386,
      6.324835907539647,
      45.8297648376016,
      40.92272037014929,
      42.643438664820735,
      42.8477645636974,
      44.16587460367682,
      40.50778658209452,
      44.10148872458804,
      43.00713916138291,
      44.39276542119378,
      47.68924024235493,
      44.93732604792956,
      39.63245682508274,
      40.00786047999515,
      41.20250045776011,
      41.36103083183244
    ],
    "layer_spectral_entropies": [
      2.0677425861358643,
      2.142180919647217,
      2.69809889793396,
      3.6698758602142334,
      3.589888095855713,
      3.8187572956085205,
      3.8595900535583496,
      3.9008898735046387,
      1.8444840908050537,
      3.8249337673187256,
      3.7116854190826416,
      3.752873420715332,
      3.7576534748077393,
      3.787952423095703,
      3.7014942169189453,
      3.7864935398101807,
      3.761366128921509,
      3.793076515197754,
      3.864705801010132,
      3.8052687644958496,
      3.6796483993530273,
      3.6890759468078613,
      3.718498945236206,
      3.722339153289795
    ],
    "layer_top_sv_ratios": [
      0.3574100136756897,
      0.6120826005935669,
      0.38332489132881165,
      0.17784757912158966,
      0.17679522931575775,
      0.11627215147018433,
      0.10690086334943771,
      0.08960635960102081,
      0.6874720454216003,
      0.09828447550535202,
      0.15477241575717926,
      0.10721517354249954,
      0.1132076159119606,
      0.11615470051765442,
      0.13139574229717255,
      0.11512509733438492,
      0.10577790439128876,
      0.12695080041885376,
      0.0991816520690918,
      0.10577262192964554,
      0.147536501288414,
      0.14394819736480713,
      0.1269284337759018,
      0.16332431137561798
    ],
    "layer_rank_10s": [
      4,
      1,
      2,
      12,
      15,
      32,
      33,
      44,
      1,
      38,
      21,
      27,
      30,
      30,
      25,
      30,
      29,
      26,
      38,
      34,
      18,
      21,
      23,
      14
    ]
  },
  "generation_features": {
    "eff_rank": 38.1078440577987,
    "spectral_entropy": 3.5164038141568503,
    "key_norm": 26099.58560180664,
    "norm_per_token": 89.99857104071255,
    "top_sv_ratio": 0.1870572715997696,
    "rank_10": 23.791666666666668,
    "layer_variance": 2346794.827232686,
    "layer_norm_entropy": 2.5549721251519144,
    "n_tokens": 290,
    "n_input_tokens": 250,
    "n_generated": 40,
    "layer_norms": [
      6239.60693359375,
      3562.4609375,
      2279.18603515625,
      674.7070922851562,
      590.1591186523438,
      409.6146545410156,
      365.2760925292969,
      442.1912841796875,
      4857.4287109375,
      482.1484680175781,
      461.76287841796875,
      474.97991943359375,
      425.4786682128906,
      440.0158996582031,
      463.7434997558594,
      428.44195556640625,
      522.3174438476562,
      407.8215637207031,
      421.9076843261719,
      461.35498046875,
      471.2027587890625,
      422.5320129394531,
      373.021240234375,
      422.22576904296875
    ],
    "layer_eff_ranks": [
      8.042725810339078,
      8.757768954095765,
      15.242022385218737,
      40.03442480557261,
      36.98465869202938,
      46.203332149603106,
      48.0397287485887,
      50.17825187204314,
      6.5207382772409295,
      46.623620760863155,
      41.52603189424053,
      43.51743444786588,
      43.53943578121659,
      45.112065666048686,
      41.31413766320238,
      44.82586858623838,
      44.008480029519255,
      45.0589322747596,
      48.427107007545686,
      45.80675905222488,
      40.322905397699806,
      40.752129140077365,
      41.76921623732485,
      41.98048175361029
    ],
    "layer_spectral_entropies": [
      2.084768056869507,
      2.1699411869049072,
      2.7240562438964844,
      3.68973970413208,
      3.6105031967163086,
      3.833051919937134,
      3.872028350830078,
      3.915581703186035,
      1.8749876022338867,
      3.8421072959899902,
      3.726320505142212,
      3.7731616497039795,
      3.773667097091675,
      3.809149742126465,
      3.7212047576904297,
      3.8027853965759277,
      3.7843823432922363,
      3.807971239089966,
      3.8800597190856934,
      3.8244316577911377,
      3.6969196796417236,
      3.707508087158203,
      3.7321596145629883,
      3.7372047901153564
    ],
    "layer_top_sv_ratios": [
      0.355123907327652,
      0.6068035364151001,
      0.37954387068748474,
      0.17569926381111145,
      0.1733015477657318,
      0.1119462102651596,
      0.10530835390090942,
      0.08686676621437073,
      0.6819567680358887,
      0.09642280638217926,
      0.15241296589374542,
      0.10330284386873245,
      0.11100427806377411,
      0.11245504766702652,
      0.1276518851518631,
      0.11330744624137878,
      0.10152295231819153,
      0.1254424750804901,
      0.09610774368047714,
      0.10225997865200043,
      0.14608682692050934,
      0.13922160863876343,
      0.1240718886256218,
      0.1615535467863083
    ],
    "layer_rank_10s": [
      4,
      1,
      2,
      12,
      17,
      34,
      34,
      45,
      1,
      39,
      21,
      29,
      30,
      32,
      25,
      31,
      32,
      27,
      40,
      36,
      20,
      21,
      23,
      15
    ],
    "response_length": 187
  },
  "delta_features": {
    "eff_rank": 0.6592038039173289,
    "spectral_entropy": 0.018546581268310547,
    "key_norm": 1802.9559020996094,
    "norm_per_token": -7.187947758115584,
    "top_sv_ratio": -0.003079702456792205,
    "rank_10": 0.9583333333333357,
    "layer_variance": 317045.6406135161,
    "layer_norm_entropy": -0.0010396622000174993
  },
  "n_tokens": 290,
  "response_length": 187,
  "model": "Qwen/Qwen2.5-0.5B-Instruct",
  "temperature": 0.0,
  "rep": 0,
  "elapsed_seconds": 0.8118281364440918,
  "timestamp": "2026-03-20T02:34:20.393123"
}