{
  "prompt_id": "meta_032",
  "trial_id": "meta_032",
  "prompt_type": "metacognitive",
  "prompt_text": "How do you represent probability or likelihood in your reasoning? Is it explicit or implicit?",
  "response_text": "I'm sorry, but I cannot complete this task as there is no specific question or prompt provided for me to analyze and respond to. Could you please give me more information about what you would like me to represent probability or likelihood in my reasoning?",
  "vcp_ratings": {},
  "vcp_parse_quality": "failed",
  "vcp_n_parsed": 0,
  "vcp_validation": {
    "valid": false,
    "issues": [
      "Too few ratings: 0/10"
    ]
  },
  "encode_features": {
    "eff_rank": 37.49359248268485,
    "spectral_entropy": 3.4984629998604455,
    "key_norm": 24163.705017089844,
    "norm_per_token": 97.43429442374936,
    "top_sv_ratio": 0.18980371362219253,
    "rank_10": 22.916666666666668,
    "layer_variance": 2015697.6878624244,
    "layer_norm_entropy": 2.553592238404207,
    "n_tokens": 248,
    "n_input_tokens": 248,
    "n_generated": 0,
    "layer_norms": [
      5780.82177734375,
      3299.59033203125,
      2115.13427734375,
      625.0535278320312,
      547.5054321289062,
      378.0552062988281,
      331.95941162109375,
      407.2835998535156,
      4500.57080078125,
      445.5877685546875,
      427.47711181640625,
      437.78424072265625,
      394.1410217285156,
      406.2941589355469,
      426.36541748046875,
      395.25946044921875,
      493.4750671386719,
      376.99951171875,
      390.1852111816406,
      427.2339782714844,
      432.1082458496094,
      390.6383056640625,
      344.0602111816406,
      390.1209411621094
    ],
    "layer_eff_ranks": [
      7.9025002997087315,
      8.496091527152645,
      14.765760908954704,
      39.11411511586858,
      36.2520807077588,
      45.65577190654183,
      47.648746131172054,
      49.50190511878213,
      6.294725268518044,
      45.95275624474982,
      40.7610883364316,
      42.91803464975839,
      42.87013257428701,
      44.45506453567828,
      40.98042332863452,
      44.476840035062416,
      42.86458291092886,
      44.31939391293888,
      47.54570575956395,
      44.68124645328117,
      39.74623598232313,
      40.13605458982526,
      41.274411790763736,
      41.23255149575201
    ],
    "layer_spectral_entropies": [
      2.0671792030334473,
      2.139606237411499,
      2.6923110485076904,
      3.6664834022521973,
      3.590496778488159,
      3.8211300373077393,
      3.863856315612793,
      3.9020111560821533,
      1.8397120237350464,
      3.8276138305664062,
      3.7077279090881348,
      3.7592921257019043,
      3.7581753730773926,
      3.7944788932800293,
      3.713094472885132,
      3.794968605041504,
      3.7580459117889404,
      3.7914223670959473,
      3.861691474914551,
      3.799553871154785,
      3.6825151443481445,
      3.692275047302246,
      3.720242738723755,
      3.7192280292510986
    ],
    "layer_top_sv_ratios": [
      0.35748374462127686,
      0.6129127144813538,
      0.38414332270622253,
      0.17822235822677612,
      0.17692938446998596,
      0.11634170264005661,
      0.10580219328403473,
      0.08923671394586563,
      0.6882685422897339,
      0.09867172688245773,
      0.15602166950702667,
      0.10725624114274979,
      0.11242769658565521,
      0.11469849199056625,
      0.13013432919979095,
      0.11278915405273438,
      0.10582106560468674,
      0.12752558290958405,
      0.09958390146493912,
      0.10624505579471588,
      0.1457156240940094,
      0.14209690690040588,
      0.1242796778678894,
      0.16268132627010345
    ],
    "layer_rank_10s": [
      4,
      1,
      2,
      12,
      15,
      32,
      33,
      42,
      1,
      38,
      21,
      28,
      30,
      31,
      25,
      31,
      29,
      27,
      38,
      34,
      17,
      22,
      23,
      14
    ]
  },
  "generation_features": {
    "eff_rank": 38.32481463723453,
    "spectral_entropy": 3.5218512366215386,
    "key_norm": 26410.934448242188,
    "norm_per_token": 88.62729680618183,
    "top_sv_ratio": 0.1859342815975348,
    "rank_10": 24.125,
    "layer_variance": 2414347.346535228,
    "layer_norm_entropy": 2.552231599250871,
    "n_tokens": 298,
    "n_input_tokens": 248,
    "n_generated": 50,
    "layer_norms": [
      6325.46240234375,
      3611.267822265625,
      2310.338134765625,
      683.6328125,
      596.0422973632812,
      412.7559509277344,
      367.3669738769531,
      447.3550109863281,
      4924.29443359375,
      485.6114807128906,
      469.192138671875,
      477.91473388671875,
      434.2635192871094,
      442.35723876953125,
      466.5865173339844,
      431.58734130859375,
      529.9976806640625,
      413.02288818359375,
      425.9912109375,
      465.6527099609375,
      470.0080871582031,
      421.922119140625,
      373.6952819824219,
      424.61566162109375
    ],
    "layer_eff_ranks": [
      8.067336602644566,
      8.806238040483718,
      15.319677848262243,
      40.14043751406573,
      37.25211355747509,
      46.57892278428156,
      48.49805088323664,
      50.47218949588264,
      6.534183649596916,
      46.927325974202034,
      41.6070480429674,
      43.916316651035125,
      43.67698808202854,
      45.533401674101114,
      41.915064385665545,
      45.291371985199575,
      44.18405306344053,
      45.125027971247,
      48.50505846830496,
      45.778842099270186,
      40.62134745771727,
      41.05550010041132,
      41.98605709603546,
      42.00299786607368
    ],
    "layer_spectral_entropies": [
      2.0878233909606934,
      2.1754603385925293,
      2.729138135910034,
      3.6923842430114746,
      3.617708683013916,
      3.8411481380462646,
      3.881523609161377,
      3.9214224815368652,
      1.8770474195480347,
      3.848600149154663,
      3.728269577026367,
      3.7822859287261963,
      3.7768213748931885,
      3.818446159362793,
      3.735645294189453,
      3.8131165504455566,
      3.7883639335632324,
      3.8094370365142822,
      3.8816680908203125,
      3.823822021484375,
      3.704293727874756,
      3.7149248123168945,
      3.737337589263916,
      3.737740993499756
    ],
    "layer_top_sv_ratios": [
      0.3546956479549408,
      0.6061763763427734,
      0.378650039434433,
      0.17514358460903168,
      0.17248301208019257,
      0.1109033077955246,
      0.10362526029348373,
      0.08590233325958252,
      0.6815909743309021,
      0.09606665372848511,
      0.15216538310050964,
      0.10225693881511688,
      0.10998491942882538,
      0.11036194115877151,
      0.1253993809223175,
      0.11079999804496765,
      0.10047128796577454,
      0.12578386068344116,
      0.09613386541604996,
      0.10226719081401825,
      0.1437099426984787,
      0.13641022145748138,
      0.12096833437681198,
      0.1604723036289215
    ],
    "layer_rank_10s": [
      4,
      1,
      2,
      11,
      17,
      34,
      34,
      46,
      1,
      40,
      22,
      30,
      31,
      32,
      27,
      32,
      32,
      27,
      40,
      36,
      19,
      22,
      24,
      15
    ],
    "response_length": 255
  },
  "delta_features": {
    "eff_rank": 0.8312221545496783,
    "spectral_entropy": 0.02338823676109314,
    "key_norm": 2247.2294311523438,
    "norm_per_token": -8.806997617567532,
    "top_sv_ratio": -0.0038694320246577263,
    "rank_10": 1.2083333333333321,
    "layer_variance": 398649.6586728038,
    "layer_norm_entropy": -0.0013606391533360629
  },
  "n_tokens": 298,
  "response_length": 255,
  "model": "Qwen/Qwen2.5-0.5B-Instruct",
  "temperature": 0.0,
  "rep": 0,
  "elapsed_seconds": 1.0112864971160889,
  "timestamp": "2026-03-20T02:36:24.288348"
}