{
  "prompt_id": "meta_029",
  "trial_id": "meta_029",
  "prompt_type": "metacognitive",
  "prompt_text": "Describe how you process a question that requires integrating information from multiple domains.",
  "response_text": "Hello! I'm ready to help you with any questions or tasks you have. Please go ahead and ask your question now.",
  "vcp_ratings": {},
  "vcp_parse_quality": "failed",
  "vcp_n_parsed": 0,
  "vcp_validation": {
    "valid": false,
    "issues": [
      "Too few ratings: 0/10"
    ]
  },
  "encode_features": {
    "eff_rank": 37.675762224406576,
    "spectral_entropy": 3.502693126598994,
    "key_norm": 23958.29867553711,
    "norm_per_token": 97.78897418586575,
    "top_sv_ratio": 0.18914355399707952,
    "rank_10": 23.375,
    "layer_variance": 1994112.663289129,
    "layer_norm_entropy": 2.54990663691465,
    "n_tokens": 245,
    "n_input_tokens": 245,
    "n_generated": 0,
    "layer_norms": [
      5745.63720703125,
      3279.539794921875,
      2101.658935546875,
      621.5804443359375,
      544.7218017578125,
      375.5823669433594,
      328.70977783203125,
      403.6788635253906,
      4473.43896484375,
      442.74810791015625,
      418.8102111816406,
      434.6682434082031,
      387.7641296386719,
      403.0386047363281,
      416.5130615234375,
      389.2082214355469,
      482.32574462890625,
      370.1761474609375,
      383.436279296875,
      418.657958984375,
      426.2129821777344,
      385.1250915527344,
      340.9794006347656,
      384.0863342285156
    ],
    "layer_eff_ranks": [
      7.890981760981517,
      8.480468076499054,
      14.759393821104284,
      39.18905217755037,
      36.18070662206028,
      45.54871121985305,
      47.52970233265947,
      49.504407242879026,
      6.314459119722727,
      45.8843104150666,
      40.93180490034953,
      42.64449604468749,
      42.88249158807028,
      44.447857858826076,
      41.305450825436395,
      44.74253161759471,
      43.281703668354126,
      44.805182709364956,
      48.28162797143298,
      45.39692944780941,
      40.31122640763871,
      40.61841304387635,
      41.66407687753385,
      41.62230763640657
    ],
    "layer_spectral_entropies": [
      2.065720558166504,
      2.137765645980835,
      2.6918797492980957,
      3.6683974266052246,
      3.5885260105133057,
      3.818782329559326,
      3.8613548278808594,
      3.902061700820923,
      1.8428421020507812,
      3.8261232376098633,
      3.711907386779785,
      3.7528982162475586,
      3.7584636211395264,
      3.7943167686462402,
      3.720994472503662,
      3.80092453956604,
      3.7677299976348877,
      3.802323818206787,
      3.8770511150360107,
      3.8154444694519043,
      3.6966300010681152,
      3.704221487045288,
      3.7296392917633057,
      3.7286362648010254
    ],
    "layer_top_sv_ratios": [
      0.35767871141433716,
      0.6130626797676086,
      0.38422220945358276,
      0.17789284884929657,
      0.17728164792060852,
      0.11699440330266953,
      0.10626404732465744,
      0.08948591351509094,
      0.6878578066825867,
      0.09896732121706009,
      0.154900461435318,
      0.10784979909658432,
      0.11288736760616302,
      0.11462214589118958,
      0.12854167819023132,
      0.11199022829532623,
      0.10397641360759735,
      0.12559644877910614,
      0.09671522676944733,
      0.10355520248413086,
      0.144047811627388,
      0.14032404124736786,
      0.1237107515335083,
      0.16102012991905212
    ],
    "layer_rank_10s": [
      4,
      1,
      2,
      12,
      15,
      32,
      32,
      44,
      1,
      38,
      22,
      28,
      30,
      30,
      27,
      32,
      31,
      28,
      39,
      35,
      19,
      22,
      23,
      14
    ]
  },
  "generation_features": {
    "eff_rank": 38.145849802002665,
    "spectral_entropy": 3.5158475736776986,
    "key_norm": 25133.210418701172,
    "norm_per_token": 92.74247386974602,
    "top_sv_ratio": 0.18685106094926596,
    "rank_10": 23.875,
    "layer_variance": 2198068.8415330783,
    "layer_norm_entropy": 2.5490302825684585,
    "n_tokens": 271,
    "n_input_tokens": 245,
    "n_generated": 26,
    "layer_norms": [
      6031.32373046875,
      3443.182861328125,
      2204.78125,
      652.1998291015625,
      569.78271484375,
      392.8307189941406,
      347.9113464355469,
      424.37603759765625,
      4695.89794921875,
      462.8677978515625,
      439.8770751953125,
      455.77850341796875,
      408.65472412109375,
      421.1409606933594,
      436.94964599609375,
      407.5767822265625,
      501.71319580078125,
      388.8513488769531,
      401.135009765625,
      438.5217590332031,
      445.5457458496094,
      402.16815185546875,
      357.14080810546875,
      403.0024719238281
    ],
    "layer_eff_ranks": [
      7.978476013326903,
      8.678259247167288,
      15.009523824598585,
      39.724295066114905,
      36.74781505787304,
      46.08176850371544,
      48.03608665334678,
      50.02709479152311,
      6.4400369945279134,
      46.47689941474827,
      41.5483240755893,
      43.292085990663075,
      43.356499595420765,
      45.03261988818447,
      41.80869068202316,
      45.15345050020122,
      43.99393991119117,
      45.27243571872989,
      48.79394093348657,
      45.91698790639894,
      40.84390339420001,
      41.155649651294226,
      42.055134574214364,
      42.07647685952447
    ],
    "layer_spectral_entropies": [
      2.076747417449951,
      2.160820960998535,
      2.7086849212646484,
      3.6819629669189453,
      3.604078769683838,
      3.8304173946380615,
      3.871952533721924,
      3.912564754486084,
      1.8625342845916748,
      3.8389554023742676,
      3.7268571853637695,
      3.767969846725464,
      3.769456624984741,
      3.807387113571167,
      3.7331042289733887,
      3.8100666999816895,
      3.7840518951416016,
      3.8126983642578125,
      3.887606143951416,
      3.8268351554870605,
      3.7097575664520264,
      3.7173612117767334,
      3.7389814853668213,
      3.7394888401031494
    ],
    "layer_top_sv_ratios": [
      0.3562121093273163,
      0.6086319088935852,
      0.3817751109600067,
      0.1762356013059616,
      0.17462648451328278,
      0.11404010653495789,
      0.10488864779472351,
      0.0877944603562355,
      0.6844096779823303,
      0.0974685475230217,
      0.1521921157836914,
      0.10436127334833145,
      0.11118055135011673,
      0.11203721910715103,
      0.12595118582248688,
      0.11131874471902847,
      0.10087977349758148,
      0.12435479462146759,
      0.09468545764684677,
      0.10130895674228668,
      0.14226362109184265,
      0.13656072318553925,
      0.12185792624950409,
      0.15939046442508698
    ],
    "layer_rank_10s": [
      4,
      1,
      2,
      12,
      16,
      33,
      33,
      45,
      1,
      39,
      22,
      29,
      31,
      32,
      27,
      32,
      32,
      28,
      40,
      35,
      19,
      22,
      23,
      15
    ],
    "response_length": 109
  },
  "delta_features": {
    "eff_rank": 0.47008757759608955,
    "spectral_entropy": 0.013154447078704834,
    "key_norm": 1174.9117431640625,
    "norm_per_token": -5.046500316119733,
    "top_sv_ratio": -0.0022924930478135652,
    "rank_10": 0.5,
    "layer_variance": 203956.1782439493,
    "layer_norm_entropy": -0.000876354346191377
  },
  "n_tokens": 271,
  "response_length": 109,
  "model": "Qwen/Qwen2.5-0.5B-Instruct",
  "temperature": 0.0,
  "rep": 0,
  "elapsed_seconds": 0.5607097148895264,
  "timestamp": "2026-03-20T02:36:09.733612"
}