{
  "prompt_id": "meta_017",
  "trial_id": "meta_017",
  "prompt_type": "metacognitive",
  "prompt_text": "How do you handle a prompt that asks you to do something you're not sure you can do well?",
  "response_text": "I'm sorry, but I cannot complete the task as requested because I am an AI language model and my capabilities include generating text based on prompts provided to me. However, if you could give me more information about what kind of task you need help with or what type of prompt you have in mind, I would be happy to assist you further.",
  "vcp_ratings": {},
  "vcp_parse_quality": "failed",
  "vcp_n_parsed": 0,
  "vcp_validation": {
    "valid": false,
    "issues": [
      "Too few ratings: 0/10"
    ]
  },
  "encode_features": {
    "eff_rank": 37.8628432373475,
    "spectral_entropy": 3.507853180170059,
    "key_norm": 24205.102783203125,
    "norm_per_token": 96.05199517144098,
    "top_sv_ratio": 0.18751412567993006,
    "rank_10": 23.708333333333332,
    "layer_variance": 2055326.758593102,
    "layer_norm_entropy": 2.5441289019313835,
    "n_tokens": 252,
    "n_input_tokens": 252,
    "n_generated": 0,
    "layer_norms": [
      5826.53271484375,
      3326.080322265625,
      2130.406005859375,
      629.9907836914062,
      551.4788818359375,
      380.73162841796875,
      333.2814025878906,
      409.33111572265625,
      4536.8359375,
      447.5577392578125,
      413.41357421875,
      432.3175964355469,
      386.7684326171875,
      402.40655517578125,
      410.49713134765625,
      387.09649658203125,
      492.4874572753906,
      371.85211181640625,
      382.8769226074219,
      417.65716552734375,
      420.02655029296875,
      385.12548828125,
      341.67572021484375,
      388.675048828125
    ],
    "layer_eff_ranks": [
      7.918042455320384,
      8.57022078805636,
      14.809270535312159,
      39.38543628500334,
      36.49110558179748,
      45.942458767295896,
      47.849769984818344,
      49.65081242217374,
      6.354215628544122,
      46.20565652768906,
      41.947305268635695,
      43.42351438724693,
      43.42821489119871,
      44.78120716533345,
      42.0806001370239,
      45.102257666610015,
      43.05395225855211,
      44.63995383476318,
      48.08362739682589,
      45.30683779730432,
      40.37063695345344,
      40.55956618808809,
      41.347887889913096,
      41.405686885380135
    ],
    "layer_spectral_entropies": [
      2.0691440105438232,
      2.1482934951782227,
      2.695253372192383,
      3.673396110534668,
      3.5970685482025146,
      3.827389717102051,
      3.8680663108825684,
      3.905014753341675,
      1.8491184711456299,
      3.833102226257324,
      3.7364141941070557,
      3.771001100540161,
      3.7711093425750732,
      3.801788568496704,
      3.73958683013916,
      3.808932304382324,
      3.762454032897949,
      3.7986292839050293,
      3.872941732406616,
      3.81345796585083,
      3.6981027126312256,
      3.7027716636657715,
      3.7220213413238525,
      3.7234182357788086
    ],
    "layer_top_sv_ratios": [
      0.35721084475517273,
      0.6109979152679443,
      0.3837747573852539,
      0.1773029863834381,
      0.17660808563232422,
      0.11532805114984512,
      0.10479164868593216,
      0.08892375230789185,
      0.6864989399909973,
      0.0976230725646019,
      0.1486131101846695,
      0.10267700254917145,
      0.10996919870376587,
      0.11119440197944641,
      0.12402359396219254,
      0.10905763506889343,
      0.1028696671128273,
      0.12376095354557037,
      0.09690763801336288,
      0.10381399095058441,
      0.1407674252986908,
      0.14116576313972473,
      0.12576408684253693,
      0.16069449484348297
    ],
    "layer_rank_10s": [
      4,
      1,
      2,
      12,
      16,
      32,
      33,
      43,
      1,
      38,
      23,
      30,
      31,
      32,
      28,
      32,
      31,
      27,
      40,
      34,
      20,
      22,
      23,
      14
    ]
  },
  "generation_features": {
    "eff_rank": 38.95347638010351,
    "spectral_entropy": 3.538008893529574,
    "key_norm": 27277.40951538086,
    "norm_per_token": 84.71245191112068,
    "top_sv_ratio": 0.18263084162026644,
    "rank_10": 25.458333333333332,
    "layer_variance": 2618134.612524249,
    "layer_norm_entropy": 2.542540486414607,
    "n_tokens": 322,
    "n_input_tokens": 252,
    "n_generated": 70,
    "layer_norms": [
      6575.3232421875,
      3754.43115234375,
      2399.72021484375,
      710.0103149414062,
      617.14501953125,
      427.9808044433594,
      382.3598937988281,
      463.39581298828125,
      5117.55419921875,
      500.85076904296875,
      470.9422302246094,
      485.7117614746094,
      441.3902893066406,
      450.74591064453125,
      466.107177734375,
      435.5560302734375,
      542.0087280273438,
      420.3468933105469,
      430.97314453125,
      468.8333740234375,
      471.7956848144531,
      426.6551513671875,
      381.2610168457031,
      436.3106994628906
    ],
    "layer_eff_ranks": [
      8.152991027603656,
      8.939383636805763,
      15.519212634079874,
      40.59253546585393,
      37.764413091447594,
      47.06553735964274,
      48.88073326301694,
      50.96501766071861,
      6.661262413292347,
      47.519731250300374,
      43.007190429918516,
      44.85270178727961,
      44.48016984867279,
      46.27918258375123,
      43.18398847977805,
      46.22587583692173,
      44.85445559122517,
      45.68499709093754,
      49.25425613417296,
      46.80982785576593,
      41.561223549511425,
      41.80810257601056,
      42.309748840206375,
      42.51089471557049
    ],
    "layer_spectral_entropies": [
      2.0983848571777344,
      2.1904666423797607,
      2.7420787811279297,
      3.7035841941833496,
      3.6313672065734863,
      3.851541042327881,
      3.889383316040039,
      3.9311394691467285,
      1.8963090181350708,
      3.86114501953125,
      3.7613673210144043,
      3.8033838272094727,
      3.795043468475342,
      3.8346922397613525,
      3.765469789505005,
      3.8335397243499756,
      3.8034229278564453,
      3.821769952774048,
      3.896995782852173,
      3.84609317779541,
      3.7271676063537598,
      3.7330901622772217,
      3.7450175285339355,
      3.749760389328003
    ],
    "layer_top_sv_ratios": [
      0.3533220887184143,
      0.6031790971755981,
      0.376890629529953,
      0.17387668788433075,
      0.17115046083927155,
      0.10855696350336075,
      0.10196522623300552,
      0.08442569524049759,
      0.6780707836151123,
      0.09460901468992233,
      0.14426949620246887,
      0.0965859517455101,
      0.1061670184135437,
      0.10597210377454758,
      0.11863919347524643,
      0.10696274042129517,
      0.0958298072218895,
      0.12148426473140717,
      0.09222973883152008,
      0.09842684119939804,
      0.1381886601448059,
      0.13330158591270447,
      0.12120887637138367,
      0.15782727301120758
    ],
    "layer_rank_10s": [
      4,
      1,
      2,
      11,
      16,
      36,
      36,
      48,
      1,
      40,
      24,
      33,
      34,
      35,
      30,
      35,
      35,
      28,
      42,
      37,
      21,
      23,
      24,
      15
    ],
    "response_length": 336
  },
  "delta_features": {
    "eff_rank": 1.0906331427560119,
    "spectral_entropy": 0.030155713359514724,
    "key_norm": 3072.3067321777344,
    "norm_per_token": -11.339543260320298,
    "top_sv_ratio": -0.004883284059663623,
    "rank_10": 1.75,
    "layer_variance": 562807.8539311471,
    "layer_norm_entropy": -0.0015884155167764646
  },
  "n_tokens": 322,
  "response_length": 336,
  "model": "Qwen/Qwen2.5-0.5B-Instruct",
  "temperature": 0.0,
  "rep": 0,
  "elapsed_seconds": 1.3477451801300049,
  "timestamp": "2026-03-20T02:35:30.223619"
}