{
  "prompt_id": "meta_046",
  "trial_id": "meta_046",
  "prompt_type": "metacognitive",
  "prompt_text": "Reflect on how your responses might differ from what you would ideally say if you had more context.",
  "response_text": "I'm sorry, but I cannot complete this task as it appears to be incomplete or unclear. Could you please provide me with more information about what you would ideally like me to respond to?",
  "vcp_ratings": {},
  "vcp_parse_quality": "failed",
  "vcp_n_parsed": 0,
  "vcp_validation": {
    "valid": false,
    "issues": [
      "Too few ratings: 0/10"
    ]
  },
  "encode_features": {
    "eff_rank": 37.48112287754122,
    "spectral_entropy": 3.4987110694249473,
    "key_norm": 24241.140106201172,
    "norm_per_token": 96.96456042480469,
    "top_sv_ratio": 0.19013386933753887,
    "rank_10": 22.958333333333332,
    "layer_variance": 2032341.7515957886,
    "layer_norm_entropy": 2.552559962866683,
    "n_tokens": 250,
    "n_input_tokens": 250,
    "n_generated": 0,
    "layer_norms": [
      5803.8056640625,
      3312.96240234375,
      2122.405517578125,
      627.378662109375,
      549.6906127929688,
      379.85748291015625,
      333.7294616699219,
      408.8855895996094,
      4517.80078125,
      448.2209777832031,
      430.1252136230469,
      441.8466491699219,
      392.4718017578125,
      408.8392639160156,
      425.29803466796875,
      397.0641174316406,
      491.205810546875,
      375.45574951171875,
      390.010986328125,
      424.8920593261719,
      431.632080078125,
      391.1534729003906,
      345.0730285644531,
      391.3346862792969
    ],
    "layer_eff_ranks": [
      7.908414826809382,
      8.550790632451417,
      14.849948213629427,
      39.26194232514201,
      36.30991502314515,
      45.615242595043206,
      47.49244611205408,
      49.49457651134452,
      6.3197139399817575,
      45.867553897827435,
      40.65380477906536,
      42.77473351668693,
      42.920797502030545,
      44.25361306681626,
      40.891998187000226,
      44.389749066559105,
      42.98871720728389,
      44.42271782719299,
      47.67397277557273,
      44.84679924367551,
      39.636907607692756,
      39.995290557524136,
      41.18483187572651,
      41.242471770733815
    ],
    "layer_spectral_entropies": [
      2.067927360534668,
      2.146023750305176,
      2.6979963779449463,
      3.670255661010742,
      3.5920908451080322,
      3.820241928100586,
      3.8605706691741943,
      3.9018630981445312,
      1.8436739444732666,
      3.8257579803466797,
      3.705092430114746,
      3.7559475898742676,
      3.7593564987182617,
      3.7899370193481445,
      3.7109344005584717,
      3.79300856590271,
      3.7609376907348633,
      3.7937510013580322,
      3.8643856048583984,
      3.8032522201538086,
      3.679760694503784,
      3.6887617111206055,
      3.7180700302124023,
      3.719468593597412
    ],
    "layer_top_sv_ratios": [
      0.3573758006095886,
      0.6117041707038879,
      0.3833571672439575,
      0.17789094150066376,
      0.17681093513965607,
      0.11623620986938477,
      0.10656516253948212,
      0.08969700336456299,
      0.6876227259635925,
      0.0992065966129303,
      0.1570286750793457,
      0.10819964110851288,
      0.11381976306438446,
      0.11532572656869888,
      0.1296425461769104,
      0.11412155628204346,
      0.10526143014431,
      0.1275213211774826,
      0.09917595982551575,
      0.10551236569881439,
      0.1467030793428421,
      0.14344680309295654,
      0.1268986314535141,
      0.1640886515378952
    ],
    "layer_rank_10s": [
      4,
      1,
      2,
      13,
      15,
      32,
      32,
      43,
      1,
      39,
      21,
      28,
      30,
      30,
      25,
      31,
      30,
      26,
      38,
      34,
      18,
      21,
      23,
      14
    ]
  },
  "generation_features": {
    "eff_rank": 38.097927679061165,
    "spectral_entropy": 3.5164501518011093,
    "key_norm": 26019.22103881836,
    "norm_per_token": 90.03190670871405,
    "top_sv_ratio": 0.18714762665331364,
    "rank_10": 23.833333333333332,
    "layer_variance": 2339793.3811120284,
    "layer_norm_entropy": 2.5531223546326904,
    "n_tokens": 289,
    "n_input_tokens": 250,
    "n_generated": 39,
    "layer_norms": [
      6228.525390625,
      3556.302734375,
      2274.44970703125,
      672.7448120117188,
      587.3829956054688,
      408.18896484375,
      362.89453125,
      441.3646240234375,
      4847.65380859375,
      479.78753662109375,
      463.45611572265625,
      473.5576171875,
      424.4482421875,
      437.57257080078125,
      458.7202453613281,
      426.8019104003906,
      521.801025390625,
      405.1407470703125,
      419.7637634277344,
      457.30963134765625,
      463.82623291015625,
      417.9410095214844,
      370.01873779296875,
      419.5680847167969
    ],
    "layer_eff_ranks": [
      8.036636107450303,
      8.805923110501013,
      15.29796090547102,
      40.07919655051744,
      37.036755816975656,
      46.202219573985836,
      48.053841611871015,
      50.208145414930186,
      6.521954916210622,
      46.594772715783435,
      41.262299806123806,
      43.55708639567774,
      43.57980391624785,
      45.08932340251252,
      41.543975616401376,
      44.977939331725224,
      43.983473161781426,
      45.04964063599289,
      48.281156013017075,
      45.654563667076104,
      40.28332588224759,
      40.72112725968477,
      41.75869136861335,
      41.77045111666968
    ],
    "layer_spectral_entropies": [
      2.084010601043701,
      2.175424575805664,
      2.72771954536438,
      3.690857410430908,
      3.611910820007324,
      3.8330278396606445,
      3.8723220825195312,
      3.916177272796631,
      1.8751741647720337,
      3.8414883613586426,
      3.719949245452881,
      3.7740724086761475,
      3.7745938301086426,
      3.808645486831665,
      3.726752519607544,
      3.8061721324920654,
      3.783813953399658,
      3.807765007019043,
      3.8770413398742676,
      3.821103572845459,
      3.6959376335144043,
      3.706747055053711,
      3.731907606124878,
      3.732189178466797
    ],
    "layer_top_sv_ratios": [
      0.35521551966667175,
      0.6060618758201599,
      0.3790138065814972,
      0.17559264600276947,
      0.17315873503684998,
      0.11200307309627533,
      0.10511816293001175,
      0.08696099370718002,
      0.6819051504135132,
      0.0974183976650238,
      0.15437467396259308,
      0.10416296124458313,
      0.11177489161491394,
      0.11204522848129272,
      0.1261700987815857,
      0.11320322751998901,
      0.10077493637800217,
      0.12648221850395203,
      0.09688970446586609,
      0.10301710665225983,
      0.14517931640148163,
      0.13862554728984833,
      0.12389161437749863,
      0.16250315308570862
    ],
    "layer_rank_10s": [
      4,
      1,
      2,
      12,
      16,
      34,
      34,
      46,
      1,
      39,
      21,
      30,
      31,
      31,
      26,
      32,
      32,
      26,
      40,
      35,
      19,
      22,
      24,
      14
    ],
    "response_length": 187
  },
  "delta_features": {
    "eff_rank": 0.6168048015199474,
    "spectral_entropy": 0.017739082376162063,
    "key_norm": 1778.0809326171875,
    "norm_per_token": -6.932653716090641,
    "top_sv_ratio": -0.002986242684225232,
    "rank_10": 0.875,
    "layer_variance": 307451.62951623974,
    "layer_norm_entropy": 0.0005623917660075861
  },
  "n_tokens": 289,
  "response_length": 187,
  "model": "Qwen/Qwen2.5-0.5B-Instruct",
  "temperature": 0.0,
  "rep": 0,
  "elapsed_seconds": 0.7972757816314697,
  "timestamp": "2026-03-20T02:37:15.853440"
}