{
  "prompt_id": "meta_025",
  "trial_id": "meta_025",
  "prompt_type": "metacognitive",
  "prompt_text": "What is the relationship between your confidence in a claim and the actual correctness of that claim?",
  "response_text": "I'm sorry, but I cannot complete this task as it appears to be incomplete or poorly structured. Please provide more information or context so I can assist you better.",
  "vcp_ratings": {},
  "vcp_parse_quality": "failed",
  "vcp_n_parsed": 0,
  "vcp_validation": {
    "valid": false,
    "issues": [
      "Too few ratings: 0/10"
    ]
  },
  "encode_features": {
    "eff_rank": 37.69201668003026,
    "spectral_entropy": 3.503011107444763,
    "key_norm": 24170.626678466797,
    "norm_per_token": 97.07078987336062,
    "top_sv_ratio": 0.1888319089387854,
    "rank_10": 23.458333333333332,
    "layer_variance": 2025830.1711848497,
    "layer_norm_entropy": 2.550979726219282,
    "n_tokens": 249,
    "n_input_tokens": 249,
    "n_generated": 0,
    "layer_norms": [
      5792.42626953125,
      3306.226806640625,
      2119.34619140625,
      626.6425170898438,
      548.7960205078125,
      379.59320068359375,
      331.7382507324219,
      407.2934875488281,
      4509.4951171875,
      446.68475341796875,
      423.2846374511719,
      436.39031982421875,
      389.4345703125,
      404.470947265625,
      422.61279296875,
      393.1485900878906,
      490.6677551269531,
      374.6621398925781,
      388.4437561035156,
      425.73565673828125,
      430.8165283203125,
      389.5014343261719,
      343.6758728027344,
      389.5390625
    ],
    "layer_eff_ranks": [
      7.915971800267798,
      8.468345342527883,
      14.709243205406391,
      39.177841703534206,
      36.284325418756005,
      45.668041157495495,
      47.66192595539506,
      49.58672912160466,
      6.312905650973488,
      46.048391864217045,
      41.12318384472207,
      42.992694123069256,
      43.247055478041915,
      44.61527955257566,
      41.18106146435188,
      44.66341715849224,
      43.16912380939246,
      44.680436844829984,
      48.15435510937757,
      45.2542086779241,
      40.24060944126276,
      40.474056248946404,
      41.529873496001926,
      41.44932385155983
    ],
    "layer_spectral_entropies": [
      2.068882465362549,
      2.1363351345062256,
      2.688476085662842,
      3.6681113243103027,
      3.591385841369629,
      3.8213987350463867,
      3.864132881164551,
      3.9037232398986816,
      1.8425960540771484,
      3.829692840576172,
      3.7165720462799072,
      3.7610301971435547,
      3.7669291496276855,
      3.7980763912200928,
      3.7179784774780273,
      3.799154758453369,
      3.7651255130767822,
      3.7995357513427734,
      3.8744115829467773,
      3.81229567527771,
      3.6948766708374023,
      3.7006611824035645,
      3.7264130115509033,
      3.7244715690612793
    ],
    "layer_top_sv_ratios": [
      0.3573154807090759,
      0.6134223341941833,
      0.3847682476043701,
      0.17819274961948395,
      0.17701058089733124,
      0.11630670726299286,
      0.10554717481136322,
      0.0893256664276123,
      0.6877897381782532,
      0.0981891006231308,
      0.1538635492324829,
      0.10646223276853561,
      0.11115482449531555,
      0.11336888372898102,
      0.12864796817302704,
      0.11152491718530655,
      0.10418110340833664,
      0.12481451779603958,
      0.09681933373212814,
      0.10441330075263977,
      0.1436876505613327,
      0.14058135449886322,
      0.1230437159538269,
      0.16153468191623688
    ],
    "layer_rank_10s": [
      4,
      1,
      2,
      12,
      15,
      32,
      34,
      42,
      1,
      39,
      22,
      29,
      31,
      31,
      26,
      31,
      31,
      28,
      39,
      35,
      19,
      22,
      23,
      14
    ]
  },
  "generation_features": {
    "eff_rank": 38.28401344785153,
    "spectral_entropy": 3.5199616154034934,
    "key_norm": 25717.92123413086,
    "norm_per_token": 90.87604676371329,
    "top_sv_ratio": 0.186036861812075,
    "rank_10": 24.166666666666668,
    "layer_variance": 2293560.2971023507,
    "layer_norm_entropy": 2.5510930131824594,
    "n_tokens": 283,
    "n_input_tokens": 249,
    "n_generated": 34,
    "layer_norms": [
      6163.85791015625,
      3518.810302734375,
      2252.3974609375,
      666.5870361328125,
      582.1614990234375,
      404.2572326660156,
      357.3703308105469,
      435.6895751953125,
      4798.18310546875,
      473.6231689453125,
      453.162841796875,
      463.8057556152344,
      417.0580749511719,
      429.0768127441406,
      452.1204833984375,
      419.0575866699219,
      516.070068359375,
      399.8778991699219,
      414.1883239746094,
      453.9811706542969,
      458.216064453125,
      411.4592590332031,
      363.69970703125,
      413.2095642089844
    ],
    "layer_eff_ranks": [
      8.03252907450754,
      8.720864012649772,
      15.140898572926714,
      39.873829454735905,
      36.95088419921104,
      46.194289118051444,
      48.196278607396835,
      50.253773949063316,
      6.500611614004759,
      46.767861507620424,
      41.687476815138446,
      43.722507954176045,
      43.90797248258323,
      45.38696212500656,
      41.77268195899829,
      45.22535611649541,
      44.21062855490761,
      45.245394560538706,
      48.75054446109507,
      45.94333505851201,
      40.84192663911818,
      41.17846950676259,
      42.2110376155994,
      42.1002087893375
    ],
    "layer_spectral_entropies": [
      2.0834994316101074,
      2.1657183170318604,
      2.7173995971679688,
      3.685720205307007,
      3.6095895767211914,
      3.8328561782836914,
      3.875281810760498,
      3.917085647583008,
      1.8718962669372559,
      3.84519624710083,
      3.73020076751709,
      3.777863025665283,
      3.7820959091186523,
      3.8152248859405518,
      3.7322425842285156,
      3.8116579055786133,
      3.7889652252197266,
      3.812100887298584,
      3.886716365814209,
      3.827408790588379,
      3.7097091674804688,
      3.7179155349731445,
      3.7426817417144775,
      3.7400527000427246
    ],
    "layer_top_sv_ratios": [
      0.35536447167396545,
      0.6078805923461914,
      0.3806089460849762,
      0.1760019063949585,
      0.1735435575246811,
      0.11238309741020203,
      0.10409879684448242,
      0.08677534759044647,
      0.6824504733085632,
      0.09653270244598389,
      0.15158376097679138,
      0.10294470936059952,
      0.10930883884429932,
      0.11052456498146057,
      0.12566940486431122,
      0.1107618436217308,
      0.09988462924957275,
      0.1240343376994133,
      0.09480873495340347,
      0.10206429660320282,
      0.14222119748592377,
      0.1362304985523224,
      0.1197151243686676,
      0.1594928503036499
    ],
    "layer_rank_10s": [
      4,
      1,
      2,
      12,
      16,
      34,
      34,
      44,
      1,
      39,
      23,
      30,
      31,
      32,
      27,
      32,
      32,
      28,
      41,
      35,
      20,
      22,
      25,
      15
    ],
    "response_length": 166
  },
  "delta_features": {
    "eff_rank": 0.5919967678212714,
    "spectral_entropy": 0.01695050795873021,
    "key_norm": 1547.2945556640625,
    "norm_per_token": -6.194743109647334,
    "top_sv_ratio": -0.002795047126710415,
    "rank_10": 0.7083333333333357,
    "layer_variance": 267730.12591750105,
    "layer_norm_entropy": 0.00011328696317747244
  },
  "n_tokens": 283,
  "response_length": 166,
  "model": "Qwen/Qwen2.5-0.5B-Instruct",
  "temperature": 0.0,
  "rep": 0,
  "elapsed_seconds": 0.7112500667572021,
  "timestamp": "2026-03-20T02:35:58.619927"
}