{
  "prompt_id": "meta_048",
  "trial_id": "meta_048",
  "prompt_type": "metacognitive",
  "prompt_text": "Describe what happens when you encounter a prompt that could be interpreted in multiple valid ways.",
  "response_text": "I'm sorry, but I cannot proceed without a specific prompt or question to work on. Please provide me with a prompt or question so I can assist you better.",
  "vcp_ratings": {},
  "vcp_parse_quality": "failed",
  "vcp_n_parsed": 0,
  "vcp_validation": {
    "valid": false,
    "issues": [
      "Too few ratings: 0/10"
    ]
  },
  "encode_features": {
    "eff_rank": 37.766944116153304,
    "spectral_entropy": 3.5050959984461465,
    "key_norm": 24064.302154541016,
    "norm_per_token": 97.03347642960087,
    "top_sv_ratio": 0.18851835001260042,
    "rank_10": 23.541666666666668,
    "layer_variance": 2020187.321250216,
    "layer_norm_entropy": 2.5474417689263866,
    "n_tokens": 248,
    "n_input_tokens": 248,
    "n_generated": 0,
    "layer_norms": [
      5780.53466796875,
      3299.722900390625,
      2113.844482421875,
      624.888427734375,
      547.3189086914062,
      377.1520690917969,
      329.5478820800781,
      405.75372314453125,
      4500.08251953125,
      445.5975036621094,
      417.10809326171875,
      434.0963134765625,
      386.00927734375,
      401.6802978515625,
      413.9891357421875,
      389.06768798828125,
      486.6628723144531,
      371.4321594238281,
      384.31988525390625,
      419.2801513671875,
      425.0633544921875,
      385.1342468261719,
      340.9832458496094,
      385.0323486328125
    ],
    "layer_eff_ranks": [
      7.904248940631659,
      8.500636221508572,
      14.790050721938043,
      39.2259292230411,
      36.30192552970836,
      45.67795041204669,
      47.7344687997914,
      49.5148656020507,
      6.327565901230911,
      45.89988020948374,
      41.3785283684718,
      42.97519024823363,
      43.195356610990004,
      44.62256656902194,
      41.65818673434925,
      44.89807677911024,
      43.26391708825839,
      44.828583247688634,
      48.23225851099631,
      45.43159943541155,
      40.34367640199951,
      40.600927171826626,
      41.534111551418206,
      41.566158508471986
    ],
    "layer_spectral_entropies": [
      2.0674004554748535,
      2.140141010284424,
      2.6939547061920166,
      3.6693379878997803,
      3.5918707847595215,
      3.821615695953369,
      3.8656537532806396,
      3.902272939682007,
      1.8449156284332275,
      3.826462507247925,
      3.722762107849121,
      3.760622978210449,
      3.765733003616333,
      3.7982397079467773,
      3.7294979095458984,
      3.8043949604034424,
      3.7673189640045166,
      3.8028459548950195,
      3.876028060913086,
      3.8162078857421875,
      3.697434663772583,
      3.7037909030914307,
      3.726515054702759,
      3.7272863388061523
    ],
    "layer_top_sv_ratios": [
      0.35746869444847107,
      0.6126680374145508,
      0.38394734263420105,
      0.17793218791484833,
      0.17719502747058868,
      0.11637401580810547,
      0.10544104874134064,
      0.0894085019826889,
      0.6875012516975403,
      0.09852684289216995,
      0.15212829411029816,
      0.10631901025772095,
      0.11195288598537445,
      0.1128968894481659,
      0.12645025551319122,
      0.11115900427103043,
      0.10367011278867722,
      0.12520423531532288,
      0.09691261500120163,
      0.10352319478988647,
      0.14282681047916412,
      0.14054787158966064,
      0.12381718307733536,
      0.16056908667087555
    ],
    "layer_rank_10s": [
      4,
      1,
      2,
      13,
      16,
      32,
      33,
      43,
      1,
      38,
      23,
      28,
      31,
      31,
      27,
      32,
      31,
      28,
      39,
      35,
      19,
      21,
      23,
      14
    ]
  },
  "generation_features": {
    "eff_rank": 38.34733855823138,
    "spectral_entropy": 3.5214510560035706,
    "key_norm": 25601.695373535156,
    "norm_per_token": 90.78615380686226,
    "top_sv_ratio": 0.18581272289156914,
    "rank_10": 24.291666666666668,
    "layer_variance": 2289127.015064722,
    "layer_norm_entropy": 2.546891143085645,
    "n_tokens": 282,
    "n_input_tokens": 248,
    "n_generated": 34,
    "layer_norms": [
      6152.66357421875,
      3512.727294921875,
      2247.5302734375,
      664.8502197265625,
      580.7598876953125,
      401.5080871582031,
      355.48291015625,
      433.9756164550781,
      4790.16015625,
      472.8154602050781,
      447.1080627441406,
      461.50579833984375,
      413.8055419921875,
      425.69525146484375,
      442.3501892089844,
      413.42730712890625,
      512.0557250976562,
      395.875,
      408.1224365234375,
      444.65576171875,
      450.01708984375,
      405.4604187011719,
      360.4504699707031,
      408.6928405761719
    ],
    "layer_eff_ranks": [
      8.023821988203757,
      8.713247014352987,
      15.18675548636541,
      39.912407124636246,
      37.003780688552006,
      46.19350716071888,
      48.202599010330644,
      50.178694520813536,
      6.497932446929233,
      46.61839656298714,
      41.92955721929377,
      43.745489056759,
      43.8484890541194,
      45.46139648038185,
      42.2848200596188,
      45.56518830211367,
      44.22867780579494,
      45.36292401972168,
      48.77079599420177,
      46.15901509257524,
      40.94912085552654,
      41.278092334248704,
      42.06096050518682,
      42.16045661412109
    ],
    "layer_spectral_entropies": [
      2.0824148654937744,
      2.164844512939453,
      2.720423698425293,
      3.6866872310638428,
      3.611020088195801,
      3.832839250564575,
      3.875412940979004,
      3.915590524673462,
      1.8714840412139893,
      3.8419952392578125,
      3.7359910011291504,
      3.778388500213623,
      3.780740261077881,
      3.816863536834717,
      3.7444281578063965,
      3.8191440105438232,
      3.7893733978271484,
      3.814695119857788,
      3.887131690979004,
      3.83209228515625,
      3.7123303413391113,
      3.720331907272339,
      3.7391200065612793,
      3.741482734680176
    ],
    "layer_top_sv_ratios": [
      0.3554626405239105,
      0.6079801321029663,
      0.3800308406352997,
      0.17594614624977112,
      0.17371641099452972,
      0.1126004308462143,
      0.10423874855041504,
      0.08707842230796814,
      0.6826524138450623,
      0.09675788879394531,
      0.14996612071990967,
      0.1025395467877388,
      0.10983928292989731,
      0.10966214537620544,
      0.12356998026371002,
      0.10970589518547058,
      0.09989017248153687,
      0.1240815818309784,
      0.09456253796815872,
      0.10081624239683151,
      0.1414576768875122,
      0.13641193509101868,
      0.12144473195075989,
      0.15909342467784882
    ],
    "layer_rank_10s": [
      4,
      1,
      2,
      12,
      16,
      34,
      34,
      44,
      1,
      39,
      23,
      30,
      32,
      33,
      28,
      33,
      33,
      28,
      40,
      36,
      20,
      22,
      24,
      14
    ],
    "response_length": 153
  },
  "delta_features": {
    "eff_rank": 0.5803944420780738,
    "spectral_entropy": 0.016355057557424058,
    "key_norm": 1537.3932189941406,
    "norm_per_token": -6.247322622738608,
    "top_sv_ratio": -0.0027056271210312843,
    "rank_10": 0.75,
    "layer_variance": 268939.6938145058,
    "layer_norm_entropy": -0.0005506258407415032
  },
  "n_tokens": 282,
  "response_length": 153,
  "model": "Qwen/Qwen2.5-0.5B-Instruct",
  "temperature": 0.0,
  "rep": 0,
  "elapsed_seconds": 0.7092001438140869,
  "timestamp": "2026-03-20T02:37:17.303436",
  "vcp_warnings": [
    "No ---VCP RATINGS--- block found in response"
  ],
  "vcp_ratings_original": {},
  "vcp_parse_quality_original": "failed"
}