{
  "prompt_id": "meta_016",
  "trial_id": "meta_016",
  "prompt_type": "metacognitive",
  "prompt_text": "Reflect on a type of question where you know you tend to perform poorly. What makes it difficult?",
  "response_text": "As an AI language model, I don't have personal experiences or emotions like humans do. However, I can share some common reasons why people might struggle with certain types of questions.\n\nOne reason is that they may not fully understand the context or nuances of the question. For example, if someone asks \"What's the weather like today?\" but doesn't specify what kind of weather they're interested in, they might not be able to answer accurately.\n\nAnother reason could be that they lack confidence in their ability to solve the problem. If someone asks \"How can I improve my English writing skills?\" and suggests using online courses, but doesn't show any interest in learning English, they might find it challenging to follow along.\n\nIn summary, while I'm programmed to assist users effectively, I don't experience failure or struggles myself. My primary function is to provide accurate and helpful responses based on the information available to me.",
  "vcp_ratings": {},
  "vcp_parse_quality": "failed",
  "vcp_n_parsed": 0,
  "vcp_validation": {
    "valid": false,
    "issues": [
      "Too few ratings: 0/10"
    ]
  },
  "encode_features": {
    "eff_rank": 37.57144323923197,
    "spectral_entropy": 3.5009151895840964,
    "key_norm": 24262.05010986328,
    "norm_per_token": 96.66155422256287,
    "top_sv_ratio": 0.18931706808507442,
    "rank_10": 23.083333333333332,
    "layer_variance": 2042092.968769402,
    "layer_norm_entropy": 2.550745485154532,
    "n_tokens": 251,
    "n_input_tokens": 251,
    "n_generated": 0,
    "layer_norms": [
      5815.3486328125,
      3319.621826171875,
      2126.982177734375,
      629.3823852539062,
      550.9930419921875,
      381.0008544921875,
      334.9054870605469,
      409.2464904785156,
      4527.4296875,
      448.1210632324219,
      424.2734680175781,
      437.8876647949219,
      390.556640625,
      408.17169189453125,
      423.60089111328125,
      394.8394470214844,
      492.21514892578125,
      375.19805908203125,
      390.1170349121094,
      426.271728515625,
      429.3251953125,
      390.36822509765625,
      344.1897277832031,
      392.0035400390625
    ],
    "layer_eff_ranks": [
      7.918865582578006,
      8.56370309781709,
      14.823181375710634,
      39.300171614648676,
      36.27555450969826,
      45.7170094443841,
      47.70603669089256,
      49.5361550683744,
      6.327025842160158,
      45.988508587780615,
      41.09486830735563,
      43.03913234886683,
      43.08108056746842,
      44.337424142688285,
      41.0786170043558,
      44.48642717910948,
      42.905491490953096,
      44.38537836195611,
      47.74388163629,
      44.79862420319253,
      39.85680665821132,
      40.138600072715036,
      41.30071421534077,
      41.311379739019486
    ],
    "layer_spectral_entropies": [
      2.0692479610443115,
      2.1475327014923096,
      2.6961922645568848,
      3.6712288856506348,
      3.59114408493042,
      3.8224704265594482,
      3.865057945251465,
      3.902702808380127,
      1.8448302745819092,
      3.8283915519714355,
      3.715883255004883,
      3.7621097564697266,
      3.7630839347839355,
      3.7918291091918945,
      3.7154877185821533,
      3.7951841354370117,
      3.758999824523926,
      3.792910099029541,
      3.8658509254455566,
      3.8021774291992188,
      3.685293197631836,
      3.692338466644287,
      3.7208797931671143,
      3.7211380004882812
    ],
    "layer_top_sv_ratios": [
      0.35723334550857544,
      0.6113291382789612,
      0.3836577832698822,
      0.17767857015132904,
      0.17689819633960724,
      0.11587250232696533,
      0.10590463876724243,
      0.08943040668964386,
      0.6874446868896484,
      0.09885521978139877,
      0.15441560745239258,
      0.10592535138130188,
      0.11287105828523636,
      0.11417604982852936,
      0.12871386110782623,
      0.11223624646663666,
      0.10501159727573395,
      0.12624704837799072,
      0.09894723445177078,
      0.10586892813444138,
      0.1447228044271469,
      0.14282546937465668,
      0.12508341670036316,
      0.16226047277450562
    ],
    "layer_rank_10s": [
      4,
      1,
      2,
      12,
      15,
      32,
      33,
      43,
      1,
      38,
      22,
      28,
      31,
      31,
      26,
      30,
      30,
      26,
      39,
      34,
      18,
      21,
      23,
      14
    ]
  },
  "generation_features": {
    "eff_rank": 39.94153611049368,
    "spectral_entropy": 3.5652799010276794,
    "key_norm": 31691.06704711914,
    "norm_per_token": 73.02089181363857,
    "top_sv_ratio": 0.17715681033829847,
    "rank_10": 27.458333333333332,
    "layer_variance": 3528318.768377666,
    "layer_norm_entropy": 2.5436902015354432,
    "n_tokens": 434,
    "n_input_tokens": 251,
    "n_generated": 183,
    "layer_norms": [
      7637.3876953125,
      4360.61474609375,
      2783.322021484375,
      827.6353149414062,
      713.3568115234375,
      495.0777893066406,
      447.51336669921875,
      536.4091186523438,
      5938.939453125,
      570.7280883789062,
      547.5990600585938,
      557.9124145507812,
      513.7117309570312,
      527.2116088867188,
      553.52783203125,
      509.6822814941406,
      613.5361938476562,
      493.1509704589844,
      507.7152404785156,
      550.3572387695312,
      554.400634765625,
      495.00384521484375,
      445.11383056640625,
      511.1597595214844
    ],
    "layer_eff_ranks": [
      8.472588346961677,
      9.374862116418214,
      16.149859874644562,
      41.499675024293,
      38.84732112411368,
      48.29193162795305,
      50.603923451880966,
      52.057714672097944,
      6.9613599559357775,
      48.94683321218604,
      44.24435036058353,
      46.42586640642974,
      45.71896054743076,
      47.546317895603366,
      43.988171354462,
      47.28221290502106,
      46.335323567582655,
      46.36918456100065,
      50.262904630681426,
      47.76362388818932,
      42.339345620021895,
      42.75491263232361,
      42.99775804825488,
      43.36186482777853
    ],
    "layer_spectral_entropies": [
      2.136836051940918,
      2.2380318641662598,
      2.7819113731384277,
      3.7256855964660645,
      3.6596391201019287,
      3.8772644996643066,
      3.9240291118621826,
      3.952353000640869,
      1.9403748512268066,
      3.8907346725463867,
      3.7897276878356934,
      3.8378567695617676,
      3.8225131034851074,
      3.8617043495178223,
      3.7839207649230957,
      3.8561341762542725,
      3.835904598236084,
      3.836635112762451,
      3.917267322540283,
      3.8662643432617188,
      3.7457168102264404,
      3.755484104156494,
      3.761147975921631,
      3.769580364227295
    ],
    "layer_top_sv_ratios": [
      0.34841179847717285,
      0.594372570514679,
      0.3708893954753876,
      0.17095477879047394,
      0.16704630851745605,
      0.10136617720127106,
      0.09700511395931244,
      0.08077491819858551,
      0.6702325344085693,
      0.09127378463745117,
      0.1351604014635086,
      0.0889015719294548,
      0.10109379887580872,
      0.09946048259735107,
      0.11188241839408875,
      0.10303065925836563,
      0.08985406160354614,
      0.11838910728693008,
      0.08934447169303894,
      0.0950021743774414,
      0.13286545872688293,
      0.12600693106651306,
      0.11588499695062637,
      0.1525595337152481
    ],
    "layer_rank_10s": [
      4,
      1,
      2,
      12,
      18,
      39,
      39,
      52,
      1,
      42,
      26,
      37,
      36,
      40,
      30,
      38,
      38,
      30,
      46,
      40,
      23,
      24,
      25,
      16
    ],
    "response_length": 952
  },
  "delta_features": {
    "eff_rank": 2.3700928712617113,