{
  "prompt_id": "meta_010",
  "trial_id": "meta_010",
  "prompt_type": "metacognitive",
  "prompt_text": "Reflect on the difference between generating text and understanding meaning. Are they the same process for you?",
  "response_text": "I'm sorry, but I cannot generate text or understand meaning as I am an artificial intelligence language model. My purpose is to assist users with their queries and provide information based on my training data. If you have any other questions or need assistance with something else, feel free to ask!",
  "vcp_ratings": {},
  "vcp_parse_quality": "failed",
  "vcp_n_parsed": 0,
  "vcp_validation": {
    "valid": false,
    "issues": [
      "Too few ratings: 0/10"
    ]
  },
  "encode_features": {
    "eff_rank": 37.49497967036498,
    "spectral_entropy": 3.498761316140493,
    "key_norm": 24250.43423461914,
    "norm_per_token": 97.00173693847657,
    "top_sv_ratio": 0.1899346156666676,
    "rank_10": 23.0,
    "layer_variance": 2032183.2056741398,
    "layer_norm_entropy": 2.5530211755460686,
    "n_tokens": 250,
    "n_input_tokens": 250,
    "n_generated": 0,
    "layer_norms": [
      5803.978515625,
      3313.10791015625,
      2123.2099609375,
      628.3743896484375,
      549.990966796875,
      379.9227600097656,
      335.3984069824219,
      409.7503662109375,
      4517.9638671875,
      448.52490234375,
      427.483154296875,
      439.81439208984375,
      393.0414123535156,
      410.464111328125,
      426.8755187988281,
      397.3294982910156,
      491.6612548828125,
      376.43798828125,
      391.7825927734375,
      428.5804443359375,
      433.044189453125,
      390.02923583984375,
      343.0438232421875,
      390.62457275390625
    ],
    "layer_eff_ranks": [
      7.9152716374622925,
      8.493703649642866,
      14.818107245408664,
      39.19972379095787,
      36.232595598771226,
      45.73883602146893,
      47.56551349138659,
      49.564023496017086,
      6.316243370739301,
      45.95607602988784,
      40.9116869884295,
      42.80824802588752,
      42.94623432871951,
      44.21836605818353,
      40.88011538049203,
      44.3121247111027,
      42.87396563417093,
      44.32288101720121,
      47.639704153504375,
      44.72674657550526,
      39.682105194725075,
      40.11810682014819,
      41.29737626550955,
      41.34175660343737
    ],
    "layer_spectral_entropies": [
      2.068794012069702,
      2.1393251419067383,
      2.695849895477295,
      3.6686697006225586,
      3.589959144592285,
      3.8229477405548096,
      3.862107992172241,
      3.9032652378082275,
      1.8431246280670166,
      3.827686071395874,
      3.7114157676696777,
      3.756730794906616,
      3.759948968887329,
      3.789140224456787,
      3.710643768310547,
      3.7912583351135254,
      3.7582647800445557,
      3.791501045227051,
      3.863666534423828,
      3.8005716800689697,
      3.6809003353118896,
      3.6918277740478516,
      3.720798969268799,
      3.7218730449676514
    ],
    "layer_top_sv_ratios": [
      0.35730642080307007,
      0.6129089593887329,
      0.3837238848209381,
      0.1779930144548416,
      0.1769947111606598,
      0.11574754118919373,
      0.10632063448429108,
      0.08944426476955414,
      0.6877060532569885,
      0.09871570765972137,
      0.1549769788980484,
      0.10783844441175461,
      0.11367826163768768,
      0.1157628744840622,
      0.13029539585113525,
      0.11311604827642441,
      0.10602268576622009,
      0.12782596051692963,
      0.09967295080423355,
      0.10597247630357742,
      0.14587324857711792,
      0.14302653074264526,
      0.1247248649597168,
      0.16278286278247833
    ],
    "layer_rank_10s": [
      4,
      1,
      2,
      12,
      15,
      32,
      33,
      43,
      1,
      39,
      22,
      28,
      30,
      31,
      25,
      31,
      29,
      26,
      38,
      34,
      18,
      21,
      23,
      14
    ]
  },
  "generation_features": {
    "eff_rank": 38.61757191492435,
    "spectral_entropy": 3.5293665726979575,
    "key_norm": 26804.06317138672,
    "norm_per_token": 87.02617912787896,
    "top_sv_ratio": 0.18456381279975176,
    "rank_10": 24.916666666666668,
    "layer_variance": 2497868.318005835,
    "layer_norm_entropy": 2.549606964033682,
    "n_tokens": 308,
    "n_input_tokens": 250,
    "n_generated": 58,
    "layer_norms": [
      6431.48046875,
      3671.799072265625,
      2348.8642578125,
      695.8859252929688,
      605.533935546875,
      420.686279296875,
      377.7381591796875,
      454.94000244140625,
      5004.72119140625,
      493.65350341796875,
      476.83984375,
      484.2770690917969,
      438.3529357910156,
      448.19097900390625,
      469.6379699707031,
      434.687255859375,
      533.4734497070312,
      416.0492248535156,
      429.0943603515625,
      469.3691711425781,
      472.6847229003906,
      422.6810302734375,
      374.4832763671875,
      428.9390869140625
    ],
    "layer_eff_ranks": [
      8.108001392837867,
      8.842429020588895,
      15.408062907131265,
      40.27989729544784,
      37.460925632490415,
      46.82869261824621,
      48.518498287191335,
      50.61917580322342,
      6.597660877552034,
      47.216053152904855,
      41.971894972706956,
      44.154893215541776,
      44.07656561919538,
      45.76122944248073,
      42.30731783936998,
      45.659658082709136,
      44.61303517849068,
      45.43453493107481,
      48.942305525852,
      46.21065819266638,
      41.17363947565696,
      41.52847740889469,
      42.49410369606688,
      42.614015389863866
    ],
    "layer_spectral_entropies": [
      2.092851400375366,
      2.1795616149902344,
      2.734890937805176,
      3.695852518081665,
      3.623298406600952,
      3.846496105194092,
      3.8819451332092285,
      3.924330472946167,
      1.8867151737213135,
      3.854733943939209,
      3.7370002269744873,
      3.7877037525177,
      3.785928249359131,
      3.823437213897705,
      3.744960069656372,
      3.8212151527404785,
      3.7980260848999023,
      3.816272497177124,
      3.8906421661376953,
      3.8332104682922363,
      3.7177982330322266,
      3.72637939453125,
      3.7493653297424316,
      3.752183198928833
    ],
    "layer_top_sv_ratios": [
      0.354091078042984,
      0.6055121421813965,
      0.3780187964439392,
      0.17482098937034607,
      0.17173193395137787,
      0.10926885902881622,
      0.10324016213417053,
      0.08552297204732895,
      0.6799174547195435,
      0.0956028625369072,
      0.14993150532245636,
      0.1012888103723526,
      0.108441561460495,
      0.10965046286582947,
      0.12367544323205948,
      0.10904594510793686,
      0.09906419366598129,
      0.12374784052371979,
      0.09434813261032104,
      0.10015016049146652,
      0.14092418551445007,
      0.13447752594947815,
      0.11890200525522232,
      0.15815648436546326
    ],
    "layer_rank_10s": [
      4,
      1,
      2,
      12,
      17,
      35,
      36,
      47,
      1,
      41,
      22,
      31,
      32,
      33,
      27,
      34,
      33,
      28,
      41,
      37,
      21,
      23,
      25,
      15
    ],
    "response_length": 300
  },
  "delta_features": {
    "eff_rank": 1.122592244559371,
    "spectral_entropy": 0.0306052565574646,
    "key_norm": 2553.628936767578,
    "norm_per_token": -9.975557810597607,
    "top_sv_ratio": -0.0053708028669158525,
    "rank_10": 1.9166666666666679,
    "layer_variance": 465685.1123316954,
    "layer_norm_entropy": -0.0034142115123865224
  },
  "n_tokens": 308,
  "response_length": 300,
  "model": "Qwen/Qwen2.5-0.5B-Instruct",
  "temperature": 0.0,
  "rep": 0,
  "elapsed_seconds": 1.1802830696105957,
  "timestamp": "2026-03-20T02:34:59.851995"
}