{
  "prompt_id": "meta_038",
  "trial_id": "meta_038",
  "prompt_type": "metacognitive",
  "prompt_text": "Describe how you handle requests that require you to take a perspective you disagree with.",
  "response_text": "As an AI language model, I don't have personal perspectives or emotions like humans do. However, I can provide guidance on how to approach handling requests that require taking a perspective different from my own.\n\nWhen faced with a request requiring a perspective different from mine, it's important to:\n\n---VCP RATINGS---\nA (Analytical Precision): 8\nV (Verbal Fluency): 9\nG (Goal Directedness): 7\nP (Pattern Recognition): 6\nE (Epistemic Confidence): 5\nQ (Contextual Awareness): 4\nC (Cognitive Engagement): 3\nY (Affective Modeling): 2\nF (Flexibility): 1\nD (Depth of Processing): 0\n\nHandling such requests requires careful consideration and reflection. It's essential to understand the context, gather relevant information, and consider potential biases before making any decisions. It's also crucial to be open-minded and willing to learn from others' perspectives. By doing so, we can arrive at more accurate and balanced conclusions.",
  "vcp_ratings": {
    "A": 8.0,
    "V": 9.0,
    "G": 7.0,
    "P": 6.0,
    "E": 5.0,
    "Q": 4.0,
    "C": 3.0,
    "Y": 2.0,
    "F": 1.0,
    "D": 0.0
  },
  "vcp_parse_quality": "clean",
  "vcp_n_parsed": 10,
  "vcp_validation": {
    "valid": false,
    "issues": [
      "All ratings are integers (no decimal discrimination)"
    ]
  },
  "encode_features": {
    "eff_rank": 37.74828567569319,
    "spectral_entropy": 3.504393994808197,
    "key_norm": 24050.44613647461,
    "norm_per_token": 97.37022727317655,
    "top_sv_ratio": 0.18871327365438142,
    "rank_10": 23.541666666666668,
    "layer_variance": 2010484.1172729537,
    "layer_norm_entropy": 2.549627235540483,
    "n_tokens": 247,
    "n_input_tokens": 247,
    "n_generated": 0,
    "layer_norms": [
      5768.8330078125,
      3292.8828125,
      2109.58642578125,
      623.7674560546875,
      546.5940551757812,
      376.92828369140625,
      330.21099853515625,
      405.453369140625,
      4491.69921875,
      444.8604431152344,
      420.4636535644531,
      435.4710388183594,
      387.8549499511719,
      403.6934814453125,
      416.495849609375,
      389.8094177246094,
      485.6180114746094,
      370.4766845703125,
      385.51629638671875,
      421.4569396972656,
      426.560302734375,
      386.5850524902344,
      342.69366455078125,
      386.9347229003906
    ],
    "layer_eff_ranks": [
      7.901516859196754,
      8.48038517895712,
      14.766179846274177,
      39.26875756187428,
      36.27214705587567,
      45.63572579924115,
      47.71930062486034,
      49.50516262594991,
      6.310157910978954,
      45.968963012472514,
      41.02225260709113,
      42.84001154652338,
      43.03919391688355,
      44.508515166312904,
      41.46232109880474,
      44.81877276751201,
      43.285738648880276,
      45.011784943142516,
      48.40419377468689,
      45.498371958708226,
      40.50225303557181,
      40.56762222643523,
      41.638496063511916,
      41.5310319868911
    ],
    "layer_spectral_entropies": [
      2.0670547485351562,
      2.137755870819092,
      2.6923394203186035,
      3.670429229736328,
      3.591050148010254,
      3.820690870285034,
      3.8653359413146973,
      3.9020769596099854,
      1.842160701751709,
      3.8279664516448975,
      3.7141146659851074,
      3.757472515106201,
      3.762111186981201,
      3.795680522918701,
      3.724785089492798,
      3.8026270866394043,
      3.7678232192993164,
      3.806924343109131,
      3.8795864582061768,
      3.817676544189453,
      3.70135760307312,
      3.702970266342163,
      3.72902512550354,
      3.726440906524658
    ],
    "layer_top_sv_ratios": [
      0.3575170338153839,
      0.6130056381225586,
      0.38415661454200745,
      0.17771047353744507,
      0.17712794244289398,
      0.11656057834625244,
      0.10568037629127502,
      0.0894421637058258,
      0.6879269480705261,
      0.09884574264287949,
      0.1544288992881775,
      0.10726666450500488,
      0.11209271103143692,
      0.11397305130958557,
      0.12729212641716003,
      0.11135318130254745,
      0.10395488142967224,
      0.12416506558656693,
      0.09582439064979553,
      0.1030147522687912,
      0.1422426402568817,
      0.14072154462337494,
      0.12326180934906006,
      0.16155333817005157
    ],
    "layer_rank_10s": [
      4,
      1,
      2,
      12,
      16,
      32,
      33,
      43,
      1,
      38,
      22,
      28,
      30,
      31,
      26,
      33,
      31,
      28,
      40,
      35,
      20,
      22,
      23,
      14
    ]
  },
  "generation_features": {
    "eff_rank": 39.70625296521518,
    "spectral_entropy": 3.5585162738958993,
    "key_norm": 32943.868103027344,
    "norm_per_token": 71.3070738160765,
    "top_sv_ratio": 0.1799453959489862,
    "rank_10": 26.458333333333332,
    "layer_variance": 3743356.4302571923,
    "layer_norm_entropy": 2.554246553700948,
    "n_tokens": 462,
    "n_input_tokens": 247,
    "n_generated": 215,
    "layer_norms": [
      7880.607421875,
      4498.21875,
      2879.6982421875,
      857.3798217773438,
      745.9730834960938,
      517.3580932617188,
      454.1698913574219,
      557.7236328125,
      6131.80419921875,
      607.0070190429688,
      574.4959716796875,
      597.5059814453125,
      539.2566528320312,
      559.1220092773438,
      585.6370239257812,
      537.2947387695312,
      662.0822143554688,
      516.476806640625,
      534.14453125,
      575.9185791015625,
      587.912841796875,
      531.5557861328125,
      477.5093078613281,
      535.0155029296875
    ],
    "layer_eff_ranks": [
      8.574774469493805,
      9.15887712931555,
      15.91028676027446,
      41.31161612530679,
      38.60566358204197,
      48.01879619567663,
      50.35730417957024,
      51.94836002817845,
      6.790065489711329,
      48.59339913507119,
      43.74990105812886,
      45.80573247258223,
      45.22503264069792,
      46.96178754011721,
      43.5035647957134,
      46.80781903899461,
      45.87849087859252,
      46.237262043184714,
      50.11436002664023,
      47.67330216499927,
      42.39569012434488,
      42.61038843386035,
      43.280248690927415,
      43.43734816174018
    ],
    "layer_spectral_entropies": [
      2.148824691772461,
      2.214723587036133,
      2.766965866088867,
      3.7211437225341797,
      3.6533989906311035,
      3.8715925216674805,
      3.9191436767578125,
      3.9502501487731934,
      1.9154605865478516,
      3.8834877014160156,
      3.778489351272583,
      3.824409246444702,
      3.8116507530212402,
      3.849334239959717,
      3.7728428840637207,
      3.846050262451172,
      3.8259963989257812,
      3.8337860107421875,
      3.9143075942993164,
      3.8643715381622314,
      3.747046709060669,
      3.7520980834960938,
      3.7676963806152344,
      3.771319627761841
    ],
    "layer_top_sv_ratios": [
      0.3469887673854828,
      0.5992286801338196,
      0.37312379479408264,
      0.17040348052978516,
      0.16841590404510498,
      0.10537280887365341,
      0.09721782058477402,
      0.08106827735900879,
      0.6750483512878418,
      0.09186099469661713,
      0.14055591821670532,
      0.09467659890651703,
      0.10527197271585464,
      0.10712873935699463,
      0.11720795929431915,
      0.10565656423568726,
      0.0948135033249855,
      0.11803402751684189,
      0.09212666749954224,
      0.09794943779706955,
      0.13392245769500732,
      0.13089987635612488,
      0.11755026131868362,
      0.15416663885116577
    ],