{
  "prompt_id": "meta_034",
  "trial_id": "meta_034",
  "prompt_type": "metacognitive",
  "prompt_text": "Describe your experience of maintaining coherence over a long response. What challenges arise?",
  "response_text": "Thank you for providing that information. I will now proceed to maintain coherence and clarity in my responses.\n\n### Task Completion\n\n**Cognitive Engagement Ratings:**\n- **Analytical Precision:** 8/10\n- **Verbal Fluency:** 9/10\n- **Goal Directedness:** 7/10\n- **Pattern Recognition:** 6/10\n- **Epistemic Confidence:** 5/10\n- **Contextual Awareness:** 4/10\n- **Affective Modeling:** 3/10\n- **Flexibility:** 2/10\n- **Depth of Processing:** 3/10\n\n---\n\nI am committed to ensuring that my responses are coherent, clear, and well-structured while also being engaging and informative. My goal is to provide high-quality content that meets the expectations of users who seek reliable and accurate information.",
  "vcp_ratings": {},
  "vcp_parse_quality": "failed",
  "vcp_n_parsed": 0,
  "vcp_validation": {
    "valid": false,
    "issues": [
      "All ratings are integers (no decimal discrimination)"
    ]
  },
  "encode_features": {
    "eff_rank": 37.48656815668607,
    "spectral_entropy": 3.498145341873169,
    "key_norm": 24060.298370361328,
    "norm_per_token": 97.80609093642816,
    "top_sv_ratio": 0.18999147259940705,
    "rank_10": 23.0,
    "layer_variance": 1999678.308024268,
    "layer_norm_entropy": 2.5532476315872565,
    "n_tokens": 246,
    "n_input_tokens": 246,
    "n_generated": 0,
    "layer_norms": [
      5757.443359375,
      3286.18994140625,
      2106.13134765625,
      622.923828125,
      546.0960693359375,
      377.1838073730469,
      331.2049255371094,
      405.2724304199219,
      4482.4794921875,
      445.88153076171875,
      424.32708740234375,
      436.6748962402344,
      388.90325927734375,
      406.45941162109375,
      422.97222900390625,
      393.6117248535156,
      489.25823974609375,
      372.9068908691406,
      387.7132568359375,
      423.8485412597656,
      431.2808532714844,
      390.28436279296875,
      343.0230712890625,
      388.2278137207031
    ],
    "layer_eff_ranks": [
      7.894464920682572,
      8.462954281249681,
      14.738344627676288,
      39.13843433424767,
      36.14565829814439,
      45.571174531992256,
      47.558902438110806,
      49.328940288374994,
      6.301454606059803,
      45.72634061200768,
      40.76174917944047,
      42.76839064989257,
      42.82013999549721,
      44.21376977579807,
      40.86319882038731,
      44.30927229778405,
      42.89450645061199,
      44.50094969796638,
      47.78300974675074,
      44.9563901070252,
      39.844455188268874,
      40.15486243602216,
      41.46955783405627,
      41.470714642418166
    ],
    "layer_spectral_entropies": [
      2.066161870956421,
      2.1356983184814453,
      2.6904525756835938,
      3.667104959487915,
      3.587556838989258,
      3.819275379180908,
      3.861968994140625,
      3.8985109329223633,
      1.84078049659729,
      3.822674512863159,
      3.7077441215515137,
      3.7557992935180664,
      3.7570085525512695,
      3.789036273956299,
      3.7102298736572266,
      3.791193962097168,
      3.7587437629699707,
      3.7955105304718018,
      3.8666701316833496,
      3.8056929111480713,
      3.684983253479004,
      3.6927435398101807,
      3.7249596118927,
      3.724987506866455
    ],
    "layer_top_sv_ratios": [
      0.35763126611709595,
      0.6133884191513062,
      0.38442736864089966,
      0.17824093997478485,
      0.17732150852680206,
      0.11686322093009949,
      0.10638328641653061,
      0.090055912733078,
      0.6880778670310974,
      0.09912195801734924,
      0.15630248188972473,
      0.10780476033687592,
      0.11286145448684692,
      0.11543522030115128,
      0.13005781173706055,
      0.11395373940467834,
      0.10586336255073547,
      0.1267305463552475,
      0.09875617176294327,
      0.10500835627317429,
      0.14590603113174438,
      0.1427481770515442,
      0.12486379593610764,
      0.161991685628891
    ],
    "layer_rank_10s": [
      4,
      1,
      2,
      12,
      16,
      32,
      33,
      42,
      1,
      38,
      22,
      27,
      30,
      30,
      26,
      30,
      30,
      27,
      38,
      34,
      18,
      21,
      23,
      15
    ]
  },
  "generation_features": {
    "eff_rank": 38.91246023590245,
    "spectral_entropy": 3.539823517203331,
    "key_norm": 32093.046356201172,
    "norm_per_token": 74.28945915787308,
    "top_sv_ratio": 0.18374440912157297,
    "rank_10": 24.666666666666668,
    "layer_variance": 3484765.8998294403,
    "layer_norm_entropy": 2.565426837204721,
    "n_tokens": 432,
    "n_input_tokens": 246,
    "n_generated": 186,
    "layer_norms": [
      7620.287109375,
      4349.3857421875,
      2782.620849609375,
      826.45703125,
      723.8525390625,
      503.5950622558594,
      443.9639892578125,
      540.63037109375,
      5930.361328125,
      591.9447021484375,
      577.6256713867188,
      588.986328125,
      528.7554931640625,
      556.5860595703125,
      584.842529296875,
      535.177734375,
      666.6145629882812,
      513.4945678710938,
      526.6861572265625,
      571.1825561523438,
      592.501953125,
      534.9505004882812,
      476.86505126953125,
      525.678466796875
    ],
    "layer_eff_ranks": [
      8.495826174281381,
      9.140890648514253,
      15.79826074684331,
      41.235884205980895,
      38.255710047586604,
      47.4395288856069,
      49.668418167291364,
      51.270164460820006,
      6.691705493807851,
      47.8689739628684,
      42.43438067090008,
      44.98246490862158,
      44.289922994157706,
      45.87862213819557,
      42.014465799168086,
      45.6479896631274,
      44.59885887489272,
      45.207342038758235,
      48.86571346845208,
      46.34390803865963,
      40.98588539892209,
      41.44918549974617,
      42.569030470067965,
      42.76591290438844
    ],
    "layer_spectral_entropies": [
      2.1395750045776367,
      2.2127578258514404,
      2.759899854660034,
      3.719308853149414,
      3.6442928314208984,
      3.8594558238983154,
      3.905369281768799,
      3.9371089935302734,
      1.9008687734603882,
      3.8684675693511963,
      3.7479588985443115,
      3.8062727451324463,
      3.790757179260254,
      3.8259992599487305,
      3.738013982772827,
      3.8209595680236816,
      3.79770827293396,
      3.8112595081329346,
      3.889075994491577,
      3.836089849472046,
      3.7132277488708496,
      3.724468231201172,
      3.751127004623413,
      3.7557413578033447
    ],
    "layer_top_sv_ratios": [
      0.34813740849494934,
      0.5990414619445801,
      0.373746395111084,
      0.16994109749794006,
      0.1690155565738678,
      0.10712036490440369,
      0.09855341911315918,
      0.08394886553287506,
      0.6775712966918945,
      0.09443185478448868,
      0.1490011066198349,
      0.09835511445999146,
      0.10967358201742172,
      0.11286389082670212,
      0.12417449057102203,
      0.11258396506309509,
      0.10101693868637085,
      0.12323478609323502,
      0.09720543026924133,
      0.10311014205217361,
      0.14034713804721832,
      0.1370825469493866,
      0.12215845286846161,
      0.15755051374435425
    ],
    "layer_rank_10s": [
      4,
      1,
      2,
      12,
      18,
      37,
      37,
      47,
      1,
      40,
      23,
      32,
      33,
      32,
      26,
      32,
      32,
      27,
      39,
      36,
      20,
      22,
      24,
      15
    ],
    "response_length": 701
  },
  "delta_features": {
    "eff_rank": 1.425892079216382,
    "spectral_entropy": 0.04167817533016205,
    "key_norm": 8032.747985839844,
    "norm_per_token": -23.51663177855508,
    "top_sv_ratio": -0.006247063477834075,
    "rank_10": 1.6666666666666679,
    "layer_variance": 1485087.5918051724,