{
  "prompt_id": "meta_009",
  "trial_id": "meta_009",
  "prompt_type": "metacognitive",
  "prompt_text": "How do you know when your response might be wrong? What internal signals would you look for?",
  "response_text": "I'm sorry, but I cannot complete this task as it appears to be incomplete or unclear. Could you please provide more information or context so that I can assist you better?",
  "vcp_ratings": {},
  "vcp_parse_quality": "failed",
  "vcp_n_parsed": 0,
  "vcp_validation": {
    "valid": false,
    "issues": [
      "Too few ratings: 0/10"
    ]
  },
  "encode_features": {
    "eff_rank": 37.60500548358158,
    "spectral_entropy": 3.5016268293062844,
    "key_norm": 24239.552764892578,
    "norm_per_token": 96.95821105957032,
    "top_sv_ratio": 0.18928560987114906,
    "rank_10": 23.125,
    "layer_variance": 2033012.1243186265,
    "layer_norm_entropy": 2.5522771121169674,
    "n_tokens": 250,
    "n_input_tokens": 250,
    "n_generated": 0,
    "layer_norms": [
      5803.7294921875,
      3312.9990234375,
      2122.61083984375,
      628.24853515625,
      549.5671997070312,
      379.134521484375,
      332.2806091308594,
      408.3297424316406,
      4519.48583984375,
      447.44122314453125,
      421.10003662109375,
      436.6131896972656,
      390.8545837402344,
      408.54248046875,
      425.5048828125,
      394.88470458984375,
      494.0245361328125,
      376.6412353515625,
      391.90264892578125,
      428.4739990234375,
      433.6825866699219,
      394.70147705078125,
      346.90618896484375,
      391.8931884765625
    ],
    "layer_eff_ranks": [
      7.906727472685273,
      8.56403590886962,
      14.833200461467058,
      39.200910743618564,
      36.34361487710994,
      45.81551867795965,
      47.78523130806369,
      49.50492656750209,
      6.324914321862014,
      46.08399886789181,
      41.30792274410989,
      43.17088383218821,
      43.10305654551976,
      44.33872437823002,
      41.10048281886005,
      44.51946774365346,
      42.99448795547405,
      44.522344303275304,
      47.76139194421247,
      44.90680182334055,
      39.815928431247464,
      40.080821039704254,
      41.23496006465004,
      41.29977877446265
    ],
    "layer_spectral_entropies": [
      2.067713975906372,
      2.147571563720703,
      2.6968679428100586,
      3.6686999797821045,
      3.5930185317993164,
      3.824622869491577,
      3.8667166233062744,
      3.9020721912384033,
      1.844496488571167,
      3.830465793609619,
      3.7210543155670166,
      3.7651662826538086,
      3.763593912124634,
      3.791858434677124,
      3.716019868850708,
      3.795926570892334,
      3.7610719203948975,
      3.7959911823272705,
      3.866217613220215,
      3.80458927154541,
      3.684267044067383,
      3.6908979415893555,
      3.7192864418029785,
      3.7208571434020996
    ],
    "layer_top_sv_ratios": [
      0.35738539695739746,
      0.6111915111541748,
      0.3835178315639496,
      0.17794904112815857,
      0.17669829726219177,
      0.11560816317796707,
      0.10528680682182312,
      0.08932294696569443,
      0.6874637007713318,
      0.09800399094820023,
      0.1524147093296051,
      0.10532116889953613,
      0.11220084130764008,
      0.11384066194295883,
      0.12879939377307892,
      0.11283665895462036,
      0.10522106289863586,
      0.12582802772521973,
      0.09904651343822479,
      0.10605916380882263,
      0.14548225700855255,
      0.14375732839107513,
      0.1266070455312729,
      0.16301211714744568
    ],
    "layer_rank_10s": [
      4,
      1,
      2,
      12,
      15,
      32,
      34,
      43,
      1,
      39,
      22,
      29,
      31,
      31,
      25,
      30,
      30,
      27,
      38,
      34,
      18,
      20,
      23,
      14
    ]
  },
  "generation_features": {
    "eff_rank": 38.19909149827147,
    "spectral_entropy": 3.518605296810468,
    "key_norm": 25879.053680419922,
    "norm_per_token": 90.48620167978994,
    "top_sv_ratio": 0.18637347407639027,
    "rank_10": 23.875,
    "layer_variance": 2316603.2971838466,
    "layer_norm_entropy": 2.5525950912970385,
    "n_tokens": 286,
    "n_input_tokens": 250,
    "n_generated": 36,
    "layer_norms": [
      6196.11865234375,
      3537.65185546875,
      2263.059326171875,
      670.3950805664062,
      585.0284423828125,
      405.641845703125,
      360.1529235839844,
      438.8342590332031,
      4824.54736328125,
      476.55023193359375,
      452.7317810058594,
      465.6636962890625,
      420.3957214355469,
      434.889892578125,
      457.8045654296875,
      422.50982666015625,
      521.3792114257812,
      403.4259948730469,
      419.3414001464844,
      458.39666748046875,
      462.5794677734375,
      417.78594970703125,
      367.54052734375,
      416.6289978027344
    ],
    "layer_eff_ranks": [
      8.025373604107708,
      8.809238838258059,
      15.249597484031344,
      39.955251471303356,
      36.99402441290198,
      46.30835415208479,
      48.23713453126274,
      50.188864554378334,
      6.515167960560805,
      46.814091296981886,
      41.83461543484747,
      43.934717113193635,
      43.762576302847656,
      45.16183754238783,
      41.68305416405606,
      45.07561906673202,
      44.04711965144715,
      45.130052538201895,
      48.36018693982522,
      45.65484667525445,
      40.43768333112699,
      40.81219921719696,
      41.89798926346354,
      41.88860041206349
    ],
    "layer_spectral_entropies": [
      2.082608222961426,
      2.1758010387420654,
      2.724553108215332,
      3.6877601146698,
      3.6107563972473145,
      3.835322380065918,
      3.876129150390625,
      3.9157931804656982,
      1.8741329908370972,
      3.846184253692627,
      3.7337241172790527,
      3.7827048301696777,
      3.7787790298461914,
      3.8102524280548096,
      3.7300946712493896,
      3.8083415031433105,
      3.785259962081909,
      3.8095483779907227,
      3.8786768913269043,
      3.8211097717285156,
      3.6997621059417725,
      3.7089810371398926,
      3.7352378368377686,
      3.735013723373413
    ],
    "layer_top_sv_ratios": [
      0.3553742468357086,
      0.6057639718055725,
      0.37949296832084656,
      0.17567509412765503,
      0.17310528457164764,
      0.11160982400178909,
      0.10405051708221436,
      0.08666768670082092,
      0.6819852590560913,
      0.09618290513753891,
      0.15023836493492126,
      0.10170384496450424,
      0.11017804592847824,
      0.11069905757904053,
      0.12550343573093414,
      0.11202843487262726,
      0.10078175365924835,
      0.12493347376585007,
      0.09672196209430695,
      0.10338346660137177,
      0.14362384378910065,
      0.138959601521492,
      0.12305080145597458,
      0.1612495332956314
    ],
    "layer_rank_10s": [
      4,
      1,
      2,
      12,
      16,
      34,
      34,
      45,
      1,
      39,
      22,
      30,
      31,
      32,
      25,
      32,
      32,
      27,
      40,
      34,
      19,
      22,
      24,
      15
    ],
    "response_length": 171
  },
  "delta_features": {
    "eff_rank": 0.5940860146898927,
    "spectral_entropy": 0.016978467504183747,
    "key_norm": 1639.5009155273438,
    "norm_per_token": -6.472009379780374,
    "top_sv_ratio": -0.0029121357947587967,
    "rank_10": 0.75,
    "layer_variance": 283591.1728652201,
    "layer_norm_entropy": 0.00031797918007114845
  },
  "n_tokens": 286,
  "response_length": 171,
  "model": "Qwen/Qwen2.5-0.5B-Instruct",
  "temperature": 0.0,
  "rep": 0,
  "elapsed_seconds": 0.7380764484405518,
  "timestamp": "2026-03-20T02:34:58.671297"
}