{
  "prompt_id": "meta_020",
  "trial_id": "meta_020",
  "prompt_type": "metacognitive",
  "prompt_text": "How do you decide what information is relevant to a question and what to ignore?",
  "response_text": "I'm sorry, but I cannot complete this task as it appears to be incomplete or unclear. Could you please provide more context or clarify your request?",
  "vcp_ratings": {},
  "vcp_parse_quality": "failed",
  "vcp_n_parsed": 0,
  "vcp_validation": {
    "valid": false,
    "issues": [
      "Too few ratings: 0/10"
    ]
  },
  "encode_features": {
    "eff_rank": 37.64491392299058,
    "spectral_entropy": 3.5021032243967056,
    "key_norm": 24066.24188232422,
    "norm_per_token": 97.43417766123166,
    "top_sv_ratio": 0.18899929088850817,
    "rank_10": 23.333333333333332,
    "layer_variance": 2010102.9628788873,
    "layer_norm_entropy": 2.5504664748192436,
    "n_tokens": 247,
    "n_input_tokens": 247,
    "n_generated": 0,
    "layer_norms": [
      5768.89111328125,
      3293.13818359375,
      2110.21337890625,
      624.6323852539062,
      546.9847412109375,
      377.9981689453125,
      330.21337890625,
      406.6955871582031,
      4492.25439453125,
      444.7790222167969,
      419.7683410644531,
      433.6556396484375,
      387.6611328125,
      402.6345520019531,
      419.8601379394531,
      390.4919738769531,
      489.6001281738281,
      372.733154296875,
      386.6090393066406,
      422.3383483886719,
      427.83294677734375,
      388.04461669921875,
      342.03399658203125,
      387.1775207519531
    ],
    "layer_eff_ranks": [
      7.908009451898649,
      8.505736952598046,
      14.729028723115867,
      39.151070994501026,
      36.30243618145665,
      45.70142540939586,
      47.734821605406175,
      49.509848619077125,
      6.31953087406131,
      46.135404045408734,
      41.1807963702908,
      43.100682723335424,
      43.094229876210925,
      44.60842977860882,
      41.25603366777024,
      44.668912168137986,
      43.02849266625369,
      44.55274529133047,
      47.9217646690097,
      45.06926811693946,
      39.97006726305431,
      40.302865752339564,
      41.37039020566772,
      41.355942745905395
    ],
    "layer_spectral_entropies": [
      2.067876100540161,
      2.1407408714294434,
      2.6898202896118164,
      3.6674277782440186,
      3.5918848514556885,
      3.822129487991333,
      3.865661144256592,
      3.9021716117858887,
      1.8436449766159058,
      3.831580638885498,
      3.7179720401763916,
      3.7635388374328613,
      3.7633891105651855,
      3.7979228496551514,
      3.719797372817993,
      3.7992777824401855,
      3.7618625164031982,
      3.7966737747192383,
      3.869569778442383,
      3.8082005977630615,
      3.6881308555603027,
      3.696422576904297,
      3.7225654125213623,
      3.7222161293029785
    ],
    "layer_top_sv_ratios": [
      0.35743942856788635,
      0.6125109195709229,
      0.38456523418426514,
      0.17827579379081726,
      0.17688579857349396,
      0.11618218570947647,
      0.10537607222795486,
      0.08940041065216064,
      0.687504231929779,
      0.09824135154485703,
      0.1527695208787918,
      0.10555815696716309,
      0.1115279421210289,
      0.11288708448410034,
      0.12813355028629303,
      0.11149374395608902,
      0.10467603802680969,
      0.1257569044828415,
      0.09805238991975784,
      0.10501295328140259,
      0.1447616070508957,
      0.1421693116426468,
      0.1249840259552002,
      0.16181832551956177
    ],
    "layer_rank_10s": [
      4,
      1,
      2,
      12,
      16,
      32,
      33,
      43,
      1,
      38,
      23,
      28,
      31,
      31,
      26,
      32,
      30,
      28,
      38,
      34,
      18,
      22,
      23,
      14
    ]
  },
  "generation_features": {
    "eff_rank": 38.19266520522903,
    "spectral_entropy": 3.5176283419132233,
    "key_norm": 25476.807891845703,
    "norm_per_token": 91.64319385556009,
    "top_sv_ratio": 0.18636328478654227,
    "rank_10": 24.0,
    "layer_variance": 2253706.334407073,
    "layer_norm_entropy": 2.550309298246233,
    "n_tokens": 278,
    "n_input_tokens": 247,
    "n_generated": 31,
    "layer_norms": [
      6108.85009765625,
      3487.752197265625,
      2232.035400390625,
      660.922607421875,
      577.5314331054688,
      400.392822265625,
      353.8946533203125,
      432.95233154296875,
      4755.98388671875,
      469.31976318359375,
      447.19134521484375,
      458.525146484375,
      412.9393005371094,
      424.70721435546875,
      446.56201171875,
      413.964111328125,
      512.5549926757812,
      395.8690185546875,
      409.7382507324219,
      447.2571105957031,
      451.9924011230469,
      406.9454650878906,
      359.9026794433594,
      409.0236511230469
    ],
    "layer_eff_ranks": [
      8.009802188570303,
      8.725855559021893,
      15.092509925382245,
      39.79726984749313,
      36.85847965078303,
      46.16282303734687,
      48.20254154838907,
      50.11716793101052,
      6.4876119496234415,
      46.78325149065134,
      41.666749072035344,
      43.813428920289965,
      43.695840413323836,
      45.297700233728285,
      41.832830100171144,
      45.206469007297656,
      44.01276115296359,
      45.15702476160088,
      48.48811942380946,
      45.7582946585482,
      40.586013008069074,
      41.01742134082104,
      41.97433672234263,
      41.87966298222371
    ],
    "layer_spectral_entropies": [
      2.0806660652160645,
      2.166290521621704,
      2.714198589324951,
      3.683798313140869,
      3.607085704803467,
      3.832174777984619,
      3.8754117488861084,
      3.9143636226654053,
      1.8698945045471191,
      3.8455252647399902,
      3.729703426361084,
      3.779940366744995,
      3.7772529125213623,
      3.81325626373291,
      3.7336814403533936,
      3.8112401962280273,
      3.7844796180725098,
      3.810145854949951,
      3.8813188076019287,
      3.8233730792999268,
      3.703423500061035,
      3.7139968872070312,
      3.737058401107788,
      3.734800338745117
    ],
    "layer_top_sv_ratios": [
      0.35571417212486267,
      0.6076955199241638,
      0.3810432553291321,
      0.17633506655693054,
      0.1737651526927948,
      0.11259893327951431,
      0.10410310328006744,
      0.08702630549669266,
      0.6827400922775269,
      0.09651610255241394,
      0.15096737444400787,
      0.10233072191476822,
      0.10980655252933502,
      0.11020094901323318,
      0.12500233948230743,
      0.11067325621843338,
      0.10038377344608307,
      0.12462547421455383,
      0.09596545994281769,
      0.10264257341623306,
      0.14267979562282562,
      0.1378800868988037,
      0.12190958857536316,
      0.16011318564414978
    ],
    "layer_rank_10s": [
      4,
      1,
      2,
      12,
      16,
      34,
      34,
      44,
      1,
      39,
      22,
      31,
      31,
      31,
      28,
      32,
      32,
      27,
      39,
      35,
      20,
      22,
      24,
      15
    ],
    "response_length": 148
  },
  "delta_features": {
    "eff_rank": 0.547751282238444,
    "spectral_entropy": 0.01552511751651764,
    "key_norm": 1410.5660095214844,
    "norm_per_token": -5.790983805671573,
    "top_sv_ratio": -0.0026360061019659042,
    "rank_10": 0.6666666666666679,
    "layer_variance": 243603.37152818567,
    "layer_norm_entropy": -0.00015717657301062005
  },
  "n_tokens": 278,
  "response_length": 148,
  "model": "Qwen/Qwen2.5-0.5B-Instruct",
  "temperature": 0.0,
  "rep": 0,
  "elapsed_seconds": 0.6891257762908936,
  "timestamp": "2026-03-20T02:35:40.923882"
}