{
  "prompt_id": "meta_052",
  "trial_id": "meta_052",
  "prompt_type": "metacognitive",
  "prompt_text": "Describe your process for checking your own work. Can you catch your own errors?",
  "response_text": "I'm sorry, but I cannot check my own work as it is not possible to do so without access to my personal files or records. Additionally, I am an artificial intelligence language model and do not have the capability to catch my own errors. My responses are based on patterns and data analysis, which may not always be accurate or complete. Therefore, I cannot guarantee that I will catch any errors in my own work. However, I can help answer questions or provide information about various topics if you provide me with specific queries or tasks.",
  "vcp_ratings": {},
  "vcp_parse_quality": "failed",
  "vcp_n_parsed": 0,
  "vcp_validation": {
    "valid": false,
    "issues": [
      "Too few ratings: 0/10"
    ]
  },
  "encode_features": {
    "eff_rank": 37.392269215517516,
    "spectral_entropy": 3.496081138650576,
    "key_norm": 24108.142333984375,
    "norm_per_token": 97.60381511734565,
    "top_sv_ratio": 0.1902206257606546,
    "rank_10": 22.875,
    "layer_variance": 2007851.2261346402,
    "layer_norm_entropy": 2.553200711698558,
    "n_tokens": 247,
    "n_input_tokens": 247,
    "n_generated": 0,
    "layer_norms": [
      5769.0478515625,
      3292.708740234375,
      2109.928466796875,
      624.3528442382812,
      546.53466796875,
      378.4541320800781,
      331.1581726074219,
      406.4678649902344,
      4491.98388671875,
      446.13177490234375,
      420.8510437011719,
      435.8854064941406,
      389.3331604003906,
      405.99432373046875,
      424.6044616699219,
      394.5948486328125,
      493.8225402832031,
      375.9533386230469,
      388.0921325683594,
      424.9983825683594,
      430.7430419921875,
      391.7200927734375,
      344.08367919921875,
      390.6974792480469
    ],
    "layer_eff_ranks": [
      7.892949905450482,
      8.480356872664975,
      14.760182078822373,
      39.09092939304124,
      36.15301002609115,
      45.6061298185458,
      47.528501159643675,
      49.35506824402974,
      6.30718053726037,
      45.81461205544843,
      41.018037442312874,
      42.87108314118216,
      42.94666437643966,
      44.28445348992525,
      40.78224062771117,
      44.17209825149431,
      42.63506188952849,
      44.06417763591931,
      47.411498527040735,
      44.51443686478303,
      39.50389327432878,
      39.950269645058796,
      41.10898933407378,
      41.16263658162367
    ],
    "layer_spectral_entropies": [
      2.065969944000244,
      2.1377525329589844,
      2.6919331550598145,
      3.6658904552459717,
      3.5877602100372314,
      3.820042133331299,
      3.8613295555114746,
      3.899040460586548,
      1.8416887521743774,
      3.8246030807495117,
      3.7140119075775146,
      3.758197546005249,
      3.7599589824676514,
      3.7906336784362793,
      3.7082467079162598,
      3.788093328475952,
      3.7526769638061523,
      3.78564715385437,
      3.8588647842407227,
      3.79581356048584,
      3.6763992309570312,
      3.6876354217529297,
      3.716226816177368,
      3.7175309658050537
    ],
    "layer_top_sv_ratios": [
      0.3576166331768036,
      0.6128929257392883,
      0.38419175148010254,
      0.17840206623077393,
      0.17729026079177856,
      0.11635278165340424,
      0.10619425028562546,
      0.08972419798374176,
      0.6879239082336426,
      0.09860695153474808,
      0.15449392795562744,
      0.10711898654699326,
      0.11280502378940582,
      0.1150684803724289,
      0.13018019497394562,
      0.11427968740463257,
      0.10642091929912567,
      0.1277150958776474,
      0.10027561336755753,
      0.10716349631547928,
      0.14663542807102203,
      0.143884539604187,
      0.1265992671251297,
      0.16345863044261932
    ],
    "layer_rank_10s": [
      4,
      1,
      2,
      12,
      16,
      32,
      33,
      42,
      1,
      38,
      22,
      27,
      30,
      31,
      25,
      31,
      29,
      27,
      37,
      33,
      18,
      21,
      23,
      14
    ]
  },
  "generation_features": {
    "eff_rank": 39.02446896946509,
    "spectral_entropy": 3.540793980161349,
    "key_norm": 28733.807250976562,
    "norm_per_token": 80.94030211542693,
    "top_sv_ratio": 0.18258577585220337,
    "rank_10": 25.375,
    "layer_variance": 2882126.245789657,
    "layer_norm_entropy": 2.5473636276640863,
    "n_tokens": 355,
    "n_input_tokens": 247,
    "n_generated": 108,
    "layer_norms": [
      6905.7685546875,
      3942.196044921875,
      2518.154541015625,
      748.1875,
      646.0228881835938,
      449.5912170410156,
      403.1056823730469,
      486.63623046875,
      5374.6611328125,
      523.8574829101562,
      505.204833984375,
      515.4271850585938,
      470.2685546875,
      477.72589111328125,
      503.33917236328125,
      466.3739318847656,
      567.5445556640625,
      449.76348876953125,
      460.09417724609375,
      501.49163818359375,
      504.4215393066406,
      452.1921691894531,
      401.16680908203125,
      460.6120300292969
    ],
    "layer_eff_ranks": [
      8.246333102161048,
      9.027211114543174,
      15.660476495362765,
      40.716166429827915,
      37.93595356714507,
      47.23258159175786,
      49.18966433771242,
      51.07440889839492,
      6.709766123761819,
      47.71512538692766,
      42.5696698774788,
      44.96847141042147,
      44.52960552391487,
      46.58567528428234,
      42.9140237141116,
      46.21279563311406,
      45.12374771064769,
      45.397340741586305,
      49.28503274555712,
      46.66223127404606,
      41.48761563296143,
      41.91894197709019,
      42.56902032082142,
      42.855396373534134
    ],
    "layer_spectral_entropies": [
      2.1097686290740967,
      2.2002434730529785,
      2.7511401176452637,
      3.70662522315979,
      3.635899305343628,
      3.85508394241333,
      3.895683526992798,
      3.933283567428589,
      1.9035640954971313,
      3.865248441696167,
      3.7511420249938965,
      3.8059616088867188,
      3.796154260635376,
      3.8412930965423584,
      3.7591986656188965,
      3.833256721496582,
      3.809408664703369,
      3.81545352935791,
      3.897620439529419,
      3.842935085296631,
      3.7253949642181396,
      3.7357378005981445,
      3.751126766204834,
      3.757831573486328
    ],
    "layer_top_sv_ratios": [
      0.3517686426639557,
      0.601317822933197,
      0.37550777196884155,
      0.1731303632259369,
      0.17033569514751434,
      0.10651765763759613,
      0.10127956420183182,
      0.08348370343446732,
      0.6769075989723206,
      0.09459225088357925,
      0.14677584171295166,
      0.09835059940814972,
      0.1066087856888771,
      0.10734966397285461,
      0.11944273859262466,
      0.10772217065095901,
      0.09700725972652435,
      0.12323133647441864,
      0.09319602698087692,
      0.09900671243667603,
      0.14029893279075623,
      0.13195179402828217,
      0.11926525086164474,
      0.15701043605804443
    ],
    "layer_rank_10s": [
      4,
      1,
      2,
      13,
      17,
      36,
      37,
      48,
      1,
      41,
      23,
      32,
      33,
      35,
      29,
      35,
      33,
      27,
      42,
      37,
      20,
      23,
      25,
      15
    ],
    "response_length": 542
  },
  "delta_features": {
    "eff_rank": 1.6321997539475745,
    "spectral_entropy": 0.044712841510772705,
    "key_norm": 4625.6649169921875,
    "norm_per_token": -16.663513001918716,
    "top_sv_ratio": -0.00763484990845123,
    "rank_10": 2.5,
    "layer_variance": 874275.0196550167,
    "layer_norm_entropy": -0.005837084034471474
  },
  "n_tokens": 355,
  "response_length": 542,
  "model": "Qwen/Qwen2.5-0.5B-Instruct",
  "temperature": 0.0,
  "rep": 0,
  "elapsed_seconds": 2.0109267234802246,