{
  "prompt_id": "meta_028",
  "trial_id": "meta_028",
  "prompt_type": "metacognitive",
  "prompt_text": "How do you distinguish between something you know well and something you can plausibly generate text about?",
  "response_text": "I'm sorry, but I cannot complete this task as it appears to be incomplete or unclear. Could you please provide more information or context?",
  "vcp_ratings": {},
  "vcp_parse_quality": "failed",
  "vcp_n_parsed": 0,
  "vcp_validation": {
    "valid": false,
    "issues": [
      "Too few ratings: 0/10"
    ]
  },
  "encode_features": {
    "eff_rank": 37.75823039119086,
    "spectral_entropy": 3.5054495135943093,
    "key_norm": 24259.872314453125,
    "norm_per_token": 96.6528777468252,
    "top_sv_ratio": 0.18834696679065624,
    "rank_10": 23.541666666666668,
    "layer_variance": 2042126.4576466195,
    "layer_norm_entropy": 2.5506304238962194,
    "n_tokens": 251,
    "n_input_tokens": 251,
    "n_generated": 0,
    "layer_norms": [
      5815.1484375,
      3319.4736328125,
      2126.55224609375,
      629.36279296875,
      550.9597778320312,
      380.26861572265625,
      333.9467468261719,
      409.9590148925781,
      4527.73291015625,
      449.4273376464844,
      428.1388854980469,
      439.19952392578125,
      393.1670837402344,
      406.6814880371094,
      422.7046203613281,
      393.3030090332031,
      490.5710144042969,
      375.2525329589844,
      389.46160888671875,
      424.453369140625,
      429.3979187011719,
      390.0103454589844,
      344.0729064941406,
      390.6264953613281
    ],
    "layer_eff_ranks": [
      7.911443540539664,
      8.556304966283307,
      14.87987433925698,
      39.301024283986244,
      36.43895064349161,
      45.86800226277697,
      47.79573670444801,
      49.71688690618367,
      6.357937467389319,
      46.18948744815024,
      41.085228422548596,
      43.125835440444405,
      43.129393159326796,
      44.656293820923175,
      41.3850992531621,
      44.862027678275126,
      43.26671252232997,
      44.68553975376842,
      47.99109863977031,
      45.20265373431893,
      40.12842867704315,
      40.50990169746636,
      41.56814058461805,
      41.585527442079176
    ],
    "layer_spectral_entropies": [
      2.068310260772705,
      2.1466684341430664,
      2.70000958442688,
      3.671250581741333,
      3.5956382751464844,
      3.825767755508423,
      3.866936445236206,
      3.9063446521759033,
      1.8497040271759033,
      3.832752227783203,
      3.715648651123047,
      3.764122247695923,
      3.764204740524292,
      3.79899525642395,
      3.7229208946228027,
      3.803591728210449,
      3.767383575439453,
      3.799649953842163,
      3.8710155487060547,
      3.8111557960510254,
      3.692085027694702,
      3.7015464305877686,
      3.7273340225219727,
      3.727752208709717
    ],
    "layer_top_sv_ratios": [
      0.3573249280452728,
      0.6114895939826965,
      0.3831012547016144,
      0.177551731467247,
      0.17654748260974884,
      0.11554480344057083,
      0.10509209334850311,
      0.08892602473497391,
      0.6864287257194519,
      0.09842155873775482,
      0.1546516716480255,
      0.10541871190071106,
      0.11118865013122559,
      0.11259615421295166,
      0.12713570892810822,
      0.11061312258243561,
      0.1034669503569603,
      0.12563703954219818,
      0.09787120670080185,
      0.1043618842959404,
      0.143210306763649,
      0.14032137393951416,
      0.12337334454059601,
      0.16005288064479828
    ],
    "layer_rank_10s": [
      4,
      1,
      2,
      12,
      15,
      32,
      33,
      44,
      1,
      39,
      21,
      29,
      32,
      32,
      26,
      32,
      30,
      27,
      39,
      34,
      20,
      22,
      23,
      15
    ]
  },
  "generation_features": {
    "eff_rank": 38.26315042967263,
    "spectral_entropy": 3.5197225362062454,
    "key_norm": 25569.84747314453,
    "norm_per_token": 91.32088383265904,
    "top_sv_ratio": 0.1859675400579969,
    "rank_10": 24.166666666666668,
    "layer_variance": 2269487.277315252,
    "layer_norm_entropy": 2.5505105831892694,
    "n_tokens": 280,
    "n_input_tokens": 251,
    "n_generated": 29,
    "layer_norms": [
      6130.5771484375,
      3500.06982421875,
      2239.717041015625,
      663.0078125,
      579.1787719726562,
      401.23394775390625,
      356.02032470703125,
      434.5090026855469,
      4772.6904296875,
      472.3072509765625,
      453.23944091796875,
      462.1842346191406,
      416.47503662109375,
      427.2367248535156,
      447.78826904296875,
      415.112060546875,
      512.0609130859375,
      396.68072509765625,
      411.103271484375,
      447.8077087402344,
      452.0372009277344,
      407.7772521972656,
      360.5876770019531,
      410.4454040527344
    ],
    "layer_eff_ranks": [
      8.008419695477855,
      8.763205743569564,
      15.209213823135707,
      39.88739776906773,
      36.96184518757563,
      46.30516347890221,
      48.18782205561781,
      50.2401169710589,
      6.507716207280243,
      46.78818181681316,
      41.56217482131281,
      43.774107183143,
      43.69695514286228,
      45.31688476357528,
      41.906490985375825,
      45.32765801805657,
      44.143398849087895,
      45.224946380876005,
      48.51050565699884,
      45.825099388102636,
      40.72400112838776,
      41.17844005363656,
      42.17301322697666,
      42.09285196525226
    ],
    "layer_spectral_entropies": [
      2.080493450164795,
      2.1705617904663086,
      2.7219014167785645,
      3.6860604286193848,
      3.6098861694335938,
      3.8352534770965576,
      3.8751063346862793,
      3.916813850402832,
      1.8729885816574097,
      3.845630645751953,
      3.7271904945373535,
      3.7790424823760986,
      3.777278423309326,
      3.8136796951293945,
      3.735440731048584,
      3.813917398452759,
      3.7874433994293213,
      3.8116488456726074,
      3.8817803859710693,
      3.824831962585449,
      3.706817626953125,
      3.7179148197174072,
      3.7417805194854736,
      3.739877939224243
    ],
    "layer_top_sv_ratios": [
      0.3556966185569763,
      0.6069903373718262,
      0.3799467980861664,
      0.17588096857070923,
      0.17360526323318481,
      0.11211992800235748,
      0.10401864349842072,
      0.08680440485477448,
      0.6822048425674438,
      0.09676221013069153,
      0.15280364453792572,
      0.10245081037282944,
      0.10971293598413467,
      0.11015690863132477,
      0.12447591125965118,
      0.11003190279006958,
      0.09952362626791,
      0.12467918545007706,
      0.09602850675582886,
      0.1023550033569336,
      0.14138536155223846,
      0.13648240268230438,
      0.12052655965089798,
      0.15857818722724915
    ],
    "layer_rank_10s": [
      4,
      1,
      2,
      12,
      16,
      34,
      34,
      45,
      1,
      40,
      21,
      30,
      31,
      32,
      27,
      32,
      33,
      28,
      40,
      35,
      20,
      22,
      25,
      15
    ],
    "response_length": 139
  },
  "delta_features": {
    "eff_rank": 0.5049200384817709,
    "spectral_entropy": 0.014273022611936081,
    "key_norm": 1309.9751586914062,
    "norm_per_token": -5.331993914166162,
    "top_sv_ratio": -0.00237942673265934,
    "rank_10": 0.625,
    "layer_variance": 227360.81966863247,
    "layer_norm_entropy": -0.00011984070695003624
  },
  "n_tokens": 280,
  "response_length": 139,
  "model": "Qwen/Qwen2.5-0.5B-Instruct",
  "temperature": 0.0,
  "rep": 0,
  "elapsed_seconds": 0.6168928146362305,
  "timestamp": "2026-03-20T02:36:09.172399",
  "vcp_warnings": [
    "No ---VCP RATINGS--- block found in response"
  ],
  "vcp_ratings_original": {},
  "vcp_parse_quality_original": "failed"
}