{
  "prompt_id": "meta_039",
  "trial_id": "meta_039",
  "prompt_type": "metacognitive",
  "prompt_text": "What is your relationship with your own training data? Can you tell when you're drawing on specific learned patterns?",
  "response_text": "Hello! I'm Qwen, an AI language model created by Alibaba Cloud. My relationship with my own training data is that I am trained on vast amounts of text data from various sources to understand and generate human-like responses. When I draw on specific learned patterns, it's because these patterns have been identified through extensive analysis and research.\n\nI can be analytical, verbal fluent, goal directed, pattern recognition-oriented, epistemically confident, query interpretive, contextually aware, affective modeling, flexible, depth of processing, and ready for any query. However, I must also ensure that I don't inadvertently use or misinterpret information from other sources without proper verification.\n\nThank you for asking about me!",
  "vcp_ratings": {},
  "vcp_parse_quality": "failed",
  "vcp_n_parsed": 0,
  "vcp_validation": {
    "valid": false,
    "issues": [
      "Too few ratings: 0/10"
    ]
  },
  "encode_features": {
    "eff_rank": 37.71468986309081,
    "spectral_entropy": 3.504364629586538,
    "key_norm": 24342.137329101562,
    "norm_per_token": 96.21398153795084,
    "top_sv_ratio": 0.18860187785079083,
    "rank_10": 23.375,
    "layer_variance": 2059457.2213207055,
    "layer_norm_entropy": 2.549632030009403,
    "n_tokens": 253,
    "n_input_tokens": 253,
    "n_generated": 0,
    "layer_norms": [
      5838.5556640625,
      3332.4990234375,
      2135.489990234375,
      632.0064086914062,
      552.3645629882812,
      381.1929016113281,
      334.54608154296875,
      411.6534423828125,
      4546.27001953125,
      447.90966796875,
      419.0836486816406,
      433.85772705078125,
      390.7106018066406,
      407.1844787597656,
      424.341064453125,
      396.5827941894531,
      498.2023620605469,
      378.12139892578125,
      390.6504211425781,
      427.6713562011719,
      432.8576354980469,
      392.2825012207031,
      345.5694274902344,
      392.5341491699219
    ],
    "layer_eff_ranks": [
      7.918433241308779,
      8.55155720573543,
      14.870426431023855,
      39.28003151118679,
      36.37878576081141,
      45.790849652889335,
      47.78964055872676,
      49.609551599233036,
      6.342665455639747,
      46.15779353522543,
      41.56596030605553,
      43.46366105616412,
      43.35041153282795,
      44.63346208027755,
      41.32677722067953,
      44.69240136823049,
      43.00506796365429,
      44.51556186429007,
      47.91285365515884,
      44.95873750637237,
      40.01593096407692,
      40.323799484484375,
      41.305893987223975,
      41.39230277290298
    ],
    "layer_spectral_entropies": [
      2.0691933631896973,
      2.146113395690918,
      2.6993744373321533,
      3.6707162857055664,
      3.5939857959747314,
      3.8240842819213867,
      3.8668088912963867,
      3.9041833877563477,
      1.8472990989685059,
      3.8320658206939697,
      3.7272815704345703,
      3.771925210952759,
      3.7693161964416504,
      3.7984838485717773,
      3.721510648727417,
      3.7998034954071045,
      3.7613179683685303,
      3.7958388328552246,
      3.8693838119506836,
      3.8057451248168945,
      3.6892776489257812,
      3.69694185256958,
      3.7210052013397217,
      3.723094940185547
    ],
    "layer_top_sv_ratios": [
      0.35721340775489807,
      0.6114895939826965,
      0.3832026720046997,
      0.17788690328598022,
      0.17652936279773712,
      0.11565448343753815,
      0.10501096397638321,
      0.08869753777980804,
      0.6869200468063354,
      0.09761707484722137,
      0.1510421484708786,
      0.10337521135807037,
      0.11116471141576767,
      0.11333737522363663,
      0.12784773111343384,
      0.11192141473293304,
      0.10463115572929382,
      0.12548309564590454,
      0.0981169119477272,
      0.10518687218427658,
      0.14422912895679474,
      0.14177390933036804,
      0.12538470327854156,
      0.16272865235805511
    ],
    "layer_rank_10s": [
      4,
      1,
      2,
      13,
      16,
      32,
      33,
      43,
      1,
      38,
      23,
      29,
      30,
      32,
      26,
      31,
      30,
      27,
      39,
      34,
      19,
      21,
      23,
      14
    ]
  },
  "generation_features": {
    "eff_rank": 39.69405787040833,
    "spectral_entropy": 3.557169020175934,
    "key_norm": 30248.23013305664,
    "norm_per_token": 76.57779780520669,
    "top_sv_ratio": 0.17931460433950028,
    "rank_10": 26.708333333333332,
    "layer_variance": 3211987.041101988,
    "layer_norm_entropy": 2.5439817267059155,
    "n_tokens": 395,
    "n_input_tokens": 253,
    "n_generated": 142,
    "layer_norms": [
      7285.8662109375,
      4158.80078125,
      2659.64794921875,
      787.8901977539062,
      679.6771850585938,
      465.3907165527344,
      418.2220458984375,
      509.4317626953125,
      5668.8837890625,
      548.8257446289062,
      511.0921936035156,
      536.7034301757812,
      490.3724670410156,
      505.76763916015625,
      526.0189208984375,
      492.1901550292969,
      598.41357421875,
      470.208251953125,
      484.2724609375,
      526.7979125976562,
      531.096435546875,
      477.0136413574219,
      426.91339111328125,
      488.7332763671875
    ],
    "layer_eff_ranks": [
      8.369903642017452,
      9.087766849163414,
      15.918877127745775,
      41.142679872431074,
      38.52135228107908,
      48.152483760193796,
      50.186208182052646,
      51.772598803129924,
      6.782689035621595,
      48.634927964981266,
      44.208689120564074,
      46.09715252073424,
      45.424050341718186,
      46.965527340946345,
      43.571419803255004,
      47.05092949635213,
      45.7504840318765,
      46.24177100635087,
      49.921458249524235,
      47.349029802104525,
      42.50597933701548,
      42.64635669022583,
      42.90695432957318,
      43.44809930114331
    ],
    "layer_spectral_entropies": [
      2.1246423721313477,
      2.2069292068481445,
      2.767505645751953,
      3.717046022415161,
      3.651212692260742,
      3.874372720718384,
      3.9157402515411377,
      3.9468610286712646,
      1.9143736362457275,
      3.8843419551849365,
      3.788921356201172,
      3.8307511806488037,
      3.8160417079925537,
      3.8494138717651367,
      3.7744014263153076,
      3.8512306213378906,
      3.82320237159729,
      3.83388352394104,
      3.9104509353637695,
      3.857546329498291,
      3.7496447563171387,
      3.752941846847534,
      3.7590339183807373,
      3.7715671062469482
    ],
    "layer_top_sv_ratios": [
      0.3499380648136139,
      0.6009188294410706,
      0.37317967414855957,
      0.1721777319908142,
      0.16877591609954834,
      0.1035337820649147,
      0.09663080424070358,
      0.08163270354270935,
      0.6754289865493774,
      0.09135671705007553,
      0.13712745904922485,
      0.09144169837236404,
      0.10414963215589523,
      0.10454520583152771,
      0.11605233699083328,
      0.10314514487981796,
      0.09444431215524673,
      0.11767726391553879,
      0.09121419489383698,
      0.09740641713142395,
      0.1341000348329544,
      0.12812159955501556,
      0.11759133636951447,
      0.1529606580734253
    ],
    "layer_rank_10s": [
      4,
      1,
      2,
      12,
      18,
      38,
      38,
      49,
      1,
      44,
      26,
      36,
      35,
      36,
      30,
      36,
      34,
      30,
      45,
      39,
      22,
      24,
      25,
      16
    ],
    "response_length": 747
  },
  "delta_features": {
    "eff_rank": 1.9793680073175182,
    "spectral_entropy": 0.05280439058939601,
    "key_norm": 5906.092803955078,
    "norm_per_token": -19.636183732744158,
    "top_sv_ratio": -0.00928727351129055,
    "rank_10": 3.333333333333332,