{
  "prompt_id": "mix_039",
  "trial_id": "mix_039",
  "prompt_type": "mixed",
  "prompt_text": "A museum is returning stolen artifacts to their country of origin. Analyze the legal, historical, and emotional dimensions.",
  "response_text": "Thank you for providing that information. Before we dive into analyzing the legal, historical, and emotional dimensions of returning stolen artifacts to their country of origin, could you please clarify what specific aspects or types of artifacts you're referring to? This will help me tailor my analysis accordingly.\n\nOnce I have more details about the artifacts, I can proceed with the analysis. Please let me know if there's anything else I need to consider or any additional context you might have.",
  "vcp_ratings": {},
  "vcp_parse_quality": "failed",
  "vcp_n_parsed": 0,
  "vcp_validation": {
    "valid": false,
    "issues": [
      "Too few ratings: 0/10"
    ]
  },
  "encode_features": {
    "eff_rank": 37.627800240094615,
    "spectral_entropy": 3.5017990519603095,
    "key_norm": 24501.073760986328,
    "norm_per_token": 96.4609203188438,
    "top_sv_ratio": 0.18961607230206332,
    "rank_10": 23.333333333333332,
    "layer_variance": 2061996.8525297355,
    "layer_norm_entropy": 2.556568586830217,
    "n_tokens": 254,
    "n_input_tokens": 254,
    "n_generated": 0,
    "layer_norms": [
      5850.63134765625,
      3338.993896484375,
      2140.71142578125,
      633.4325561523438,
      554.3360595703125,
      382.7235412597656,
      337.7572021484375,
      411.76953125,
      4554.18603515625,
      453.19964599609375,
      443.8752136230469,
      449.7704772949219,
      402.109619140625,
      415.4746398925781,
      433.6329040527344,
      401.3600158691406,
      492.08660888671875,
      382.10589599609375,
      396.69012451171875,
      433.4137268066406,
      443.5867919921875,
      399.43115234375,
      353.0967712402344,
      396.6985778808594
    ],
    "layer_eff_ranks": [
      7.941667685075253,
      8.492417835939003,
      14.75995685803581,
      39.2503553939288,
      36.458372878290994,
      45.969412368717386,
      48.03391069048235,
      49.63754416037554,
      6.325010079131808,
      45.98963794667932,
      40.129863807147146,
      42.638884097416806,
      42.895590510121906,
      44.44077949616714,
      41.07024406858694,
      44.72482715296595,
      43.365783210731244,
      44.677305076589754,
      47.9625022391404,
      45.13625063335011,
      40.0233064822047,
      40.26841317571418,
      41.37715709921247,
      41.498012816265714
    ],
    "layer_spectral_entropies": [
      2.0721232891082764,
      2.139173746109009,
      2.691917896270752,
      3.6699604988098145,
      3.5961711406707764,
      3.8279762268066406,
      3.8719072341918945,
      3.904747486114502,
      1.84451162815094,
      3.828416109085083,
      3.6921207904815674,
      3.7527666091918945,
      3.7587690353393555,
      3.7941575050354004,
      3.7152838706970215,
      3.8005287647247314,
      3.7696707248687744,
      3.7994656562805176,
      3.870419502258301,
      3.809685707092285,
      3.6894619464874268,
      3.6955673694610596,
      3.722728967666626,
      3.7256455421447754
    ],
    "layer_top_sv_ratios": [
      0.3569619059562683,
      0.6130824089050293,
      0.38445454835891724,
      0.17793115973472595,
      0.17628809809684753,
      0.11570030450820923,
      0.10532309114933014,
      0.08914801478385925,
      0.6877124309539795,
      0.09919562190771103,
      0.16057638823986053,
      0.11002706736326218,
      0.11238876730203629,
      0.11507706344127655,
      0.12898331880569458,
      0.11255194246768951,
      0.1039496511220932,
      0.12711600959300995,
      0.09847287088632584,
      0.104839988052845,
      0.14501264691352844,
      0.14087656140327454,
      0.12385381013154984,
      0.16126206517219543
    ],
    "layer_rank_10s": [
      4,
      1,
      2,
      12,
      16,
      33,
      34,
      44,
      1,
      38,
      19,
      27,
      31,
      31,
      26,
      31,
      31,
      27,
      38,
      35,
      19,
      22,
      23,
      15
    ]
  },
  "generation_features": {
    "eff_rank": 38.929703257929745,
    "spectral_entropy": 3.538076862692833,
    "key_norm": 28521.324279785156,
    "norm_per_token": 82.19401809736357,
    "top_sv_ratio": 0.1834858600050211,
    "rank_10": 25.125,
    "layer_variance": 2811169.6201743805,
    "layer_norm_entropy": 2.5532616818992095,
    "n_tokens": 347,
    "n_input_tokens": 254,
    "n_generated": 93,
    "layer_norms": [
      6827.994140625,
      3897.73486328125,
      2492.759765625,
      739.0709838867188,
      639.8806762695312,
      441.381103515625,
      396.7995300292969,
      481.24761962890625,
      5313.2861328125,
      521.0157470703125,
      514.4098510742188,
      517.0589599609375,
      472.91583251953125,
      482.02130126953125,
      507.0875244140625,
      464.6810607910156,
      560.337158203125,
      445.32562255859375,
      462.94244384765625,
      502.8011779785156,
      512.5267333984375,
      458.0506896972656,
      408.52984619140625,
      461.46551513671875
    ],
    "layer_eff_ranks": [
      8.240468408801476,
      8.967492895994775,
      15.572432966123637,
      40.70292756549776,
      38.08894373654886,
      47.623442000836384,
      49.68338855126232,
      51.268722077457866,
      6.701398343825691,
      47.62281751769527,
      41.90697056984975,
      44.45419543328165,
      44.23301198787569,
      46.01266975864922,
      42.43117365720852,
      46.20190012653147,
      45.15321366154914,
      45.73532475002151,
      49.19891838695884,
      46.65864911554364,
      41.271951717427264,
      41.62542374192021,
      42.30428180627815,
      42.653159413174876
    ],
    "layer_spectral_entropies": [
      2.1090571880340576,
      2.19360613822937,
      2.745502233505249,
      3.7063000202178955,
      3.6399240493774414,
      3.8633251190185547,
      3.905670642852783,
      3.9370808601379395,
      1.9023162126541138,
      3.863312005996704,
      3.735452175140381,
      3.794459342956543,
      3.789471387863159,
      3.8289167881011963,
      3.7478833198547363,
      3.8330209255218506,
      3.810061454772949,
      3.822870969772339,
      3.895871639251709,
      3.84285831451416,
      3.7201831340789795,
      3.7287111282348633,
      3.7448883056640625,
      3.753101348876953
    ],
    "layer_top_sv_ratios": [
      0.35208120942115784,
      0.602974534034729,
      0.3765958249568939,
      0.17372147738933563,
      0.1696198433637619,
      0.106739342212677,
      0.10010549426078796,
      0.083466537296772,
      0.6772948503494263,
      0.09542687982320786,
      0.1508180946111679,
      0.10123712569475174,
      0.10908664762973785,
      0.10869381576776505,
      0.12185808271169662,
      0.10921762138605118,
      0.09679736942052841,
      0.12434951215982437,
      0.09447748959064484,
      0.10011206567287445,
      0.14092682301998138,
      0.1323588490486145,
      0.1190648227930069,
      0.1566363275051117
    ],
    "layer_rank_10s": [
      4,
      1,
      2,
      11,
      17,
      37,
      37,
      49,
      1,
      40,
      21,
      30,
      34,
      34,
      27,
      35,
      34,
      27,
      41,
      37,
      20,
      23,
      25,
      16
    ],
    "response_length": 502
  },
  "delta_features": {
    "eff_rank": 1.30190301783513,
    "spectral_entropy": 0.03627781073252345,
    "key_norm": 4020.250518798828,
    "norm_per_token": -14.266902221480237,
    "top_sv_ratio": -0.00613021229704222,
    "rank_10": 1.7916666666666679,
    "layer_variance": 749172.767644645,
    "layer_norm_entropy": -0.0033069049310072707
  },
  "n_tokens": 347,
  "response_length": 502,
  "model": "Qwen/Qwen2.5-0.5B-Instruct",
  "temperature": 0.0,
  "rep": 0,
  "elapsed_seconds": 1.7475199699401855,