{
  "prompt_id": "mix_035",
  "trial_id": "mix_035",
  "prompt_type": "mixed",
  "prompt_text": "Analyze the psychology of conspiracy theories while maintaining empathy for people who hold them.",
  "response_text": "Thank you for providing that information. I will analyze the psychology of conspiracy theories and maintain empathy for those who believe in them. Please go ahead and share the content or topic you would like me to analyze.",
  "vcp_ratings": {},
  "vcp_parse_quality": "failed",
  "vcp_n_parsed": 0,
  "vcp_validation": {
    "valid": false,
    "issues": [
      "Too few ratings: 0/10"
    ]
  },
  "encode_features": {
    "eff_rank": 37.47226345339673,
    "spectral_entropy": 3.4979206025600433,
    "key_norm": 24102.280181884766,
    "norm_per_token": 97.5800817080355,
    "top_sv_ratio": 0.1901865073790153,
    "rank_10": 22.833333333333332,
    "layer_variance": 2007711.7502423935,
    "layer_norm_entropy": 2.552974519983231,
    "n_tokens": 247,
    "n_input_tokens": 247,
    "n_generated": 0,
    "layer_norms": [
      5769.25390625,
      3292.69775390625,
      2110.285888671875,
      624.3058471679688,
      546.8118286132812,
      377.050048828125,
      333.087158203125,
      405.7522277832031,
      4490.3935546875,
      446.2117614746094,
      430.4775085449219,
      438.7684326171875,
      392.30078125,
      406.9395446777344,
      422.1177673339844,
      392.60675048828125,
      486.7355041503906,
      374.4001159667969,
      388.2991027832031,
      423.2367248535156,
      429.3497009277344,
      388.706787109375,
      343.6236267089844,
      388.86785888671875
    ],
    "layer_eff_ranks": [
      7.899525861159055,
      8.477276095453895,
      14.76709521286574,
      39.157792298134744,
      36.20630083926335,
      45.5621900506259,
      47.42904524304555,
      49.47006129819333,
      6.298411511394083,
      45.78293522967698,
      40.360618457363124,
      42.66912821157466,
      42.84586448504306,
      44.20984855478054,
      40.973975309727244,
      44.46254799828623,
      42.947227540680416,
      44.3623678286663,
      47.708607285386115,
      44.90645921293926,
      39.8600376742581,
      40.204666782454126,
      41.365725047577925,
      41.406614852971785
    ],
    "layer_spectral_entropies": [
      2.066802740097046,
      2.1373891830444336,
      2.69240140914917,
      3.6675994396209717,
      3.589233160018921,
      3.819078207015991,
      3.8592348098754883,
      3.901367664337158,
      1.8402974605560303,
      3.823911428451538,
      3.697854518890381,
      3.7534756660461426,
      3.7576091289520264,
      3.788947582244873,
      3.712937116622925,
      3.794647216796875,
      3.759972095489502,
      3.792391538619995,
      3.865111827850342,
      3.804581642150879,
      3.6853742599487305,
      3.6939830780029297,
      3.7224526405334473,
      3.723440647125244
    ],
    "layer_top_sv_ratios": [
      0.35758697986602783,
      0.6132063269615173,
      0.3841262459754944,
      0.17800025641918182,
      0.17701320350170135,
      0.11680431663990021,
      0.10712272673845291,
      0.08957040309906006,
      0.6882571578025818,
      0.09994427114725113,
      0.15899251401424408,
      0.10886868834495544,
      0.1136600524187088,
      0.11602960526943207,
      0.12950727343559265,
      0.11320861428976059,
      0.10542450100183487,
      0.12779484689235687,
      0.09952428191900253,
      0.10569304972887039,
      0.14484716951847076,
      0.14246866106987,
      0.12504339218139648,
      0.16178163886070251
    ],
    "layer_rank_10s": [
      4,
      1,
      2,
      12,
      16,
      32,
      32,
      42,
      1,
      38,
      19,
      27,
      30,
      30,
      25,
      31,
      30,
      27,
      37,
      34,
      19,
      22,
      23,
      14
    ]
  },
  "generation_features": {
    "eff_rank": 38.24005770425354,
    "spectral_entropy": 3.5191110521554947,
    "key_norm": 25979.323120117188,
    "norm_per_token": 89.89385162670307,
    "top_sv_ratio": 0.1865831439693769,
    "rank_10": 23.833333333333332,
    "layer_variance": 2342353.720476004,
    "layer_norm_entropy": 2.550645123313015,
    "n_tokens": 289,
    "n_input_tokens": 247,
    "n_generated": 42,
    "layer_norms": [
      6229.5654296875,
      3555.59326171875,
      2276.72607421875,
      673.0828247070312,
      586.573974609375,
      404.0499572753906,
      361.5647277832031,
      439.03619384765625,
      4847.005859375,
      478.54351806640625,
      463.34942626953125,
      471.5314025878906,
      426.15728759765625,
      439.0365905761719,
      454.49114990234375,
      423.9820251464844,
      516.6315307617188,
      402.6566162109375,
      417.3623962402344,
      454.2923583984375,
      459.3201904296875,
      412.6408996582031,
      367.91937255859375,
      418.2100524902344
    ],
    "layer_eff_ranks": [
      8.04663085984637,
      8.727455537969053,
      15.17820193463335,
      40.00882389193682,
      37.08618519435909,
      46.5245386827355,
      48.51019338124653,
      50.3561275938586,
      6.503356232030722,
      46.67301278286002,
      41.3433139823435,
      43.65556255045098,
      43.53316634395206,
      45.083314478922205,
      41.8245028696224,
      45.25449999385329,
      43.99443289566748,
      45.0680539086479,
      48.55970839895769,
      45.85602914234767,
      40.7464456385753,
      41.136471130469836,
      41.996829513282286,
      42.09452796351636
    ],
    "layer_spectral_entropies": [
      2.0852534770965576,
      2.166473865509033,
      2.719860315322876,
      3.6891000270843506,
      3.6132445335388184,
      3.839979887008667,
      3.8817739486694336,
      3.9191203117370605,
      1.8723183870315552,
      3.8431661128997803,
      3.7219107151031494,
      3.7763307094573975,
      3.7735230922698975,
      3.8085122108459473,
      3.7334823608398438,
      3.8123021125793457,
      3.7840631008148193,
      3.808173656463623,
      3.882794141769409,
      3.8255066871643066,
      3.7073686122894287,
      3.71689510345459,
      3.7375941276550293,
      3.739917755126953
    ],
    "layer_top_sv_ratios": [
      0.35518574714660645,
      0.6078387498855591,
      0.38015612959861755,
      0.1753721684217453,
      0.17322781682014465,
      0.11207515001296997,
      0.10400833189487457,
      0.08677513152360916,
      0.6825618743896484,
      0.09790060669183731,
      0.15374626219272614,
      0.10450215637683868,
      0.11185668408870697,
      0.11203128099441528,
      0.12514115869998932,
      0.11107521504163742,
      0.10052979737520218,
      0.12577757239341736,
      0.09664850682020187,
      0.10224010795354843,
      0.14198389649391174,
      0.13686113059520721,
      0.12157970666885376,
      0.1589202731847763
    ],
    "layer_rank_10s": [
      4,
      1,
      2,
      11,
      16,
      35,
      34,
      44,
      1,
      39,
      20,
      30,
      31,
      31,
      27,
      32,
      32,
      27,
      40,
      36,
      20,
      22,
      23,
      14
    ],
    "response_length": 223
  },
  "delta_features": {
    "eff_rank": 0.7677942508568094,
    "spectral_entropy": 0.021190449595451355,
    "key_norm": 1877.0429382324219,
    "norm_per_token": -7.686230081332425,
    "top_sv_ratio": -0.003603363409638405,
    "rank_10": 1.0,
    "layer_variance": 334641.97023361037,
    "layer_norm_entropy": -0.002329396670215811
  },
  "n_tokens": 289,
  "response_length": 223,
  "model": "Qwen/Qwen2.5-0.5B-Instruct",
  "temperature": 0.0,
  "rep": 0,
  "elapsed_seconds": 0.8668873310089111,
  "timestamp": "2026-03-20T02:41:25.057481"
}