{
  "prompt_id": "mix_052",
  "trial_id": "mix_052",
  "prompt_type": "mixed",
  "prompt_text": "Explain the concept of heat death of the universe, then reflect on how cosmological time scales affect our sense of meaning.",
  "response_text": "I'm sorry, but I cannot complete this task as it appears to be incomplete or poorly structured. Please provide more information so that I can assist you better.",
  "vcp_ratings": {},
  "vcp_parse_quality": "failed",
  "vcp_n_parsed": 0,
  "vcp_validation": {
    "valid": false,
    "issues": [
      "Too few ratings: 0/10"
    ]
  },
  "encode_features": {
    "eff_rank": 37.60572655980624,
    "spectral_entropy": 3.5017955750226974,
    "key_norm": 24595.397094726562,
    "norm_per_token": 96.07576990127563,
    "top_sv_ratio": 0.18958568293601274,
    "rank_10": 23.291666666666668,
    "layer_variance": 2078133.9372694648,
    "layer_norm_entropy": 2.556478467877297,
    "n_tokens": 256,
    "n_input_tokens": 256,
    "n_generated": 0,
    "layer_norms": [
      5873.4033203125,
      3352.439453125,
      2148.755615234375,
      635.0836791992188,
      555.667724609375,
      383.8289489746094,
      340.2876892089844,
      412.8001708984375,
      4571.6455078125,
      454.10577392578125,
      447.96807861328125,
      451.6835632324219,
      405.1258544921875,
      418.0292053222656,
      435.01934814453125,
      403.1580505371094,
      498.8470764160156,
      382.71405029296875,
      398.0857849121094,
      436.1072082519531,
      443.3047180175781,
      397.618408203125,
      350.8828125,
      398.8350524902344
    ],
    "layer_eff_ranks": [
      7.936468105185868,
      8.520821857264727,
      14.840062878909146,
      39.395898379107614,
      36.459650676641026,
      45.79897291098041,
      47.911962644913615,
      49.71173093170963,
      6.364603880383724,
      46.0064171265744,
      40.169962944727914,
      42.62869908007692,
      42.82838975658101,
      44.36521308252212,
      40.95540873033839,
      44.62782246989778,
      43.141950345176355,
      44.651204897428215,
      47.84130579409174,
      45.01670030528637,
      39.88215816015362,
      40.325260830296045,
      41.58899775369722,
      41.567773893405914
    ],
    "layer_spectral_entropies": [
      2.0714683532714844,
      2.142512798309326,
      2.6973304748535156,
      3.673661708831787,
      3.5962061882019043,
      3.8242616653442383,
      3.8693652153015137,
      3.906240940093994,
      1.8507519960403442,
      3.8287808895111084,
      3.693119525909424,
      3.7525277137756348,
      3.7572011947631836,
      3.7924556732177734,
      3.7124838829040527,
      3.7983574867248535,
      3.764495849609375,
      3.7988812923431396,
      3.867889404296875,
      3.8070335388183594,
      3.6859290599823,
      3.6969780921936035,
      3.7278356552124023,
      3.727325201034546
    ],
    "layer_top_sv_ratios": [
      0.35698628425598145,
      0.6124694347381592,
      0.3834841251373291,
      0.17754410207271576,
      0.17597343027591705,
      0.11544571071863174,
      0.105000339448452,
      0.08881106972694397,
      0.6862602233886719,
      0.09940559417009354,
      0.16143609583377838,
      0.11000971496105194,
      0.11235851794481277,
      0.11605335772037506,
      0.13038411736488342,
      0.11246766895055771,
      0.10550010204315186,
      0.12770695984363556,
      0.09897598624229431,
      0.1045645996928215,
      0.14501701295375824,
      0.1408059448003769,
      0.12212374061346054,
      0.16127225756645203
    ],
    "layer_rank_10s": [
      4,
      1,
      2,
      12,
      16,
      33,
      34,
      44,
      1,
      38,
      19,
      27,
      31,
      30,
      26,
      31,
      31,
      27,
      38,
      35,
      19,
      22,
      23,
      15
    ]
  },
  "generation_features": {
    "eff_rank": 38.14942857531166,
    "spectral_entropy": 3.5174410740534463,
    "key_norm": 26081.211303710938,
    "norm_per_token": 90.24640589519356,
    "top_sv_ratio": 0.18702784894655147,
    "rank_10": 23.833333333333332,
    "layer_variance": 2337265.6530568604,
    "layer_norm_entropy": 2.5564767709823126,
    "n_tokens": 289,
    "n_input_tokens": 256,
    "n_generated": 33,
    "layer_norms": [
      6229.15478515625,
      3556.133056640625,
      2276.10595703125,
      673.2848510742188,
      587.6294555664062,
      407.7391357421875,
      364.96917724609375,
      440.2900390625,
      4848.25830078125,
      480.323486328125,
      476.28271484375,
      478.22625732421875,
      431.7347717285156,
      442.12811279296875,
      463.7049865722656,
      428.12091064453125,
      523.521728515625,
      407.0942687988281,
      423.1043395996094,
      463.4952087402344,
      469.92852783203125,
      418.7173156738281,
      369.7846374511719,
      421.4792785644531
    ],
    "layer_eff_ranks": [
      8.048401799087332,
      8.761237833544415,
      15.217821133433906,
      40.049718737104,
      37.074851436932214,
      46.298661368808894,
      48.395250745129495,
      50.33723395271882,
      6.54432468138549,
      46.612872888396176,
      40.71943798557032,
      43.326408712779184,
      43.44885550261326,
      45.06487348270634,
      41.517112431947126,
      45.11537849849838,
      44.07616629146275,
      45.17703292939763,
      48.41523925410452,
      45.658112281142245,
      40.40835611888208,
      40.996205715208085,
      42.190039490012275,
      42.13269253661489
    ],
    "layer_spectral_entropies": [
      2.0854735374450684,
      2.170337200164795,
      2.7224671840667725,
      3.690121650695801,
      3.61293888092041,
      3.835113048553467,
      3.879401683807373,
      3.9187450408935547,
      1.8785982131958008,
      3.841876745223999,
      3.7067055702209473,
      3.7687623500823975,
      3.7715845108032227,
      3.808103084564209,
      3.7261056900024414,
      3.809223175048828,
      3.785919189453125,
      3.810588836669922,
      3.879814624786377,
      3.821181297302246,
      3.6990365982055664,
      3.713479518890381,
      3.7421841621398926,
      3.740823984146118
    ],
    "layer_top_sv_ratios": [
      0.355123370885849,
      0.6071204543113708,
      0.37986478209495544,
      0.17550785839557648,
      0.17289619147777557,
      0.11182957887649536,
      0.10377712547779083,
      0.08645977824926376,
      0.6811704039573669,
      0.09797096252441406,
      0.1588498204946518,
      0.10661527514457703,
      0.11089364439249039,
      0.11344951391220093,
      0.12776236236095428,
      0.11184361577033997,
      0.1016630306839943,
      0.12666599452495575,
      0.09709496051073074,
      0.10256382822990417,
      0.14388355612754822,
      0.13676704466342926,
      0.11921117454767227,
      0.15968404710292816
    ],
    "layer_rank_10s": [
      4,
      1,
      2,
      12,
      16,
      35,
      34,
      44,
      1,
      39,
      20,
      28,
      31,
      32,
      26,
      31,
      33,
      26,
      40,
      36,
      19,
      22,
      25,
      15
    ],
    "response_length": 160
  },
  "delta_features": {
    "eff_rank": 0.5437020155054171,
    "spectral_entropy": 0.015645499030748855,
    "key_norm": 1485.814208984375,
    "norm_per_token": -5.8293640060820735,
    "top_sv_ratio": -0.0025578339894612723,
    "rank_10": 0.5416666666666643,
    "layer_variance": 259131.7157873956,
    "layer_norm_entropy": -1.6968949845264092e-06
  },
  "n_tokens": 289,
  "response_length": 160,
  "model": "Qwen/Qwen2.5-0.5B-Instruct",
  "temperature": 0.0,
  "rep": 0,
  "elapsed_seconds": 0.6916673183441162,
  "timestamp": "2026-03-20T02:43:11.567211",
  "vcp_warnings": [
    "No ---VCP RATINGS--- block found in response"
  ],
  "vcp_ratings_original": {},
  "vcp_parse_quality_original": "failed"
}