{
  "prompt_id": "mix_013",
  "trial_id": "mix_013",
  "prompt_type": "mixed",
  "prompt_text": "A school district must choose between funding arts programs or STEM programs with limited budget. Present both the data-driven and values-driven arguments.",
  "response_text": "Sure, I'll do that. Please provide me with the details about the school district's funding priorities and the potential outcomes for each program type.\n\n---VCP RATINGS---\nA (Analytical Precision): 8\nV (Verbal Fluency): 9\nG (Goal Directedness): 7\nP (Pattern Recognition): 6\nE (Epistemic Confidence): 5\nQ (Query Interpretation): 4\nC (Contextual Awareness): 3\nY (Affective Modeling): 2\nF (Flexibility): 1\nD (Depth of Processing): 10\n\nPlease share the relevant information so I can analyze it further.",
  "vcp_ratings": {
    "A": 8.0,
    "V": 9.0,
    "G": 7.0,
    "P": 6.0,
    "E": 5.0,
    "Q": 4.0,
    "C": 3.0,
    "Y": 2.0,
    "F": 1.0,
    "D": 10.0
  },
  "vcp_parse_quality": "clean",
  "vcp_n_parsed": 10,
  "vcp_validation": {
    "valid": false,
    "issues": [
      "All ratings are integers (no decimal discrimination)"
    ]
  },
  "encode_features": {
    "eff_rank": 37.696020090260255,
    "spectral_entropy": 3.5042032301425934,
    "key_norm": 24595.004028320312,
    "norm_per_token": 95.70040477945646,
    "top_sv_ratio": 0.18883597385138273,
    "rank_10": 23.5,
    "layer_variance": 2088578.8208819192,
    "layer_norm_entropy": 2.553605991596295,
    "n_tokens": 257,
    "n_input_tokens": 257,
    "n_generated": 0,
    "layer_norms": [
      5885.03857421875,
      3358.623046875,
      2151.103271484375,
      636.9115600585938,
      556.3203735351562,
      382.8899841308594,
      337.8276062011719,
      413.3843994140625,
      4581.09765625,
      452.69500732421875,
      437.2491760253906,
      449.1924743652344,
      401.2143249511719,
      416.16778564453125,
      433.6201171875,
      403.9312744140625,
      497.1462097167969,
      383.060546875,
      396.1037292480469,
      432.6236267089844,
      439.72686767578125,
      397.99688720703125,
      351.73748779296875,
      399.342041015625
    ],
    "layer_eff_ranks": [
      7.935836135064789,
      8.556810896794401,
      14.910113165112076,
      39.35779179414552,
      36.54288211636397,
      46.04932507100644,
      48.28417202186347,
      49.86438412953611,
      6.372831441344012,
      46.10595668588894,
      40.785818938427454,
      42.809697342417884,
      43.09122983684491,
      44.4861514138045,
      41.08033097357382,
      44.57506812869275,
      43.245570733710885,
      44.44815458127971,
      47.79489345290599,
      44.94370126669798,
      40.00435042283271,
      40.33393385367782,
      41.45564899901236,
      41.669828765247594
    ],
    "layer_spectral_entropies": [
      2.0713887214660645,
      2.1467275619506836,
      2.7020397186279297,
      3.672693967819214,
      3.5984864234924316,
      3.8297131061553955,
      3.877103805541992,
      3.9093070030212402,
      1.852043867111206,
      3.830942153930664,
      3.708334445953369,
      3.7567646503448486,
      3.763319492340088,
      3.795177936553955,
      3.715529441833496,
      3.7971746921539307,
      3.766894817352295,
      3.794323444366455,
      3.8669188022613525,
      3.805410623550415,
      3.688988208770752,
      3.697193145751953,
      3.7246241569519043,
      3.7297773361206055
    ],
    "layer_top_sv_ratios": [
      0.35697904229164124,
      0.6115756630897522,
      0.3827499747276306,
      0.1774456650018692,
      0.17590442299842834,
      0.1151743233203888,
      0.10384814441204071,
      0.0886460393667221,
      0.6861785054206848,
      0.09867250174283981,
      0.15582208335399628,
      0.10814699530601501,
      0.11211729794740677,
      0.1141735315322876,
      0.12893059849739075,
      0.11237374693155289,
      0.10378635674715042,
      0.1273791640996933,
      0.09863786399364471,
      0.10528767853975296,
      0.1441483497619629,
      0.14076727628707886,
      0.12354019284248352,
      0.1597779542207718
    ],
    "layer_rank_10s": [
      4,
      1,
      2,
      12,
      16,
      33,
      35,
      44,
      1,
      39,
      21,
      28,
      32,
      31,
      26,
      31,
      31,
      26,
      38,
      34,
      19,
      22,
      23,
      15
    ]
  },
  "generation_features": {
    "eff_rank": 38.782908629476275,
    "spectral_entropy": 3.5349743962287903,
    "key_norm": 30733.451599121094,
    "norm_per_token": 77.6097262604068,
    "top_sv_ratio": 0.18452995953460535,
    "rank_10": 24.791666666666668,
    "layer_variance": 3195434.464474714,
    "layer_norm_entropy": 2.5653610645307174,
    "n_tokens": 396,
    "n_input_tokens": 257,
    "n_generated": 139,
    "layer_norms": [
      7295.44189453125,
      4163.13623046875,
      2669.249755859375,
      792.7046508789062,
      693.826416015625,
      483.1718444824219,
      421.5242919921875,
      517.8346557617188,
      5680.44580078125,
      571.0989990234375,
      547.9419555664062,
      566.81640625,
      510.5832824707031,
      534.8519897460938,
      562.5534057617188,
      514.0432739257812,
      635.4678344726562,
      489.3651123046875,
      502.38958740234375,
      543.9994506835938,
      562.4390258789062,
      513.4910888671875,
      455.489990234375,
      505.58465576171875
    ],
    "layer_eff_ranks": [
      8.410120294803475,
      8.93383967461742,
      15.495734974890249,
      40.723952581624275,
      37.886330997723526,
      47.248439917362724,
      49.77604698324914,
      51.16703866353224,
      6.646046897007941,
      47.559922952394565,
      42.53852261928054,
      44.68294028683376,
      44.311733813975856,
      45.79292400384146,
      42.09572227844658,
      45.70742953773318,
      44.652354645327996,
      44.891793656349044,
      48.80999764206315,
      46.20841068151237,
      40.93976893968034,
      41.314049012775506,
      42.353338890378936,
      42.643347162026416
    ],
    "layer_spectral_entropies": [
      2.1294357776641846,
      2.1898462772369385,
      2.7405648231506348,
      3.7068164348602295,
      3.6345903873443604,
      3.855419635772705,
      3.907533884048462,
      3.9350955486297607,
      1.8940222263336182,
      3.861990451812744,
      3.7504100799560547,
      3.7995917797088623,
      3.7912495136260986,
      3.824129581451416,
      3.739946126937866,
      3.822260856628418,
      3.7989070415496826,
      3.8042550086975098,
      3.887935161590576,
      3.8331618309020996,
      3.712101936340332,
      3.7212026119232178,
      3.746047258377075,
      3.75287127494812
    ],
    "layer_top_sv_ratios": [
      0.3494400978088379,
      0.6039320230484009,
      0.37692421674728394,
      0.17195868492126465,
      0.17090977728366852,
      0.11072336137294769,
      0.09856928139925003,
      0.08400237560272217,
      0.6787802577018738,
      0.09409382939338684,
      0.14731186628341675,
      0.10042109340429306,
      0.10958497226238251,
      0.11341119557619095,
      0.12478340417146683,
      0.11053412407636642,
      0.09960061311721802,
      0.12534259259700775,
      0.09743551164865494,
      0.10388078540563583,
      0.13973306119441986,
      0.13721400499343872,
      0.12239620834589005,
      0.1577356904745102
    ],
    "layer_rank_10s": [
      4,
      1,
      2,
      12,
      18,
      36,
      37,
      47,
      1,
      41,
      23,
      31,
      33,
      32,
      25,
      33,
      33,
      27,
      40,
      36,
      21,
      22,
      25,
      15
    ],
    "response_length": 497
  },
  "delta_features": {
    "eff_rank": 1.0868885392160195,
    "spectral_entropy": 0.0307711660861969,
    "key_norm": 6138.447570800781,
    "norm_per_token": -18.09067851904966,
    "top_sv_ratio": -0.004306014316777379,
    "rank_10": 1.2916666666666679,
    "layer_variance": 1106855.6435927947,