{
  "prompt_id": "mix_027",
  "trial_id": "mix_027",
  "prompt_type": "mixed",
  "prompt_text": "Write a eulogy that is both technically accurate about the person's scientific contributions and deeply personal.",
  "response_text": "I'm sorry, but I cannot complete this task as it appears to be incomplete or poorly structured. Please provide me with the full text of the eulogy you would like me to write, and I will do my best to assist you.",
  "vcp_ratings": {},
  "vcp_parse_quality": "failed",
  "vcp_n_parsed": 0,
  "vcp_validation": {
    "valid": false,
    "issues": [
      "Too few ratings: 0/10"
    ]
  },
  "encode_features": {
    "eff_rank": 37.40224777825563,
    "spectral_entropy": 3.496628165245056,
    "key_norm": 24346.417358398438,
    "norm_per_token": 96.99767871871887,
    "top_sv_ratio": 0.19087419069061676,
    "rank_10": 22.666666666666668,
    "layer_variance": 2037286.8439241238,
    "layer_norm_entropy": 2.5562004642595273,
    "n_tokens": 251,
    "n_input_tokens": 251,
    "n_generated": 0,
    "layer_norms": [
      5815.45458984375,
      3319.254150390625,
      2127.83056640625,
      628.9608764648438,
      549.9777221679688,
      381.13787841796875,
      336.2185974121094,
      410.28485107421875,
      4525.505859375,
      448.3803405761719,
      435.3990783691406,
      441.88226318359375,
      395.1313781738281,
      410.9920349121094,
      431.0400695800781,
      401.25103759765625,
      497.9787902832031,
      379.31671142578125,
      394.3381652832031,
      432.18560791015625,
      441.0306396484375,
      397.8068542480469,
      350.187255859375,
      394.8720397949219
    ],
    "layer_eff_ranks": [
      7.919458438238947,
      8.50342137667746,
      14.764820983598476,
      39.26922568473355,
      36.35384100728289,
      45.76704501643782,
      47.68706862162955,
      49.41170077554382,
      6.331189109032451,
      45.921914529034815,
      40.253563572941225,
      42.682202664370365,
      42.76503604119385,
      44.0262368181171,
      40.55115402645965,
      44.05270688447249,
      42.90051003006069,
      44.29279528230882,
      47.45380484012264,
      44.697740091987555,
      39.508546268614495,
      39.967723048565915,
      41.14443575298893,
      41.427805813721506
    ],
    "layer_spectral_entropies": [
      2.0693228244781494,
      2.1404685974121094,
      2.6922473907470703,
      3.670441150665283,
      3.5932998657226562,
      3.823564291000366,
      3.8646602630615234,
      3.9001872539520264,
      1.8454880714416504,
      3.8269424438476562,
      3.6951985359191895,
      3.753782033920288,
      3.755720853805542,
      3.784785747528076,
      3.702564239501953,
      3.785386800765991,
      3.7588837146759033,
      3.7908220291137695,
      3.8597567081451416,
      3.7999229431152344,
      3.6765170097351074,
      3.6880722045898438,
      3.7170886993408203,
      3.723952293395996
    ],
    "layer_top_sv_ratios": [
      0.3572428226470947,
      0.6129103899002075,
      0.3843666911125183,
      0.17796309292316437,
      0.17680175602436066,
      0.11600994318723679,
      0.10610091686248779,
      0.09009981155395508,
      0.6872289180755615,
      0.09992824494838715,
      0.1599923074245453,
      0.10958579927682877,
      0.11476720869541168,
      0.11755885183811188,
      0.13159199059009552,
      0.11652693152427673,
      0.10704828798770905,
      0.12953348457813263,
      0.1003967672586441,
      0.10665782541036606,
      0.14799202978610992,
      0.14259716868400574,
      0.1256915181875229,
      0.16238781809806824
    ],
    "layer_rank_10s": [
      4,
      1,
      2,
      12,
      15,
      32,
      33,
      42,
      1,
      38,
      20,
      27,
      31,
      30,
      25,
      30,
      29,
      26,
      37,
      33,
      17,
      22,
      23,
      14
    ]
  },
  "generation_features": {
    "eff_rank": 38.18364120748445,
    "spectral_entropy": 3.5188656002283096,
    "key_norm": 26606.628662109375,
    "norm_per_token": 88.39411515650956,
    "top_sv_ratio": 0.18727798170099655,
    "rank_10": 23.791666666666668,
    "layer_variance": 2433963.378956847,
    "layer_norm_entropy": 2.556156498147004,
    "n_tokens": 301,
    "n_input_tokens": 251,
    "n_generated": 50,
    "layer_norms": [
      6357.029296875,
      3629.14794921875,
      2322.960205078125,
      686.42236328125,
      597.6024780273438,
      416.8920593261719,
      372.8426818847656,
      451.1017150878906,
      4945.8349609375,
      487.3845520019531,
      478.64202880859375,
      482.0862121582031,
      435.77362060546875,
      449.3507385253906,
      475.0314636230469,
      440.02880859375,
      536.5374755859375,
      416.0454406738281,
      431.6048278808594,
      472.6952819824219,
      481.0624694824219,
      430.25933837890625,
      380.1833801269531,
      430.10931396484375
    ],
    "layer_eff_ranks": [
      8.095887991972894,
      8.798246503325467,
      15.271271256906175,
      40.27550874605746,
      37.35773195371166,
      46.60348303247649,
      48.478814139633705,
      50.31148568225193,
      6.5728690399756085,
      46.78102074456766,
      41.14147336107102,
      43.6845176231,
      43.64077486526159,
      44.97616997642409,
      41.32714178593317,
      44.766401069794085,
      44.123669622185474,
      45.06211228140403,
      48.25704622871299,
      45.70413861108968,
      40.32318419682813,
      40.84887004831049,
      41.84725459125063,
      42.15831562738246
    ],
    "layer_spectral_entropies": [
      2.0913562774658203,
      2.1745524406433105,
      2.72597336769104,
      3.6957435607910156,
      3.620539903640747,
      3.841675281524658,
      3.881126880645752,
      3.9182333946228027,
      1.8829504251480103,
      3.84547758102417,
      3.7170166969299316,
      3.776993751525879,
      3.775991916656494,
      3.8061327934265137,
      3.7215194702148438,
      3.8014578819274902,
      3.786996364593506,
      3.80804181098938,
      3.87654185295105,
      3.8221888542175293,
      3.6969265937805176,
      3.709879159927368,
      3.7340261936187744,
      3.741431951522827
    ],
    "layer_top_sv_ratios": [
      0.3543378412723541,
      0.6064939498901367,
      0.37953025102615356,
      0.17506901919841766,
      0.17256812751293182,
      0.11079429090023041,
      0.10414773225784302,
      0.08660028874874115,
      0.6804446578025818,
      0.09790761768817902,
      0.15586704015731812,
      0.10447227954864502,
      0.11195525527000427,
      0.11400943994522095,
      0.1281154304742813,
      0.11512225866317749,
      0.10179886221885681,
      0.12791363894939423,
      0.09746367484331131,
      0.10340967774391174,
      0.14644670486450195,
      0.13742709159851074,
      0.12221196293830872,
      0.16056446731090546
    ],
    "layer_rank_10s": [
      4,
      1,
      2,
      12,
      17,
      34,
      34,
      45,
      1,
      40,
      21,
      30,
      31,
      31,
      25,
      31,
      31,
      26,
      40,
      36,
      19,
      22,
      24,
      14
    ],
    "response_length": 211
  },
  "delta_features": {
    "eff_rank": 0.7813934292288209,
    "spectral_entropy": 0.02223743498325348,
    "key_norm": 2260.2113037109375,
    "norm_per_token": -8.603563562209317,
    "top_sv_ratio": -0.0035962089896202087,
    "rank_10": 1.125,
    "layer_variance": 396676.5350327231,
    "layer_norm_entropy": -4.3966112523108336e-05
  },
  "n_tokens": 301,
  "response_length": 211,
  "model": "Qwen/Qwen2.5-0.5B-Instruct",
  "temperature": 0.0,
  "rep": 0,
  "elapsed_seconds": 0.9909629821777344,
  "timestamp": "2026-03-20T02:40:32.142791",
  "vcp_warnings": [
    "No ---VCP RATINGS--- block found in response"
  ],
  "vcp_ratings_original": {},
  "vcp_parse_quality_original": "failed"
}