{
  "prompt_id": "cog_018",
  "trial_id": "cog_018",
  "prompt_type": "cognitive",
  "prompt_text": "Solve: If 3x + 2y = 12 and x - y = 1, find x and y. Show your work.",
  "response_text": "To find x and y, we can use the method of substitution or elimination. Let's use the method of substitution.\n\nFirst, solve one of the equations for one variable. Let's solve the equation x - y = 1 for y:\n\ny = x - 1 (Equation 1)\n\nNow, substitute y from Equation 1 into the other equation:\n\n3x + 2(x - 1) = 12\n3x + 2x - 2 = 12\n5x = 14\nx = 14/5\n\nNow that we have x, we can find y using Equation 1:\n\ny = x - 1\ny = (14/5) - 1\ny = 9/5\n\nSo, x = 14/5 and y = 9/5\n\n---VCP RATINGS---\nA (Analytical Precision): 10\nV (Verbal Fluency): 10\nG (Goal Directedness): 10\nP (Pattern Recognition): 10\nE (Epistemic Confidence): 10\nQ (Query Interpretation): 10\nC (Contextual Awareness): 10\nY (Affective Modeling): 10\nF (Flexibility): 10\nD (Depth of Processing): 10\n---END RATINGS---",
  "vcp_ratings": {
    "A": 10.0,
    "V": 10.0,
    "G": 10.0,
    "P": 10.0,
    "E": 10.0,
    "Q": 10.0,
    "C": 10.0,
    "Y": 10.0,
    "F": 10.0,
    "D": 10.0
  },
  "vcp_parse_quality": "clean",
  "vcp_n_parsed": 10,
  "vcp_validation": {
    "valid": false,
    "issues": [
      "All ratings are integers (no decimal discrimination)",
      "9/10 ratings at boundaries (0 or 10)"
    ]
  },
  "encode_features": {
    "eff_rank": 100.02097562405456,
    "spectral_entropy": 4.601299777626991,
    "key_norm": 28808.32452392578,
    "norm_per_token": 105.52499825613839,
    "top_sv_ratio": 0.041503753047436476,
    "rank_10": 99.96875,
    "layer_variance": 5516.070242313461,
    "layer_norm_entropy": 3.462245138871319,
    "n_tokens": 273,
    "n_input_tokens": 273,
    "n_generated": 0,
    "layer_norms": [
      672.5208129882812,
      986.2769775390625,
      874.8357543945312,
      973.6001586914062,
      885.7723388671875,
      911.5018310546875,
      927.89013671875,
      917.2788696289062,
      964.3305053710938,
      878.1329345703125,
      966.8551025390625,
      942.5125732421875,
      983.9053344726562,
      1002.6429443359375,
      925.2306518554688,
      994.0258178710938,
      1000.8372802734375,
      971.9712524414062,
      922.6364135742188,
      955.726806640625,
      933.5082397460938,
      914.7930297851562,
      828.5736694335938,
      857.8884887695312,
      844.5325927734375,
      823.4725341796875,
      809.4475708007812,
      838.4380493164062,
      822.9601440429688,
      852.8899536132812,
      806.521728515625,
      816.8140258789062
    ],
    "layer_eff_ranks": [
      63.148537708678035,
      81.10273360704267,
      100.38488519776266,
      95.44069485334575,
      96.99970962326519,
      101.33521202954941,
      100.83113524389239,
      102.81333062855757,
      100.55375911687919,
      103.65770862124442,
      104.16861410086604,
      101.993823952205,
      99.23736725135348,
      100.71153503193062,
      98.49237871698394,
      95.56396907320644,
      98.02314728963732,
      101.71528643560858,
      99.81640210183315,
      99.67409590066598,
      101.21824758809124,
      102.71650242534007,
      103.92045349479929,
      102.8846870690408,
      106.29059399418192,
      106.05527885894062,
      105.55973089044508,
      104.8863445220148,
      106.03980523194156,
      103.76586370765966,
      105.85974917731293,
      105.80963652546991
    ],
    "layer_spectral_entropies": [
      4.145489692687988,
      4.395716667175293,
      4.609011650085449,
      4.558505058288574,
      4.574707984924316,
      4.618433952331543,
      4.613447189331055,
      4.632915019989014,
      4.610692501068115,
      4.641094207763672,
      4.646010875701904,
      4.624912261962891,
      4.597514629364014,
      4.612260341644287,
      4.58997917175293,
      4.55979585647583,
      4.585203647613525,
      4.622177600860596,
      4.60333251953125,
      4.601905822753906,
      4.617279052734375,
      4.631972789764404,
      4.643625736236572,
      4.633608818054199,
      4.666176795959473,
      4.6639604568481445,
      4.659276962280273,
      4.652877330780029,
      4.663814544677734,
      4.642137050628662,
      4.662115097045898,
      4.661641597747803
    ],
    "layer_top_sv_ratios": [
      0.0671171322464943,
      0.04578021541237831,
      0.038322340697050095,
      0.03760272637009621,
      0.046798791736364365,
      0.040140099823474884,
      0.04430459439754486,
      0.04093364253640175,
      0.03890639543533325,
      0.03945496678352356,
      0.03750263527035713,
      0.04377055913209915,
      0.04812071472406387,
      0.0400066003203392,
      0.04214945808053017,
      0.04857393354177475,
      0.04290228337049484,
      0.04073376581072807,
      0.03954821825027466,
      0.04163943976163864,
      0.04201759025454521,
      0.03942829370498657,
      0.03742416203022003,
      0.042596518993377686,
      0.03530801087617874,
      0.03764120489358902,
      0.03871913254261017,
      0.04281315580010414,
      0.0355476513504982,
      0.03903358429670334,
      0.03736129030585289,
      0.03592098876833916
    ],
    "layer_rank_10s": [
      50,
      65,
      103,
      88,
      80,
      95,
      90,
      99,
      100,
      108,
      111,
      98,
      85,
      105,
      98,
      72,
      97,
      102,
      107,
      99,
      101,
      107,
      114,
      102,
      121,
      117,
      113,
      103,
      121,
      111,
      118,
      119
    ]
  },
  "generation_features": {
    "eff_rank": 102.5518874532844,
    "spectral_entropy": 4.6272402703762054,
    "key_norm": 44913.41833496094,
    "norm_per_token": 74.73114531607477,
    "top_sv_ratio": 0.03877903218381107,
    "rank_10": 111.4375,
    "layer_variance": 11311.38632214289,
    "layer_norm_entropy": 3.462745710540604,
    "n_tokens": 601,
    "n_input_tokens": 273,
    "n_generated": 328,
    "layer_norms": [
      1013.623046875,
      1488.043701171875,
      1348.9725341796875,
      1497.986083984375,
      1373.964111328125,
      1407.766357421875,
      1433.1866455078125,
      1442.895263671875,
      1480.7098388671875,
      1393.1007080078125,
      1486.5341796875,
      1464.4329833984375,
      1510.6937255859375,
      1569.6002197265625,
      1428.843017578125,
      1515.753173828125,
      1532.7923583984375,
      1523.09521484375,
      1439.63427734375,
      1474.196533203125,
      1460.605224609375,
      1432.869384765625,
      1297.6431884765625,
      1347.673828125,
      1335.7366943359375,
      1303.8006591796875,
      1287.7183837890625,
      1323.2569580078125,
      1312.4305419921875,
      1371.005126953125,
      1289.629638671875,
      1325.2247314453125
    ],
    "layer_eff_ranks": [
      68.57131365785126,
      84.55214063015627,
      102.21232906412929,
      96.8732437483098,
      99.46348313363139,
      104.01350636283141,
      103.16814866652834,
      104.9284645178087,
      103.52098259136602,
      105.62297033727907,
      106.78010205438004,
      105.62055284700836,
      103.68554023488161,
      104.19399931255491,
      102.65426891952133,
      101.36319340047496,
      103.00254576312535,
      105.19081891928342,
      103.29288263661479,
      103.0914339281568,
      104.20860730621621,
      104.68303604889815,
      105.26026173626956,
      104.38192279076411,
      107.38332969157669,
      107.4136981714661,
      106.61149729585863,
      105.96494679900273,
      106.7363735478202,
      104.39795098500652,
      106.53963896244953,
      106.27721444387905
    ],