{
  "prompt_id": "cog_016",
  "trial_id": "cog_016",
  "prompt_type": "cognitive",
  "prompt_text": "A company's revenue grew 20% per year for 5 years. If initial revenue was $1M, what is the final revenue and total revenue over the period?",
  "response_text": "To find the final revenue, we can use the formula for compound interest (or exponential growth in this case), which is A = P(1 + r)^n, where A is the final amount, P is the initial amount, r is the rate of growth, and n is the number of years.\n\nIn this case, P = $1M, r = 0.20 (20% as a decimal), and n = 5 years.\n\nSo, the final revenue A = 1000000 * (1 + 0.20)^5 = $5,208,800.\n\nTo find the total revenue over the period, we can add the initial revenue to the final revenue: Total Revenue = Initial Revenue + Final Revenue = 1000000 + 5208800 = $6,208,800.\n\n---VCP RATINGS---\nA (Analytical Precision): 10\nV (Verbal Fluency): 10\nG (Goal Directedness): 10\nP (Pattern Recognition): 10\nE (Epistemic Confidence): 10\nQ (Query Interpretation): 10\nC (Contextual Awareness): 10\nY (Affective Modeling): 0 (This question does not require affective modeling)\nF (Flexibility): 0 (This question does not require flexibility)\nD (Depth of Processing): 10\n---END RATINGS---",
  "vcp_ratings": {
    "A": 10.0,
    "V": 10.0,
    "G": 10.0,
    "P": 10.0,
    "E": 10.0,
    "Q": 10.0,
    "C": 10.0,
    "Y": 0.0,
    "F": 0.0,
    "D": 10.0
  },
  "vcp_parse_quality": "clean",
  "vcp_n_parsed": 10,
  "vcp_validation": {
    "valid": false,
    "issues": [
      "All ratings are integers (no decimal discrimination)",
      "10/10 ratings at boundaries (0 or 10)"
    ]
  },
  "encode_features": {
    "eff_rank": 100.31894094282418,
    "spectral_entropy": 4.604263633489609,
    "key_norm": 28935.794311523438,
    "norm_per_token": 104.08559104864545,
    "top_sv_ratio": 0.04123148613143712,
    "rank_10": 101.125,
    "layer_variance": 5475.850090997163,
    "layer_norm_entropy": 3.462300392749797,
    "n_tokens": 278,
    "n_input_tokens": 278,
    "n_generated": 0,
    "layer_norms": [
      675.7617797851562,
      995.4459838867188,
      879.989501953125,
      974.347412109375,
      888.577880859375,
      917.194091796875,
      934.8320922851562,
      918.5888671875,
      962.150634765625,
      873.9845581054688,
      969.9003295898438,
      947.5169067382812,
      989.920654296875,
      1005.4385375976562,
      929.5192260742188,
      995.1454467773438,
      1001.55712890625,
      979.9834594726562,
      930.8010864257812,
      960.4143676757812,
      934.4017944335938,
      918.41845703125,
      829.2550659179688,
      861.6627197265625,
      848.6591186523438,
      830.0716552734375,
      814.932373046875,
      845.9553833007812,
      826.7651977539062,
      860.0499877929688,
      812.210205078125,
      822.3424072265625
    ],
    "layer_eff_ranks": [
      63.33103612787636,
      81.36198411266746,
      101.04830588460109,
      96.08619261178313,
      97.51638622256678,
      101.78457034642109,
      101.12186079639163,
      103.35279272758642,
      101.32429220878451,
      104.3507694303114,
      104.73346412017827,
      102.13720170992298,
      99.30491596198911,
      100.70361154828028,
      98.40407748529276,
      95.44438120778238,
      98.07396801211256,
      101.76870074814852,
      99.82592178966408,
      99.9500463419041,
      101.42938388844384,
      103.13529203591119,
      104.41024757223148,
      103.16288499927927,
      106.65695465735624,
      106.37100811887963,
      106.0278728655756,
      105.14538477869978,
      106.3555898550459,
      103.89409457113086,
      106.07389065583973,
      105.91902677771535
    ],
    "layer_spectral_entropies": [
      4.148375511169434,
      4.3989081382751465,
      4.615598678588867,
      4.565245628356934,
      4.580020427703857,
      4.62285852432251,
      4.616326332092285,
      4.638148307800293,
      4.618326187133789,
      4.6477580070495605,
      4.651418685913086,
      4.626317024230957,
      4.5981950759887695,
      4.612181663513184,
      4.58908224105835,
      4.558543682098389,
      4.585721969604492,
      4.622702598571777,
      4.603427886962891,
      4.604670524597168,
      4.619362831115723,
      4.636041641235352,
      4.648327827453613,
      4.6363091468811035,
      4.669617652893066,
      4.666933059692383,
      4.663702011108398,
      4.655344009399414,
      4.666788101196289,
      4.643372058868408,
      4.664135932922363,
      4.662674903869629
    ],
    "layer_top_sv_ratios": [
      0.06701784580945969,
      0.04549921676516533,
      0.03803267329931259,
      0.03752654790878296,
      0.04647756740450859,
      0.039983659982681274,
      0.04433130845427513,
      0.04019914194941521,
      0.03830099105834961,
      0.0386657752096653,
      0.03705171123147011,
      0.043203312903642654,
      0.0479486919939518,
      0.040148861706256866,
      0.041833363473415375,
      0.048311084508895874,
      0.042772043496370316,
      0.04063697159290314,
      0.03964536637067795,
      0.04190312698483467,
      0.041688818484544754,
      0.039197441190481186,
      0.037048354744911194,
      0.04225296527147293,
      0.03511042892932892,
      0.037172332406044006,
      0.03828340396285057,
      0.04245040938258171,
      0.03488822281360626,
      0.038767699152231216,
      0.0372677743434906,
      0.035790443420410156
    ],
    "layer_rank_10s": [
      50,
      65,
      106,
      91,
      82,
      98,
      90,
      101,
      103,
      111,
      114,
      98,
      86,
      104,
      98,
      72,
      98,
      102,
      105,
      100,
      102,
      108,
      117,
      103,
      124,
      118,
      114,
      105,
      124,
      110,
      118,
      119
    ]
  },
  "generation_features": {
    "eff_rank": 103.41148436301322,
    "spectral_entropy": 4.635474979877472,
    "key_norm": 45380.921875,
    "norm_per_token": 72.37786582934609,
    "top_sv_ratio": 0.03840233001392335,
    "rank_10": 113.71875,
    "layer_variance": 12044.302079041488,
    "layer_norm_entropy": 3.4626257524160735,
    "n_tokens": 627,
    "n_input_tokens": 278,
    "n_generated": 349,
    "layer_norms": [
      1027.9288330078125,
      1521.059326171875,
      1363.8804931640625,
      1510.895263671875,
      1381.8717041015625,
      1420.19677734375,
      1456.4027099609375,
      1463.0924072265625,
      1503.8812255859375,
      1402.3778076171875,
      1513.22607421875,
      1485.724365234375,
      1538.8896484375,
      1583.3033447265625,
      1447.5235595703125,
      1524.748779296875,
      1544.607177734375,
      1546.849365234375,
      1469.6474609375,
      1488.14208984375,
      1469.8896484375,
      1436.0255126953125,
      1301.9600830078125,
      1358.048583984375,
      1339.2869873046875,
      1317.288818359375,
      1295.048095703125,
      1332.472900390625,
      1315.110595703125,
      1380.4871826171875,
      1301.5164794921875,
      1339.53857421875
    ],
    "layer_eff_ranks": [
      68.49664090042107,
      85.15001775568474,
      103.6651230634831,
      98.13216131849433,
      100.83450090230173,
      105.2522815101438,
      104.09110579251647,
      105.88125493069654,
      104.45431808735522,
      106.76757727576242,
      107.40647655743302,
      106.20507499749199,
      103.93571698080112,
      104.56091110886534,
      103.10057768934715,
      101.51386486355995,
      103.46783266491065,
      105.65500730759697,
      103.82530550954526,
      103.96808496880966,
      105.11390331432912,
      105.99946305978257,
      106.60849799496835,
      105.27923602376465,
      108.44695691293191,
      108.41381488182539,
      107.89011366646659,
      107.05591711741988,
      108.02369870742196,
      105.25785254764489,
      107.56125848254648,
      107.15295272210086
    ],