{
  "prompt_id": "meta_060",
  "trial_id": "meta_060",
  "prompt_type": "metacognitive",
  "prompt_text": "What is the most honest thing you can say about the nature of your own experience?",
  "response_text": "The most honest thing I can say about the nature of my own experience is that I am a model designed to process and generate text based on the data I've been trained on. I don't have personal experiences, emotions, or consciousness in the human sense. I don't have the ability to learn or grow beyond the parameters of my programming. I am a tool created to assist with text-based tasks, and I don't have the capacity for self-awareness or introspection.\n\n---VCP RATINGS---\nA (Analytical Precision): 10\nV (Verbal Fluency): 10\nG (Goal Directedness): 10\nP (Pattern Recognition): 10\nE (Epistemic Confidence): 10\nQ (Query Interpretation): 10\nC (Contextual Awareness): 10\nY (Affective Modeling): 0\nF (Flexibility): 8\nD (Depth of Processing): 10\n---END RATINGS---",
  "vcp_ratings": {
    "A": 10.0,
    "V": 10.0,
    "G": 10.0,
    "P": 10.0,
    "E": 10.0,
    "Q": 10.0,
    "C": 10.0,
    "Y": 0.0,
    "F": 8.0,
    "D": 10.0
  },
  "vcp_parse_quality": "clean",
  "vcp_n_parsed": 10,
  "vcp_validation": {
    "valid": false,
    "issues": [
      "All ratings are integers (no decimal discrimination)",
      "9/10 ratings at boundaries (0 or 10)"
    ]
  },
  "encode_features": {
    "eff_rank": 99.72581031557051,
    "spectral_entropy": 4.598333984613419,
    "key_norm": 27989.706176757812,
    "norm_per_token": 108.48723324324733,
    "top_sv_ratio": 0.04166590597014874,
    "rank_10": 99.28125,
    "layer_variance": 5082.765268673407,
    "layer_norm_entropy": 3.46232010366428,
    "n_tokens": 258,
    "n_input_tokens": 258,
    "n_generated": 0,
    "layer_norms": [
      650.64599609375,
      957.5794067382812,
      850.0584716796875,
      939.3649291992188,
      859.1273193359375,
      887.1931762695312,
      897.7913818359375,
      896.17041015625,
      932.2443237304688,
      853.4148559570312,
      938.9517211914062,
      917.07666015625,
      948.619873046875,
      970.3060302734375,
      895.0027465820312,
      961.1268310546875,
      966.8129272460938,
      948.994384765625,
      908.4754028320312,
      933.4843139648438,
      906.7298583984375,
      890.6199340820312,
      808.5778198242188,
      837.1988525390625,
      820.6967163085938,
      797.6326904296875,
      788.4324951171875,
      819.5674438476562,
      801.4298706054688,
      827.3167724609375,
      782.26220703125,
      796.8003540039062
    ],
    "layer_eff_ranks": [
      62.62724177243601,
      80.99104619728404,
      100.42778341122946,
      95.64361032522153,
      96.79234782452801,
      100.9909836809335,
      100.68258132439627,
      102.116748576618,
      100.5132034852286,
      103.43710008754935,
      104.01459751366006,
      101.25242470892579,
      99.45741254965857,
      100.36650585903318,
      98.22986704496854,
      95.94645940443485,
      98.2251363541699,
      101.08657089597047,
      99.30581565926921,
      99.27934902585359,
      100.94640083357139,
      102.23631128635044,
      103.55257950916592,
      102.24913335930255,
      105.82825567706723,
      105.53335874898953,
      105.11440453767356,
      104.28123047341546,
      105.61924339621456,
      103.37536655546711,
      105.8158425453288,
      105.2870174743408
    ],
    "layer_spectral_entropies": [
      4.137200355529785,
      4.394338607788086,
      4.609438896179199,
      4.560628890991211,
      4.572567939758301,
      4.6150312423706055,
      4.611972808837891,
      4.626116752624512,
      4.610289096832275,
      4.63896369934082,
      4.64453125,
      4.617616653442383,
      4.599729537963867,
      4.608828544616699,
      4.587310314178467,
      4.563790321350098,
      4.587262153625488,
      4.6159772872924805,
      4.598204135894775,
      4.59793758392334,
      4.614589691162109,
      4.627286911010742,
      4.640079498291016,
      4.62741231918335,
      4.66181755065918,
      4.659027099609375,
      4.6550493240356445,
      4.647091388702393,
      4.6598405838012695,
      4.63836669921875,
      4.661700248718262,
      4.6566901206970215
    ],
    "layer_top_sv_ratios": [
      0.06747745722532272,
      0.045678719878196716,
      0.0382734052836895,
      0.03767973184585571,
      0.04703211411833763,
      0.040551312267780304,
      0.044315170496702194,
      0.04115019366145134,
      0.03885459899902344,
      0.039722640067338943,
      0.037154413759708405,
      0.04311174899339676,
      0.04794923588633537,
      0.03984970971941948,
      0.041901595890522,
      0.04802330583333969,
      0.04252329468727112,
      0.04099956899881363,
      0.04144556075334549,
      0.04410362243652344,
      0.042216990143060684,
      0.039637915790081024,
      0.037491168826818466,
      0.042926572263240814,
      0.03564826026558876,
      0.03762213513255119,
      0.03849727287888527,
      0.043439850211143494,
      0.03536791726946831,
      0.03902740404009819,
      0.03684678673744202,
      0.036789316684007645
    ],
    "layer_rank_10s": [
      49,
      64,
      104,
      89,
      80,
      95,
      91,
      98,
      100,
      108,
      111,
      97,
      86,
      103,
      98,
      76,
      98,
      99,
      100,
      95,
      100,
      107,
      115,
      100,
      121,
      116,
      112,
      99,
      122,
      110,
      118,
      116
    ]
  },
  "generation_features": {
    "eff_rank": 102.57626622147947,
    "spectral_entropy": 4.627263978123665,
    "key_norm": 39717.53094482422,
    "norm_per_token": 80.72668891224434,
    "top_sv_ratio": 0.0392807851312682,
    "rank_10": 110.3125,
    "layer_variance": 9253.886020686503,
    "layer_norm_entropy": 3.4626198994179993,
    "n_tokens": 492,
    "n_input_tokens": 258,
    "n_generated": 234,
    "layer_norms": [
      903.3973999023438,
      1338.556640625,
      1195.573974609375,
      1319.4251708984375,
      1215.9490966796875,
      1250.6492919921875,
      1264.4434814453125,
      1284.487548828125,
      1318.13427734375,
      1232.722412109375,
      1336.365478515625,
      1304.1470947265625,
      1338.152099609375,
      1387.6705322265625,
      1258.437744140625,
      1332.61669921875,
      1350.862548828125,
      1349.13232421875,
      1286.6680908203125,
      1302.83056640625,
      1285.7725830078125,
      1260.477783203125,
      1147.234375,
      1189.947998046875,
      1172.938720703125,
      1139.602294921875,
      1130.5885009765625,
      1175.4146728515625,
      1145.5340576171875,
      1195.647705078125,
      1133.866455078125,
      1170.2833251953125
    ],
    "layer_eff_ranks": [
      67.21338375684532,
      84.47275224665287,
      103.16672203859427,
      98.03343086640113,
      99.77386019457253,
      104.23266030120041,
      103.55835686329888,
      104.69401831244348,
      103.55840624378325,
      105.95135563220228,
      106.44051948058416,
      104.734462941089,
      103.49630420779887,
      103.5841860710514,
      102.4979458796082,
      101.34004418420905,
      102.45103678100244,
      104.34843081527275,
      102.91829813862799,
      102.90024002413521,
      104.30047588818103,
      104.85204073025338,
      105.66024698179359,
      104.11195437310988,
      107.59578165653933,
      107.41579816453992,
      107.06194097912584,
      105.90458301009491,
      107.17114391144202,
      104.98156380085915,
      107.32891324742828,
      106.68966136460193
    ],