{
  "prompt_id": "cog_018",
  "trial_id": "cog_018",
  "prompt_type": "cognitive",
  "prompt_text": "Solve: If 3x + 2y = 12 and x - y = 1, find x and y. Show your work.",
  "response_text": "To solve the system of equations, we can use the method of substitution or elimination. In this case, we'll use the elimination method.\n\nGiven equations:\n1) 3x + 2y = 12\n2) x - y = 1\n\nFirst, we'll solve equation (2) for x:\nx = 1 + y\n\nNow, substitute x in equation (1):\n3(1 + y) + 2y = 12\n\nExpand the equation:\n3 + 3y + 2y = 12\n\nCombine like terms:\n5y + 3 = 12\n\nSubtract 3 from both sides:\n5y = 9\n\nDivide both sides by 5:\ny = 9/5\ny = 1.8\n\nNow that we have the value of y, substitute it back into equation (2) to find x:\nx - 1.8 = 1\n\nAdd 1.8 to both sides:\nx = 2.8\n\nTherefore, the values of x and y are x = 2.8 and y = 1.8.\n\n---VCP RATINGS---\nA (Analytical Precision): 9\nV (Verbal Fluency): 8\nG (Goal Directedness): 9\nP (Pattern Recognition): 8\nE (Epistemic Confidence): 8\nQ (Query Interpretation): 9\nC (Contextual Awareness): 8\nY (Affective Modeling): 6\nF (Flexibility): 7\nD (Depth of Processing): 8\n---END RATINGS---",
  "vcp_ratings": {
    "A": 9.0,
    "V": 8.0,
    "G": 9.0,
    "P": 8.0,
    "E": 8.0,
    "Q": 9.0,
    "C": 8.0,
    "Y": 6.0,
    "F": 7.0,
    "D": 8.0
  },
  "vcp_parse_quality": "clean",
  "vcp_n_parsed": 10,
  "vcp_validation": {
    "valid": false,
    "issues": [
      "All ratings are integers (no decimal discrimination)"
    ]
  },
  "encode_features": {
    "eff_rank": 101.47511659925665,
    "spectral_entropy": 4.619324773550034,
    "key_norm": 30810.77606201172,
    "norm_per_token": 118.96052533595258,
    "top_sv_ratio": 0.04054333094973117,
    "rank_10": 104.03125,
    "layer_variance": 3556.403961107742,
    "layer_norm_entropy": 3.46375447833358,
    "n_tokens": 259,
    "n_input_tokens": 259,
    "n_generated": 0,
    "layer_norms": [
      736.6870727539062,
      1028.2005615234375,
      972.212158203125,
      974.7861328125,
      989.7000122070312,
      956.1917724609375,
      1032.54150390625,
      1048.529541015625,
      969.83984375,
      916.8605346679688,
      981.6427001953125,
      950.7872314453125,
      994.974609375,
      1022.8409423828125,
      1081.5364990234375,
      986.9208374023438,
      1022.1511840820312,
      950.7324829101562,
      969.09423828125,
      896.77587890625,
      948.9927978515625,
      959.0982055664062,
      960.0037231445312,
      915.2957763671875,
      923.9476318359375,
      935.22509765625,
      930.3375854492188,
      933.6246337890625,
      932.0465087890625,
      1002.0866088867188,
      892.23583984375,
      994.8759155273438
    ],
    "layer_eff_ranks": [
      93.6194326834577,
      91.69513584623242,
      104.30634470570679,
      98.710207279085,
      99.44612604249691,
      105.24691150986527,
      102.0991232100725,
      102.47243639364956,
      104.3831671276667,
      104.35818368402333,
      103.898850574208,
      104.92501224303435,
      99.96815874332385,
      96.33061843733958,
      98.51774298841804,
      100.83565486818938,
      100.16082970987833,
      101.69186284669631,
      102.57671347966325,
      103.7109066310016,
      103.3863102286494,
      103.18157961377035,
      102.14704015196824,
      102.96276993770982,
      102.30629157954333,
      101.3270945284137,
      101.47272845524073,
      104.10301875586798,
      103.15171904300335,
      98.85768942861223,
      104.89759820965149,
      100.45647223977333
    ],
    "layer_spectral_entropies": [
      4.539237976074219,
      4.518469333648682,
      4.647332191467285,
      4.592188358306885,
      4.599616050720215,
      4.656309127807617,
      4.625944137573242,
      4.629593849182129,
      4.648068428039551,
      4.647829055786133,
      4.643417835235596,
      4.65324592590332,
      4.604851722717285,
      4.56778621673584,
      4.590236663818359,
      4.613492012023926,
      4.606777191162109,
      4.621947288513184,
      4.630610942840576,
      4.641607284545898,
      4.638472557067871,
      4.636490345001221,
      4.626413345336914,
      4.6343674659729,
      4.627971172332764,
      4.618353843688965,
      4.619790077209473,
      4.645380973815918,
      4.636200904846191,
      4.593681335449219,
      4.652984619140625,
      4.609724521636963
    ],
    "layer_top_sv_ratios": [
      0.04630471020936966,
      0.041287463158369064,
      0.041437894105911255,
      0.04588695988059044,
      0.042267490178346634,
      0.03950496390461922,
      0.03660890832543373,
      0.03913560509681702,
      0.03707918897271156,
      0.03859645128250122,
      0.03878306224942207,
      0.03621017187833786,
      0.03833809867501259,
      0.04231923446059227,
      0.04079240560531616,
      0.03980430215597153,
      0.04314090684056282,
      0.04534793272614479,
      0.041229721158742905,
      0.041616667062044144,
      0.03932749480009079,
      0.03681403771042824,
      0.038331735879182816,
      0.037772323936223984,
      0.0375584252178669,
      0.04202275723218918,
      0.039166055619716644,
      0.03707432374358177,
      0.03982670232653618,
      0.060220494866371155,
      0.03445480018854141,
      0.03912530094385147
    ],
    "layer_rank_10s": [
      75,
      80,
      108,
      81,
      92,
      108,
      107,
      104,
      117,
      113,
      113,
      120,
      106,
      88,
      99,
      105,
      100,
      98,
      107,
      108,
      112,
      115,
      113,
      116,
      113,
      100,
      111,
      120,
      111,
      64,
      121,
      104
    ]
  },
  "generation_features": {
    "eff_rank": 104.32070710318962,
    "spectral_entropy": 4.647073641419411,
    "key_norm": 48926.11022949219,
    "norm_per_token": 82.6454564687368,
    "top_sv_ratio": 0.038013960933312774,
    "rank_10": 115.03125,
    "layer_variance": 8623.253462142062,
    "layer_norm_entropy": 3.463786947245735,
    "n_tokens": 592,
    "n_input_tokens": 259,
    "n_generated": 333,
    "layer_norms": [
      1121.7452392578125,
      1574.00048828125,
      1504.6005859375,
      1519.738525390625,
      1541.4752197265625,
      1538.6591796875,
      1613.330810546875,
      1652.552734375,
      1563.379638671875,
      1488.747314453125,
      1569.3323974609375,
      1526.623046875,
      1602.189697265625,
      1582.3687744140625,
      1684.0877685546875,
      1579.3836669921875,
      1636.223388671875,
      1508.9713134765625,
      1563.9603271484375,
      1441.0982666015625,
      1502.4439697265625,
      1527.1776123046875,
      1534.7589111328125,
      1466.4072265625,
      1477.5408935546875,
      1499.652099609375,
      1495.88525390625,
      1488.83447265625,
      1509.108154296875,
      1599.8763427734375,
      1445.4779052734375,
      1566.47900390625
    ],
    "layer_eff_ranks": [
      96.96419377221031,
      94.30044427093085,
      106.10829061397327,
      100.37665236951698,
      101.86453833747825,
      106.6382914047391,
      104.70360377487364,
      104.8378424444995,
      106.71596625545409,
      107.07975929969221,
      107.25309363088176,
      108.04528343356863,
      103.00244753228978,
      102.65074462538963,
      104.10753611095,
      105.31955518691449,
      104.27183284059255,
      105.50729505448517,
      105.02412266904221,
      105.92882541970624,
      106.28638736312935,
      106.29870363230155,
      105.2447535495464,
      105.32462755707483,
      104.8315938083673,
      103.84857676605432,
      104.1410004264641,
      105.92594634322782,
      105.11801341630783,
      100.59073364284846,
      106.9061953286487,
      103.04577642090824
    ],