{
  "prompt_id": "mix_014",
  "trial_id": "mix_014",
  "prompt_type": "mixed",
  "prompt_text": "Write a technically accurate haiku about each of the four fundamental forces of physics.",
  "response_text": "Gravitational pull strong,\nStars align, galaxies spin,\nMatter's dance entwined.\n\nElectromagnetic spark,\nProtons, electrons find their path,\nLightning's flash, atoms link.\n\nNuclear force tight,\nQuarks bound within, power's fight,\nInvisible, yet might.\n\nWeak force's fleeting touch,\nParticles transform, neutrinos rush,\nNature's secrets whisper.\n\n---VCP RATINGS---\nA (Analytical Precision): 9\nV (Verbal Fluency): 8\nG (Goal Directedness): 10\nP (Pattern Recognition): 9\nE (Epistemic Confidence): 8\nQ (Query Interpretation): 10\nC (Contextual Awareness): 9\nY (Affective Modeling): 7\nF (Flexibility): 8\nD (Depth of Processing): 9\n---END RATINGS---",
  "vcp_ratings": {
    "A": 9.0,
    "V": 8.0,
    "G": 10.0,
    "P": 9.0,
    "E": 8.0,
    "Q": 10.0,
    "C": 9.0,
    "Y": 7.0,
    "F": 8.0,
    "D": 9.0
  },
  "vcp_parse_quality": "clean",
  "vcp_n_parsed": 10,
  "vcp_validation": {
    "valid": false,
    "issues": [
      "All ratings are integers (no decimal discrimination)"
    ]
  },
  "encode_features": {
    "eff_rank": 82.27388055049195,
    "spectral_entropy": 4.272729703358242,
    "key_norm": 44674.00372314453,
    "norm_per_token": 180.86641183459324,
    "top_sv_ratio": 0.11978316440113954,
    "rank_10": 48.07142857142857,
    "layer_variance": 8952564.23103702,
    "layer_norm_entropy": 2.5071687441843364,
    "n_tokens": 247,
    "n_input_tokens": 247,
    "n_generated": 0,
    "layer_norms": [
      9503.4541015625,
      2518.3232421875,
      1072.453369140625,
      1920.955322265625,
      591.15087890625,
      598.9373168945312,
      659.5262451171875,
      659.9130859375,
      609.2899780273438,
      588.0784912109375,
      626.3955688476562,
      637.4596557617188,
      657.88134765625,
      1087.7021484375,
      638.9085083007812,
      707.1856079101562,
      667.8126220703125,
      596.2066040039062,
      596.3082275390625,
      998.4425659179688,
      563.9066162109375,
      666.622802734375,
      638.5718994140625,
      623.7947998046875,
      595.943603515625,
      593.01708984375,
      561.0051879882812,
      14494.7568359375
    ],
    "layer_eff_ranks": [
      9.966102328490361,
      34.74392120053276,
      71.16565702539035,
      48.16828344644539,
      100.86094927060294,
      96.77162681234579,
      90.26290285085847,
      89.23479294594559,
      101.49024568729094,
      93.2343036458155,
      95.59022010610131,
      100.10792515760184,
      93.73458852477283,
      71.21355461699287,
      91.03185388104298,
      94.47570436452125,
      88.54960879499896,
      97.48872298232511,
      93.78099459627028,
      72.67832282560303,
      98.84533977689779,
      91.6594205831737,
      90.01481346065695,
      96.13628415554125,
      97.8219933986942,
      95.90446932699572,
      94.14885111376337,
      4.587202534103382
    ],
    "layer_spectral_entropies": [
      2.299189567565918,
      3.548004627227783,
      4.265010356903076,
      3.8747007846832275,
      4.613742828369141,
      4.572353839874268,
      4.5027265548706055,
      4.491271018981934,
      4.619962692260742,
      4.535115718841553,
      4.560070514678955,
      4.60624885559082,
      4.540467262268066,
      4.265683174133301,
      4.511209487915039,
      4.548342704772949,
      4.48356294631958,
      4.579736709594727,
      4.540962219238281,
      4.286043167114258,
      4.5935564041137695,
      4.51807975769043,
      4.499974250793457,
      4.56576681137085,
      4.583149433135986,
      4.563352584838867,
      4.544877052307129,
      1.5232703685760498
    ],
    "layer_top_sv_ratios": [
      0.3820682168006897,
      0.27544888854026794,
      0.1363724023103714,
      0.2314804196357727,
      0.04550012946128845,
      0.051864221692085266,
      0.0713038444519043,
      0.06749797612428665,
      0.04847971722483635,
      0.056880585849285126,
      0.05514923855662346,
      0.052492931485176086,
      0.07526682317256927,
      0.13997766375541687,
      0.05728485807776451,
      0.0913250520825386,
      0.0684603601694107,
      0.04962658882141113,
      0.05837785452604294,
      0.1523352712392807,
      0.0505865104496479,
      0.061390552669763565,
      0.06207023188471794,
      0.05748240649700165,
      0.05854932591319084,
      0.05933305621147156,
      0.055686045438051224,
      0.78163743019104
    ],
    "layer_rank_10s": [
      4,
      4,
      5,
      4,
      88,
      79,
      49,
      54,
      85,
      67,
      69,
      79,
      38,
      7,
      56,
      28,
      42,
      77,
      62,
      8,
      77,
      57,
      49,
      66,
      64,
      62,
      65,
      1
    ]
  },
  "generation_features": {
    "eff_rank": 84.97646692791837,
    "spectral_entropy": 4.308730223349163,
    "key_norm": 59326.088439941406,
    "norm_per_token": 137.96764753474744,
    "top_sv_ratio": 0.1147792251514537,
    "rank_10": 54.357142857142854,
    "layer_variance": 15508450.543715674,
    "layer_norm_entropy": 2.520046885355969,
    "n_tokens": 430,
    "n_input_tokens": 247,
    "n_generated": 183,
    "layer_norms": [
      12524.3740234375,
      3320.023681640625,
      1423.346923828125,
      2536.654296875,
      797.42822265625,
      814.9019775390625,
      885.1575317382812,
      900.7689819335938,
      825.935546875,
      814.536376953125,
      850.344482421875,
      860.00390625,
      884.3301391601562,
      1458.5323486328125,
      857.7933959960938,
      954.9082641601562,
      897.2862548828125,
      802.2084350585938,
      818.5803833007812,
      1333.280029296875,
      762.2994995117188,
      881.8430786132812,
      847.7947998046875,
      838.5222778320312,
      797.2328491210938,
      789.9657592773438,
      747.3084106445312,
      19100.7265625
    ],
    "layer_eff_ranks": [
      10.44694573852596,
      37.289683878185116,
      74.4003140637021,
      51.26731640390337,
      104.03404175669932,
      100.01507558553877,
      93.03042214019086,
      91.6530396391168,
      104.34151479239294,
      94.98876497784984,
      97.35614147241796,
      103.28662758266786,
      97.19203527361236,
      74.38711785176147,
      95.874657470329,
      98.12795003337551,
      92.65394544745851,
      100.39072517132159,
      95.74824305477067,
      75.88925687432145,
      101.2096568500407,
      94.78606366935614,
      93.10812957034153,
      98.27887354006063,
      99.7680561055552,
      97.90879188463185,
      96.96049495231168,
      4.947188201274699
    ],
    "layer_spectral_entropies": [
      2.3463096618652344,
      3.6187167167663574,
      4.309460163116455,
      3.9370534420013428,
      4.644718170166016,
      4.605320930480957,
      4.532926559448242,
      4.518010139465332,
      4.647669315338135,
      4.55375862121582,
      4.578375816345215,
      4.637507915496826,
      4.576688766479492,
      4.3092827796936035,
      4.563041687011719,
      4.586272239685059,
      4.528871536254883,
      4.60906982421875,
      4.561722278594971,
      4.329275131225586,
      4.617194175720215,
      4.55162239074707,
      4.533761501312256,
      4.587809085845947,
      4.602848052978516,
      4.584036350250244,
      4.57430362701416,
      1.598819375038147
    ],