{
  "paired_shift": {
    "key_norm": {
      "cog_mean": 5090.76784,
      "meta_mean": 5519.72944,
      "diff_mean": 428.9616,
      "paired_d": 0.5536,
      "t_stat": 2.4757,
      "p_ttest": 0.02288082846961777,
      "p_wilcoxon": 1.9073486328125e-06
    },
    "norm_per_token": {
      "cog_mean": 23.394675,
      "meta_mean": 21.3015,
      "diff_mean": -2.093175,
      "paired_d": -0.5438,
      "t_stat": -2.4321,
      "p_ttest": 0.0250700825427002,
      "p_wilcoxon": 1.9073486328125e-06
    },
    "mean_top_sv_ratio": {
      "cog_mean": 0.099607,
      "meta_mean": 0.09112,
      "diff_mean": -0.008487,
      "paired_d": -0.656,
      "t_stat": -2.9337,
      "p_ttest": 0.008522889499642422,
      "p_wilcoxon": 1.9073486328125e-06
    },
    "mean_eff_rank": {
      "cog_mean": 130.68257,
      "meta_mean": 149.919225,
      "diff_mean": 19.236655,
      "paired_d": 0.7481,
      "t_stat": 3.3457,
      "p_ttest": 0.0033963909222891613,
      "p_wilcoxon": 1.9073486328125e-06
    },
    "layer_variance": {
      "cog_mean": 2712.46663,
      "meta_mean": 3079.292135,
      "diff_mean": 366.825505,
      "paired_d": 0.5548,
      "t_stat": 2.481,
      "p_ttest": 0.022629520214553264,
      "p_wilcoxon": 0.0003948211669921875
    }
  },
  "per_layer_framing": {
    "top_sv_ratio": {
      "d_per_layer": [
        -0.4878,
        -0.5082,
        -0.5959,
        -0.6038,
        -0.6384,
        -0.6648,
        -0.6384,
        -0.7076,
        -0.7107,
        -0.7543,
        -0.7312,
        -0.7157,
        -0.6046,
        -0.7456,
        -0.6541,
        -0.6545,
        -0.6311,
        -0.7319,
        -0.7142,
        -0.7225,
        -0.7086,
        -0.6536,
        -0.6931,
        -0.6549,
        -0.6403,
        -0.6258,
        -0.6833,
        -0.6566,
        -0.6471,
        -0.601,
        -0.7186,
        -0.5777
      ],
      "p_per_layer": [
        1.9073486328125e-06,
        1.9073486328125e-06,
        1.9073486328125e-06,
        1.9073486328125e-06,
        3.814697265625e-06,
        1.9073486328125e-06,
        1.9073486328125e-06,
        1.9073486328125e-06,
        3.814697265625e-06,
        3.814697265625e-06,
        1.9073486328125e-06,
        9.5367431640625e-06,
        1.9073486328125e-06,
        9.5367431640625e-06,
        1.33514404296875e-05,
        3.814697265625e-06,
        3.814697265625e-06,
        1.9073486328125e-06,
        3.814697265625e-06,
        1.9073486328125e-06,
        1.9073486328125e-06,
        1.9073486328125e-06,
        3.814697265625e-06,
        5.7220458984375e-06,
        1.33514404296875e-05,
        5.7220458984375e-06,
        5.7220458984375e-06,
        3.814697265625e-06,
        3.814697265625e-06,
        3.814697265625e-06,
        1.9073486328125e-06,
        1.9073486328125e-06
      ],
      "peak_layer": 9,
      "peak_d": -0.7543,
      "sig_layers": 32,
      "mean_abs_d": 0.6586
    },
    "eff_rank": {
      "d_per_layer": [
        0.6815,
        0.6893,
        0.7586,
        0.7508,
        0.762,
        0.7767,
        0.7664,
        0.7751,
        0.7564,
        0.7482,
        0.742,
        0.7383,
        0.7463,
        0.7275,
        0.7299,
        0.7583,
        0.7492,
        0.7475,
        0.7661,
        0.7692,
        0.7588,
        0.7496,
        0.7636,
        0.7597,
        0.7536,
        0.7437,
        0.7464,
        0.7416,
        0.7439,
        0.7386,
        0.7413,
        0.7346
      ],
      "p_per_layer": [
        1.9073486328125e-06,
        1.9073486328125e-06,
        1.9073486328125e-06,
        1.9073486328125e-06,
        1.9073486328125e-06,
        1.9073486328125e-06,
        1.9073486328125e-06,
        1.9073486328125e-06,
        1.9073486328125e-06,
        1.9073486328125e-06,
        1.9073486328125e-06,
        1.9073486328125e-06,
        1.9073486328125e-06,
        1.9073486328125e-06,
        1.9073486328125e-06,
        1.9073486328125e-06,
        1.9073486328125e-06,
        1.9073486328125e-06,
        1.9073486328125e-06,
        1.9073486328125e-06,
        1.9073486328125e-06,
        1.9073486328125e-06,
        1.9073486328125e-06,
        1.9073486328125e-06,
        1.9073486328125e-06,
        1.9073486328125e-06,
        1.9073486328125e-06,
        1.9073486328125e-06,
        1.9073486328125e-06,
        1.9073486328125e-06,
        1.9073486328125e-06,
        1.9073486328125e-06
      ],
      "peak_layer": 5,
      "peak_d": 0.7767,
      "sig_layers": 32,
      "mean_abs_d": 0.7473
    },
    "spectral_entropy": {
      "d_per_layer": [
        0.5422,
        0.552,
        0.5814,
        0.5795,
        0.5878,
        0.595,
        0.5871,
        0.5951,
        0.5832,
        0.579,
        0.5766,
        0.5752,
        0.5759,
        0.5723,
        0.5719,
        0.5836,
        0.5808,
        0.5811,
        0.5931,
        0.5926,
        0.5863,
        0.5791,
        0.5886,
        0.5845,
        0.5838,
        0.5784,
        0.5797,
        0.5771,
        0.5763,
        0.5738,
        0.5784,
        0.5719
      ],
      "p_per_layer": [
        1.9073486328125e-06,
        1.9073486328125e-06,
        1.9073486328125e-06,
        8.844915021211901e-05,
        1.9073486328125e-06,
        1.9073486328125e-06,
        1.9073486328125e-06,
        1.9073486328125e-06,
        1.9073486328125e-06,
        1.9073486328125e-06,
        1.9073486328125e-06,
        1.9073486328125e-06,
        1.9073486328125e-06,
        1.9073486328125e-06,
        1.9073486328125e-06,
        1.9073486328125e-06,
        1.9073486328125e-06,
        1.9073486328125e-06,
        8.832385863081277e-05,
        1.9073486328125e-06,
        1.9073486328125e-06,
        1.9073486328125e-06,
        1.9073486328125e-06,
        1.9073486328125e-06,
        1.9073486328125e-06,
        1.9073486328125e-06,
        1.9073486328125e-06,
        1.9073486328125e-06,
        1.9073486328125e-06,
        1.9073486328125e-06,
        1.9073486328125e-06,
        1.9073486328125e-06
      ],
      "peak_layer": 7,
      "peak_d": 0.5951,
      "sig_layers": 32,
      "mean_abs_d": 0.5795
    }
  },
  "encode_vs_generation": {
    "top_sv_ratio": {
      "encode": {
        "paired_d": -4.0678,
        "p_wilcoxon": 1.9073486328125e-06
      },
      "generation": {
        "paired_d": -0.656,
        "p_wilcoxon": 1.9073486328125e-06
      }
    },
    "eff_rank": {
      "encode": {
        "paired_d": 5.1012,
        "p_wilcoxon": 1.9073486328125e-06
      },
      "generation": {
        "paired_d": 0.7481,
        "p_wilcoxon": 1.9073486328125e-06
      }
    }
  },
  "token_confound": {
    "cog_mean_tokens": 225.2,
    "meta_mean_tokens": 259.1,
    "diff_mean": 34.0,
    "paired_d": 0.6976,
    "p_wilcoxon": 8.499170950800699e-05,
    "meta_longer_pct": 100.0
  },
  "fwl_corrected": {
    "top_sv_ratio": {
      "d_raw": -0.8689,
      "d_fwl": 0.1989,
      "rho_fwl": 0.1125,
      "p_fwl": 0.4892855612596647,
      "d_change": -0.67,
      "sign_preserved": false
    },
    "eff_rank": {
      "d_raw": 1.0205,
      "d_fwl": 0.3843,
      "rho_fwl": 0.1657,
      "p_fwl": 0.3069428628963004,
      "d_change": -0.6362,
      "sign_preserved": true
    },
    "spectral_entropy": {
      "d_raw": 0.8013,
      "d_fwl": -0.7081,
      "rho_fwl": -0.5301,
      "p_fwl": 0.0004344986626088692,
      "d_change": -0.0932,
      "sign_preserved": false
    }
  }
}