{
  "model": "llama-3.1-8b",
  "n_pairs": 20,
  "encode_phase": {
    "key_norm": {
      "d": -1.4214,
      "p": 4e-06
    },
    "norm_per_token": {
      "d": -1.8819,
      "p": 0.0
    },
    "eff_rank": {
      "d": -0.0556,
      "p": 0.806287
    },
    "top_sv_ratio": {
      "d": -2.5897,
      "p": 0.0
    },
    "spectral_entropy": {
      "d": -0.0413,
      "p": 0.855402
    },
    "layer_variance": {
      "d": 1.758,
      "p": 0.0
    }
  },
  "trajectory": {
    "cp_10": {
      "key_norm": {
        "d": -1.3765,
        "p_t": 6e-06,
        "p_w": 4e-06,
        "cog_mean": 2639.6795,
        "meta_mean": 2610.3778,
        "n": 20
      },
      "norm_per_token": {
        "d": -1.4827,
        "p_t": 2e-06,
        "p_w": 1.3e-05,
        "cog_mean": 36.4711,
        "meta_mean": 36.1878,
        "n": 20
      },
      "eff_rank": {
        "d": -0.1308,
        "p_t": 0.565531,
        "p_w": 0.898317,
        "cog_mean": 47.686,
        "meta_mean": 47.6215,
        "n": 20
      },
      "top_sv_ratio": {
        "d": -1.1629,
        "p_t": 5.1e-05,
        "p_w": 0.000134,
        "cog_mean": 0.1467,
        "meta_mean": 0.1453,
        "n": 20
      },
      "spectral_entropy": {
        "d": -0.1208,
        "p_t": 0.595316,
        "p_w": 0.896032,
        "cog_mean": 3.863,
        "meta_mean": 3.8618,
        "n": 20
      },
      "layer_variance": {
        "d": 1.84,
        "p_t": 0.0,
        "p_w": 4e-06,
        "cog_mean": 747.2707,
        "meta_mean": 786.0192,
        "n": 20
      }
    },
    "cp_25": {
      "key_norm": {
        "d": -0.8748,
        "p_t": 0.000936,
        "p_w": 0.000851,
        "cog_mean": 2945.4324,
        "meta_mean": 2926.2342,
        "n": 20
      },
      "norm_per_token": {
        "d": -0.8032,
        "p_t": 0.001944,
        "p_w": 0.003153,
        "cog_mean": 33.7069,
        "meta_mean": 33.581,
        "n": 20
      },
      "eff_rank": {
        "d": -0.179,
        "p_t": 0.43337,
        "p_w": 0.728506,
        "cog_mean": 56.873,
        "meta_mean": 56.7755,
        "n": 20
      },
      "top_sv_ratio": {
        "d": 0.3131,
        "p_t": 0.177554,
        "p_w": 0.329983,
        "cog_mean": 0.1348,
        "meta_mean": 0.1354,
        "n": 20
      },
      "spectral_entropy": {
        "d": -0.1754,
        "p_t": 0.442533,
        "p_w": 0.728506,
        "cog_mean": 4.0395,
        "meta_mean": 4.0378,
        "n": 20
      },
      "layer_variance": {
        "d": 1.2457,
        "p_t": 2.3e-05,
        "p_w": 0.000261,
        "cog_mean": 892.1836,
        "meta_mean": 920.4642,
        "n": 20
      }
    },
    "cp_50": {
      "key_norm": {
        "d": -0.1213,
        "p_t": 0.593854,
        "p_w": 0.701181,
        "cog_mean": 3402.7841,
        "meta_mean": 3398.7648,
        "n": 20
      },
      "norm_per_token": {
        "d": 0.1346,
        "p_t": 0.554355,
        "p_w": 0.898317,
        "cog_mean": 30.2746,
        "meta_mean": 30.3051,
        "n": 20
      },
      "eff_rank": {
        "d": -0.1822,
        "p_t": 0.42529,
        "p_w": 0.595819,
        "cog_mean": 71.7153,
        "meta_mean": 71.6033,
        "n": 20
      },
      "top_sv_ratio": {
        "d": 0.5872,
        "p_t": 0.016638,
        "p_w": 0.023951,
        "cog_mean": 0.122,
        "meta_mean": 0.1236,
        "n": 20
      },
      "spectral_entropy": {
        "d": -0.1752,
        "p_t": 0.443044,
        "p_w": 0.525617,
        "cog_mean": 4.2715,
        "meta_mean": 4.27,
        "n": 20
      },
      "layer_variance": {
        "d": 0.3732,
        "p_t": 0.111547,
        "p_w": 0.164957,
        "cog_mean": 1150.9682,
        "meta_mean": 1169.0952,
        "n": 20
      }
    },
    "cp_75": {
      "key_norm": {
        "d": -0.017,
        "p_t": 0.940336,
        "p_w": 0.728506,
        "cog_mean": 3822.7423,
        "meta_mean": 3822.0522,
        "n": 20
      },
      "norm_per_token": {
        "d": 0.1782,
        "p_t": 0.43543,
        "p_w": 0.808251,
        "cog_mean": 27.8209,
        "meta_mean": 27.8659,
        "n": 20
      },
      "eff_rank": {
        "d": 0.1491,
        "p_t": 0.513023,
        "p_w": 0.368277,
        "cog_mean": 85.8723,
        "meta_mean": 85.975,
        "n": 20
      },
      "top_sv_ratio": {
        "d": 0.3828,
        "p_t": 0.103166,
        "p_w": 0.08255,
        "cog_mean": 0.1133,
        "meta_mean": 0.1144,
        "n": 20
      },
      "spectral_entropy": {
        "d": 0.151,
        "p_t": 0.507696,
        "p_w": 0.368277,
        "cog_mean": 4.4518,
        "meta_mean": 4.453,
        "n": 20
      },
      "layer_variance": {
        "d": 0.2848,
        "p_t": 0.218219,
        "p_w": 0.245487,
        "cog_mean": 1423.9699,
        "meta_mean": 1443.8306,
        "n": 20
      }
    },
    "cp_100": {
      "key_norm": {
        "d": 0.132,
        "p_t": 0.561933,
        "p_w": 0.869488,
        "cog_mean": 4206.4319,
        "meta_mean": 4212.7638,
        "n": 20
      },
      "norm_per_token": {
        "d": 0.3015,
        "p_t": 0.19334,
        "p_w": 0.230513,
        "cog_mean": 25.8991,
        "meta_mean": 25.9779,
        "n": 20
      },
      "eff_rank": {
        "d": 0.0181,
        "p_t": 0.93617,
        "p_w": 0.985435,
        "cog_mean": 99.7805,
        "meta_mean": 99.798,
        "n": 20
      },
      "top_sv_ratio": {
        "d": 0.3525,
        "p_t": 0.131423,
        "p_w": 0.073113,
        "cog_mean": 0.1064,
        "meta_mean": 0.1074,
        "n": 20
      },
      "spectral_entropy": {
        "d": 0.0196,
        "p_t": 0.930926,
        "p_w": 0.970217,
        "cog_mean": 4.6019,
        "meta_mean": 4.6021,
        "n": 20
      },
      "layer_variance": {
        "d": 0.3391,
        "p_t": 0.145877,
        "p_w": 0.216167,
        "cog_mean": 1718.202,
        "meta_mean": 1745.2,
        "n": 20
      }
    },
    "cp_120": {},
    "cp_150": {
      "key_norm": {
        "d": 0.2661,
        "p_t": 0.274646,
        "p_w": 0.468292,
        "cog_mean": 4903.0383,
        "meta_mean": 4917.2729,
        "n": 18
      },
      "norm_per_token": {
        "d": 0.3784,
        "p_t": 0.126794,
        "p_w": 0.196388,
        "cog_mean": 23.1181,
        "meta_mean": 23.2089,
        "n": 18
      },
      "eff_rank": {
        "d": 0.061,
        "p_t": 0.798989,
        "p_w": 1.0,
        "cog_mean": 126.3128,
        "meta_mean": 126.3868,
        "n": 18
      },
      "top_sv_ratio": {
        "d": 0.3241,
        "p_t": 0.187016,
        "p_w": 0.141518,
        "cog_mean": 0.0968,
        "meta_mean": 0.0976,
        "n": 18
      },
      "spectral_entropy": {
        "d": 0.0674,
        "p_t": 0.778227,
        "p_w": 1.0,
        "cog_mean": 4.8377,
        "meta_mean": 4.8383,
        "n": 18
      },
      "layer_variance": {
        "d": 0.3751,
        "p_t": 0.129983,
        "p_w": 0.129738,
        "cog_mean": 2377.7059,
        "meta_mean": 2416.6015,
        "n": 18
      }
    },
    "cp_200": {
      "key_norm": {
        "d": 0.3811,
        "p_t": 0.12431,
        "p_w": 0.167351,
        "cog_mean": 5535.029,
        "meta_mean": 5550.2074,
        "n": 18
      },
      "norm_per_token": {
        "d": 0.5,
        "p_t": 0.04891,
        "p_w": 0.066536,
        "cog_mean": 21.119,
        "meta_mean": 21.1944,
        "n": 18
      },
      "eff_rank": {
        "d": 0.0654,
        "p_t": 0.784691,
        "p_w": 1.0,
        "cog_mean": 151.4376,
        "meta_mean": 151.5166,
        "n": 18
      },
      "top_sv_ratio": {
        "d": 0.3482,
        "p_t": 0.157901,
        "p_w": 0.154045,
        "cog_mean": 0.0902,
        "meta_mean": 0.0909,
        "n": 18
      },
      "spectral_entropy": {
        "d": 0.0712,
        "p_t": 0.766388,
        "p_w": 0.905794,
        "cog_mean": 5.019,
        "meta_mean": 5.0196,
        "n": 18
      },
      "layer_variance": {
        "d": 0.2621,