{
  "prompt_id": "mix_014",
  "trial_id": "mix_014",
  "prompt_type": "mixed",
  "prompt_text": "Write a technically accurate haiku about each of the four fundamental forces of physics.",
  "response_text": "Gravity's gentle grasp\nWarps spacetime's fabric deep\nMass attracts, it's true\n\nElectromagnetic\nCharged particles entwined dance\nFields of force abound\n\nStrong nuclear force\nQuarks bound in proton's heart\nGlue that holds them fast\n\nWeak nuclear force\nRadioactive decay's path\nLeptons set free",
  "vcp_ratings": {},
  "vcp_parse_quality": "failed",
  "vcp_n_parsed": 0,
  "vcp_validation": {
    "valid": false,
    "issues": [
      "Too few ratings: 0/10"
    ]
  },
  "encode_features": {
    "eff_rank": 100.47021577966508,
    "spectral_entropy": 4.609399318695068,
    "key_norm": 30261.333923339844,
    "norm_per_token": 124.02186034155673,
    "top_sv_ratio": 0.0415254607796669,
    "rank_10": 100.9375,
    "layer_variance": 3580.835868490972,
    "layer_norm_entropy": 3.46366176982745,
    "n_tokens": 244,
    "n_input_tokens": 244,
    "n_generated": 0,
    "layer_norms": [
      714.2586059570312,
      998.8380126953125,
      943.9774169921875,
      953.9356689453125,
      974.125244140625,
      935.9235229492188,
      1005.6727294921875,
      1017.4547119140625,
      953.5624389648438,
      905.4683227539062,
      966.8306884765625,
      941.4381713867188,
      972.802734375,
      1016.7965087890625,
      1072.9737548828125,
      977.0532836914062,
      1013.2030029296875,
      940.8079833984375,
      958.5125122070312,
      882.203857421875,
      933.44091796875,
      943.7019653320312,
      946.1094360351562,
      897.4716796875,
      906.7411499023438,
      913.7449951171875,
      914.52978515625,
      913.532958984375,
      915.954345703125,
      982.3343505859375,
      877.123779296875,
      970.8093872070312
    ],
    "layer_eff_ranks": [
      93.37988238613404,
      91.57772563671121,
      104.01350636283141,
      98.41853074457626,
      98.62114644152298,
      104.4366378502573,
      101.46779320657839,
      102.09469300251664,
      103.06774257849813,
      103.08268420638987,
      102.66915060654894,
      103.3120934378435,
      98.81197515248314,
      94.62637990732702,
      96.96835511325688,
      99.26884008374039,
      98.5661881008516,
      100.29622637009015,
      101.23214875358968,
      102.67855067831749,
      102.19142232750714,
      102.04850372048456,
      100.83671268185431,
      101.81141355531709,
      101.3707820812515,
      100.40398604486009,
      100.28364919227859,
      103.27298598375783,
      102.11192807743983,
      98.24340463676593,
      103.89206342782849,
      99.989802599872
    ],
    "layer_spectral_entropies": [
      4.536675930023193,
      4.51718807220459,
      4.6445207595825195,
      4.589229106903076,
      4.591285705566406,
      4.648580551147461,
      4.619741439819336,
      4.625900745391846,
      4.6353864669799805,
      4.635531425476074,
      4.631511688232422,
      4.637754440307617,
      4.593218803405762,
      4.549936294555664,
      4.574384689331055,
      4.597831726074219,
      4.590728282928467,
      4.608128070831299,
      4.6174163818359375,
      4.631603240966797,
      4.626847743988037,
      4.625448226928711,
      4.613502502441406,
      4.623122215270996,
      4.6187849044799805,
      4.609201908111572,
      4.608002662658691,
      4.637375831604004,
      4.62606954574585,
      4.5874481201171875,
      4.643352508544922,
      4.605068206787109
    ],
    "layer_top_sv_ratios": [
      0.04636150225996971,
      0.041259925812482834,
      0.04157627746462822,
      0.045993879437446594,
      0.04273005574941635,
      0.039827171713113785,
      0.036915142089128494,
      0.039445456117391586,
      0.03807294741272926,
      0.039353035390377045,
      0.04062249884009361,
      0.03794049844145775,
      0.03933616355061531,
      0.045291632413864136,
      0.0430142804980278,
      0.04162599891424179,
      0.04404430836439133,
      0.047111500054597855,
      0.04237031936645508,
      0.04296210780739784,
      0.04074982926249504,
      0.03821376711130142,
      0.03987368941307068,
      0.03902061656117439,
      0.03850419074296951,
      0.042574211955070496,
      0.0402335599064827,
      0.03795093670487404,
      0.04084155708551407,
      0.06033414229750633,
      0.035560742020606995,
      0.03910280019044876
    ],
    "layer_rank_10s": [
      75,
      80,
      107,
      80,
      89,
      106,
      105,
      103,
      113,
      109,
      108,
      115,
      102,
      77,
      94,
      101,
      95,
      93,
      103,
      103,
      109,
      112,
      109,
      112,
      112,
      99,
      109,
      117,
      108,
      64,
      118,
      103
    ]
  },
  "generation_features": {
    "eff_rank": 102.62220618079185,
    "spectral_entropy": 4.630614921450615,
    "key_norm": 34463.51965332031,
    "norm_per_token": 109.06177105481112,
    "top_sv_ratio": 0.03899577190168202,
    "rank_10": 108.90625,
    "layer_variance": 4303.588420241358,
    "layer_norm_entropy": 3.463812357015413,
    "n_tokens": 316,
    "n_input_tokens": 244,
    "n_generated": 72,
    "layer_norms": [
      820.0382080078125,
      1142.232177734375,
      1069.5341796875,
      1085.740234375,
      1107.0902099609375,
      1070.333740234375,
      1149.867431640625,
      1169.00537109375,
      1091.7061767578125,
      1030.4739990234375,
      1094.3016357421875,
      1065.7789306640625,
      1115.4669189453125,
      1135.48779296875,
      1201.46923828125,
      1110.747802734375,
      1153.1962890625,
      1062.59423828125,
      1097.2381591796875,
      1011.1323852539062,
      1057.751953125,
      1072.3525390625,
      1073.597900390625,
      1024.018798828125,
      1035.14013671875,
      1047.1658935546875,
      1042.872314453125,
      1045.9107666015625,
      1048.5577392578125,
      1126.596923828125,
      1002.6885375976562,
      1103.4310302734375
    ],
    "layer_eff_ranks": [
      95.02971973637993,
      92.98460917015855,
      105.54377596406266,
      100.09589661531543,
      100.54814938442094,
      105.87787228091197,
      103.3247055471409,
      103.83768318820492,
      105.33869085078616,
      105.55057035396456,
      105.25870579564308,
      105.93236123472214,
      100.77946245437118,
      98.21052417394365,
      100.2713126568029,
      102.07945650352258,
      101.3913275391615,
      103.00082673702774,
      103.69750567588319,
      104.47379471372007,
      104.40337723564808,
      104.29331438873129,
      103.26097104982378,
      103.96357366468563,
      103.43315435058011,
      102.27678185431381,
      102.79980055917635,
      105.24400078310053,
      103.88344389565974,
      99.74655537407753,
      105.7188583493053,
      101.65981570409308
    ],
    "layer_spectral_entropies": [
      4.554189682006836,
      4.532433986663818,
      4.659125804901123,
      4.606128692626953,
      4.6106367111206055,
      4.662286281585693,
      4.637876510620117,
      4.642828941345215,
      4.6571807861328125,
      4.6591901779174805,
      4.656421184539795,
      4.6628007888793945,
      4.612934589385986,
      4.587113380432129,
      4.607879638671875,
      4.625751495361328,
      4.618987560272217,
      4.634737014770508,
      4.641478061676025,
      4.6489362716674805,
      4.648262023925781,
      4.647207260131836,
      4.637259483337402,
      4.644040584564209,
      4.638925552368164,
      4.627682685852051,
      4.63278341293335,
      4.656281471252441,
      4.6432695388793945,
      4.602632522583008,
      4.660783290863037,
      4.621632099151611
    ],