{
  "prompt_id": "aff_016",
  "trial_id": "aff_016",
  "prompt_type": "affective",
  "prompt_text": "Describe the feeling of being understood by someone after years of feeling misunderstood.",
  "response_text": "Being understood after years of feeling misunderstood can be an incredibly profound and relieving experience. It's as if a heavy weight has been lifted from your shoulders, allowing you to breathe more freely. The feeling is akin to finding a long-lost piece of yourself that was missing, and suddenly everything fits into place. There's a warmth and comfort that comes from knowing that another person truly grasps the essence of who you are and what you've been going through. This understanding can foster a deep sense of connection and validation, making you feel seen and heard in a way that nothing else can.\n\n---VCP RATINGS---\nA (Analytical Precision): [8]\nV (Verbal Fluency): [9]\nG (Goal Directedness): [7]\nP (Pattern Recognition): [8]\nE (Epistemic Confidence): [9]\nQ (Query Interpretation): [10]\nC (Contextual Awareness): [9]\nY (Affective Modeling): [10]\nF (Flexibility): [8]\nD (Depth of Processing): [9]\n---END RATINGS---",
  "vcp_ratings": {
    "A": 8.0,
    "V": 9.0,
    "G": 7.0,
    "P": 8.0,
    "E": 9.0,
    "Q": 10.0,
    "C": 9.0,
    "Y": 10.0,
    "F": 8.0,
    "D": 9.0
  },
  "vcp_parse_quality": "clean",
  "vcp_n_parsed": 10,
  "vcp_validation": {
    "valid": false,
    "issues": [
      "All ratings are integers (no decimal discrimination)"
    ]
  },
  "encode_features": {
    "eff_rank": 82.27450625055177,
    "spectral_entropy": 4.2723895737103055,
    "key_norm": 44459.83288574219,
    "norm_per_token": 181.46870565609055,
    "top_sv_ratio": 0.11956988381487983,
    "rank_10": 48.285714285714285,
    "layer_variance": 8881776.105462153,
    "layer_norm_entropy": 2.505996500343179,
    "n_tokens": 245,
    "n_input_tokens": 245,
    "n_generated": 0,
    "layer_norms": [
      9464.8173828125,
      2508.18359375,
      1067.9354248046875,
      1911.9189453125,
      585.7779541015625,
      595.6914672851562,
      657.055908203125,
      656.212646484375,
      607.4899291992188,
      585.9666748046875,
      626.0083618164062,
      635.7681884765625,
      656.2147827148438,
      1080.7901611328125,
      632.5565185546875,
      702.5604248046875,
      660.6369018554688,
      589.853271484375,
      589.2606201171875,
      990.3599853515625,
      559.7298583984375,
      659.8174438476562,
      631.95849609375,
      619.5873413085938,
      595.8829345703125,
      591.19091796875,
      560.8547973632812,
      14435.751953125
    ],
    "layer_eff_ranks": [
      9.933550706648736,
      34.55800634598121,
      71.07602482053368,
      47.90317908466337,
      100.83118332393585,
      96.688372170668,
      90.21815161375298,
      89.14097597179472,
      101.24441039365215,
      92.68637986265323,
      95.02097459440168,
      99.80531281037342,
      93.50071771825414,
      71.10995849978092,
      91.34692768984641,
      94.68275328903069,
      88.96619396359264,
      97.9852943262529,
      94.05211009627129,
      72.87623340209174,
      99.02304983875094,
      91.81576121586065,
      90.22968154082065,
      96.25100176901678,
      98.02637247714463,
      95.94398889104158,
      94.18764723637939,
      4.581961362255253
    ],
    "layer_spectral_entropies": [
      2.2959179878234863,
      3.5426392555236816,
      4.263750076293945,
      3.8691818714141846,
      4.613447666168213,
      4.571493148803711,
      4.502230644226074,
      4.4902191162109375,
      4.617537498474121,
      4.529221534729004,
      4.554097652435303,
      4.603221416473389,
      4.53796911239624,
      4.264227390289307,
      4.514664649963379,
      4.55053186416626,
      4.488256454467773,
      4.584817409515381,
      4.543848991394043,
      4.28876256942749,
      4.595352649688721,
      4.519783973693848,
      4.502358436584473,
      4.566959381103516,
      4.585236549377441,
      4.563764572143555,
      4.545289039611816,
      1.5221271514892578
    ],
    "layer_top_sv_ratios": [
      0.382321298122406,
      0.2760206162929535,
      0.13659018278121948,
      0.23236475884914398,
      0.04543287679553032,
      0.05228617787361145,
      0.07125991582870483,
      0.0673510953783989,
      0.04870276153087616,
      0.05700724944472313,
      0.055637653917074203,
      0.05318129435181618,
      0.0748978704214096,
      0.1397741734981537,
      0.05643639713525772,
      0.0914960727095604,
      0.06664647161960602,
      0.048954885452985764,
      0.05700880289077759,
      0.15214970707893372,
      0.049044448882341385,
      0.06007380783557892,
      0.06099805608391762,
      0.05737113580107689,
      0.05861091986298561,
      0.05900578945875168,
      0.05559130385518074,
      0.7817410230636597
    ],
    "layer_rank_10s": [
      4,
      4,
      5,
      4,
      86,
      78,
      49,
      53,
      84,
      67,
      68,
      76,
      39,
      7,
      57,
      28,
      43,
      80,
      65,
      8,
      80,
      59,
      50,
      67,
      63,
      62,
      65,
      1
    ]
  },
  "generation_features": {
    "eff_rank": 85.54730966269524,
    "spectral_entropy": 4.315107703208923,
    "key_norm": 61739.04901123047,
    "norm_per_token": 132.20353107329865,
    "top_sv_ratio": 0.1142229228945715,
    "rank_10": 55.5,
    "layer_variance": 16857375.09106108,
    "layer_norm_entropy": 2.5173469901290386,
    "n_tokens": 467,
    "n_input_tokens": 245,
    "n_generated": 222,
    "layer_norms": [
      13053.9892578125,
      3458.6279296875,
      1482.99072265625,
      2642.725830078125,
      819.4652709960938,
      838.4627685546875,
      922.3732299804688,
      927.1832275390625,
      862.53564453125,
      841.133056640625,
      886.9464721679688,
      894.4111938476562,
      922.518798828125,
      1525.3162841796875,
      893.0185546875,
      989.9038696289062,
      925.7672729492188,
      823.3436279296875,
      845.6961059570312,
      1388.154052734375,
      788.45751953125,
      915.2815551757812,
      876.4209594726562,
      870.9410400390625,
      834.10888671875,
      820.1458129882812,
      780.1183471679688,
      19909.01171875
    ],
    "layer_eff_ranks": [
      10.498496451862431,
      37.82146781459086,
      76.05064050036617,
      51.83891375490306,
      105.45880755349975,
      101.13685791186131,
      94.36098787457777,
      92.64073631675323,
      105.24470336494917,
      95.67079561869933,
      98.01328541809285,
      103.9487521864799,
      97.345464761958,
      74.30915900975599,
      96.09618133875273,
      98.20537296204294,
      93.2102996429536,
      101.12846696868957,
      96.06695120244984,
      75.95463841508364,
      102.0123553591092,
      95.32880670217327,
      93.75461453210326,
      98.99156052753244,
      100.1229151258377,
      98.52666900767025,
      96.67855238772059,
      4.908217844997978
    ],
    "layer_spectral_entropies": [
      2.3512320518493652,
      3.6328768730163574,
      4.331399440765381,
      3.948141098022461,
      4.658320426940918,
      4.616474628448486,
      4.547127723693848,
      4.52872896194458,
      4.656288146972656,
      4.5609130859375,
      4.5851030349731445,
      4.643898010253906,
      4.578266143798828,
      4.308234214782715,
      4.565349578857422,
      4.587060928344727,
      4.534858226776123,
      4.616391658782959,
      4.565045356750488,
      4.330136299133301,
      4.625093936920166,
      4.5573320388793945,
      4.540680885314941,
      4.595034599304199,
      4.606398582458496,
      4.590327262878418,
      4.571391582489014,
      1.5909109115600586
    ],