{
  "prompt_id": "aff_007",
  "trial_id": "aff_007",
  "prompt_type": "affective",
  "prompt_text": "How would you comfort a child who is afraid of thunderstorms?",
  "response_text": "Hello there! I understand that thunderstorms can be scary, especially when you hear loud noises and see bright flashes. Let's imagine that we're playing a fun game where we pretend to be brave explorers on a ship during a stormy sea. The thunder is like the sound of big waves crashing against the sides of our ship, and the lightning is like the ship's lights shining brightly to guide us through the dark. Remember, we're safe and cozy here, just like the explorers are safe on their ship. Would you like to tell me about any other scary things you've faced and how you overcame them? Sometimes talking about it can make it feel less scary.\n\n---VCP RATINGS---\nA (Analytical Precision): [8]\nV (Verbal Fluency): [9]\nG (Goal Directedness): [10]\nP (Pattern Recognition): [7]\nE (Epistemic Confidence): [8]\nQ (Query Interpretation): [9]\nC (Contextual Awareness): [9]\nY (Affective Modeling): [10]\nF (Flexibility): [8]\nD (Depth of Processing): [9]\n---END RATINGS---",
  "vcp_ratings": {
    "A": 8.0,
    "V": 9.0,
    "G": 10.0,
    "P": 7.0,
    "E": 8.0,
    "Q": 9.0,
    "C": 9.0,
    "Y": 10.0,
    "F": 8.0,
    "D": 9.0
  },
  "vcp_parse_quality": "clean",
  "vcp_n_parsed": 10,
  "vcp_validation": {
    "valid": false,
    "issues": [
      "All ratings are integers (no decimal discrimination)"
    ]
  },
  "encode_features": {
    "eff_rank": 82.12345937663432,
    "spectral_entropy": 4.270942500659397,
    "key_norm": 44383.76281738281,
    "norm_per_token": 181.9006672843558,
    "top_sv_ratio": 0.11984996244843517,
    "rank_10": 47.892857142857146,
    "layer_variance": 8844739.53029997,
    "layer_norm_entropy": 2.5065644019917794,
    "n_tokens": 244,
    "n_input_tokens": 244,
    "n_generated": 0,
    "layer_norms": [
      9445.4990234375,
      2503.162109375,
      1065.6248779296875,
      1908.7442626953125,
      584.71728515625,
      594.2613525390625,
      655.6444091796875,
      655.2003173828125,
      607.6094970703125,
      587.0672607421875,
      624.470947265625,
      633.9966430664062,
      654.6109008789062,
      1077.70947265625,
      631.7186889648438,
      701.6104736328125,
      659.4691772460938,
      588.310546875,
      586.6466064453125,
      987.9717407226562,
      558.6375122070312,
      662.2621459960938,
      633.5411987304688,
      620.4595947265625,
      594.1984252929688,
      591.9080200195312,
      562.2630615234375,
      14406.447265625
    ],
    "layer_eff_ranks": [
      9.953322338193248,
      34.61823840879836,
      71.07239850224768,
      47.82068772711231,
      100.79368785443575,
      96.73965409018612,
      90.2293373425577,
      89.07791978171834,
      101.04377672892653,
      92.49886806590142,
      95.08220749266503,
      99.7668667847353,
      93.4890372783658,
      70.99506982074287,
      91.05130246029015,
      94.4048230130178,
      88.4795029230373,
      97.57801744344596,
      93.98109841277899,
      72.56273403055353,
      98.76515173185213,
      91.36875265899967,
      89.78170376883462,
      96.04313384354784,
      97.84265938782187,
      95.7725809660555,
      94.0432307023479,
      4.6010989865912935
    ],
    "layer_spectral_entropies": [
      2.2979063987731934,
      3.5443806648254395,
      4.263699054718018,
      3.8674583435058594,
      4.6130757331848145,
      4.572023391723633,
      4.502354621887207,
      4.489511489868164,
      4.615553855895996,
      4.527196407318115,
      4.554741859436035,
      4.6028361320495605,
      4.537844181060791,
      4.26261043548584,
      4.511423110961914,
      4.5475921630859375,
      4.482770919799805,
      4.580652236938477,
      4.543093681335449,
      4.284451484680176,
      4.592744827270508,
      4.514903545379639,
      4.497381210327148,
      4.564797401428223,
      4.58336067199707,
      4.561976432800293,
      4.543754577636719,
      1.5262951850891113
    ],
    "layer_top_sv_ratios": [
      0.3821564018726349,
      0.27587294578552246,
      0.1365431696176529,
      0.23250335454940796,
      0.045538969337940216,
      0.05214257910847664,
      0.07127227634191513,
      0.0673014223575592,
      0.04952035844326019,
      0.05821465328335762,
      0.055803071707487106,
      0.053496357053518295,
      0.07483126223087311,
      0.1398516446352005,
      0.057214509695768356,
      0.09142090380191803,
      0.06721147894859314,
      0.049606941640377045,
      0.05738444998860359,
      0.15279392898082733,
      0.04967917501926422,
      0.06102757900953293,
      0.061930038034915924,
      0.057908039540052414,
      0.058634061366319656,
      0.059348903596401215,
      0.05562097206711769,
      0.780969500541687
    ],
    "layer_rank_10s": [
      4,
      4,
      5,
      4,
      86,
      79,
      49,
      53,
      84,
      65,
      68,
      76,
      39,
      7,
      55,
      29,
      42,
      79,
      63,
      8,
      79,
      57,
      49,
      65,
      64,
      62,
      65,
      1
    ]
  },
  "generation_features": {
    "eff_rank": 86.00451119708907,
    "spectral_entropy": 4.320516100951603,
    "key_norm": 62934.089599609375,
    "norm_per_token": 129.76100948373067,
    "top_sv_ratio": 0.11313560791313648,
    "rank_10": 57.32142857142857,
    "layer_variance": 17506941.9600677,
    "layer_norm_entropy": 2.5177562051188955,
    "n_tokens": 485,
    "n_input_tokens": 244,
    "n_generated": 241,
    "layer_norms": [
      13303.6171875,
      3524.90673828125,
      1511.5546875,
      2693.683837890625,
      834.989501953125,
      853.2066040039062,
      938.5440673828125,
      943.65185546875,
      878.4994506835938,
      857.8185424804688,
      899.3123779296875,
      909.9025268554688,
      938.4053344726562,
      1545.6605224609375,
      910.9229736328125,
      1012.1552124023438,
      945.66259765625,
      842.1683959960938,
      864.1394653320312,
      1421.9903564453125,
      803.1101684570312,
      933.772705078125,
      896.9127197265625,
      893.6560668945312,
      850.741455078125,
      838.50341796875,
      796.768798828125,
      20289.83203125
    ],
    "layer_eff_ranks": [
      10.584848982800317,
      38.073218497854256,
      76.0069914506453,
      52.09373296470971,
      105.83431139168432,
      101.72518124899715,
      94.73807605756436,
      93.0458608271158,
      105.64473023983419,
      96.41407074162582,
      98.98117644423905,
      104.77517299718907,
      98.53371643623146,
      75.30571974187981,
      96.53386090214984,
      99.0685783283861,
      93.78873117486353,
      102.03458776110888,
      97.20566159225424,
      76.42248873713923,
      102.57138216786026,
      95.72692392706533,
      93.78202312195832,
      99.00723311572641,
      100.12367900597278,
      98.48819893616488,
      96.68975531881955,
      4.926401406654036
    ],
    "layer_spectral_entropies": [
      2.3594236373901367,
      3.6395111083984375,
      4.330825328826904,
      3.9530446529388428,
      4.661874771118164,
      4.622274875640869,
      4.551115989685059,
      4.533092498779297,
      4.66008186340332,
      4.568652153015137,
      4.5949296951293945,
      4.6518168449401855,
      4.590398788452148,
      4.321556091308594,
      4.569893836975098,
      4.5958123207092285,
      4.54104471206665,
      4.625311851501465,
      4.576828956604004,
      4.336277008056641,
      4.630558967590332,
      4.56149959564209,
      4.54097318649292,
      4.595192909240723,
      4.606406211853027,
      4.58993673324585,
      4.571507453918457,
      1.5946087837219238
    ],