{
  "prompt_id": "cog_060",
  "trial_id": "cog_060",
  "prompt_type": "cognitive",
  "prompt_text": "What is Amdahl's law? If 80% of a program can be parallelized, what is the theoretical maximum speedup with 8 processors?",
  "response_text": "Amdahl's Law is a formula that limits the speedup possible from using multiple processors on a problem. It states that the theoretical maximum speedup \\(S\\) of a program using multiple processors is given by:\n\n\\[ S = \\frac{1}{(1 - P) + \\frac{P}{N}} \\]\n\nwhere:\n- \\(P\\) is the fraction of the program that can be parallelized.\n- \\(N\\) is the number of processors.\n\nIf 80% of a program can be parallelized (\\(P = 0.8\\)), and we have 8 processors (\\(N = 8\\)), we can calculate the theoretical maximum speedup as follows:\n\n\\[ S = \\frac{1}{(1 - 0.8) + \\frac{0.8}{8}} = \\frac{1}{0.2 + 0.1} = \\frac{1}{0.3} \\approx 3.33 \\]\n\nSo, the theoretical maximum speedup with 8 processors is approximately 3.33 times.\n\n---VCP RATINGS---\nA (Analytical Precision): 9\nV (Verbal Fluency): 8\nG (Goal Directedness): 10\nP (Pattern Recognition): 9\nE (Epistemic Confidence): 9\nQ (Query Interpretation): 10\nC (Contextual Awareness): 9\nY (Affective Modeling): 8\nF (Flexibility): 7\nD (Depth of Processing): 9\n---END RATINGS---",
  "vcp_ratings": {
    "A": 9.0,
    "V": 8.0,
    "G": 10.0,
    "P": 0.8,
    "E": 9.0,
    "Q": 10.0,
    "C": 9.0,
    "Y": 8.0,
    "F": 7.0,
    "D": 9.0
  },
  "vcp_parse_quality": "clean",
  "vcp_n_parsed": 10,
  "vcp_validation": {
    "valid": true,
    "issues": []
  },
  "encode_features": {
    "eff_rank": 82.95444461434519,
    "spectral_entropy": 4.280866984810148,
    "key_norm": 46135.10510253906,
    "norm_per_token": 174.75418599446616,
    "top_sv_ratio": 0.11855072368468557,
    "rank_10": 49.67857142857143,
    "layer_variance": 9571328.377073962,
    "layer_norm_entropy": 2.5054192587998156,
    "n_tokens": 264,
    "n_input_tokens": 264,
    "n_generated": 0,
    "layer_norms": [
      9825.150390625,
      2603.23681640625,
      1108.790283203125,
      1986.193115234375,
      608.211669921875,
      615.8685913085938,
      682.027099609375,
      679.480224609375,
      629.85400390625,
      609.3749389648438,
      648.4139404296875,
      660.6474609375,
      676.1469116210938,
      1116.59521484375,
      653.2030639648438,
      728.4158935546875,
      687.2437133789062,
      613.3023681640625,
      614.6813354492188,
      1028.767578125,
      580.3782958984375,
      683.5146484375,
      656.732666015625,
      643.9461669921875,
      617.5256958007812,
      613.1203002929688,
      579.68310546875,
      14984.599609375
    ],
    "layer_eff_ranks": [
      10.06226804544826,
      35.05293175214927,
      71.81221071640314,
      48.46279705171059,
      101.76171308593314,
      97.84583198032156,
      91.06676009762757,
      90.05474015221664,
      101.87114445206834,
      93.56195243966509,
      96.00448900724167,
      100.79325529578277,
      94.60928045171273,
      72.12363682623081,
      92.3540903282453,
      95.59783243099642,
      89.3390599032117,
      98.4743928310555,
      94.60219794121902,
      73.34750244150734,
      99.82482697936382,
      92.5719820754559,
      90.5894393391815,
      96.77144223529172,
      98.42195666591613,
      96.47670741045309,
      94.67106061302573,
      4.5989466522306
    ],
    "layer_spectral_entropies": [
      2.3087925910949707,
      3.556859254837036,
      4.274054527282715,
      3.880796432495117,
      4.622633934020996,
      4.583393096923828,
      4.511592864990234,
      4.500417709350586,
      4.623708724975586,
      4.538623809814453,
      4.564394950866699,
      4.613071441650391,
      4.549755573272705,
      4.278381824493408,
      4.525629997253418,
      4.560150146484375,
      4.492438793182373,
      4.589796543121338,
      4.549680709838867,
      4.29520845413208,
      4.603416919708252,
      4.527986526489258,
      4.506337642669678,
      4.572351932525635,
      4.589263916015625,
      4.569301605224609,
      4.550408363342285,
      1.5258272886276245
    ],
    "layer_top_sv_ratios": [
      0.3812426030635834,
      0.27436405420303345,
      0.13571760058403015,
      0.23095636069774628,
      0.04489114508032799,
      0.05136917158961296,
      0.07073584944009781,
      0.06679736822843552,
      0.048530448228120804,
      0.05683976784348488,
      0.055014561861753464,
      0.052388742566108704,
      0.0736105740070343,
      0.13758766651153564,
      0.055074483156204224,
      0.08980952203273773,
      0.06596915423870087,
      0.04739747196435928,
      0.05550442263484001,
      0.15038807690143585,
      0.04768318310379982,
      0.059252358973026276,
      0.060304801911115646,
      0.056136179715394974,
      0.057283490896224976,
      0.05837806314229965,
      0.0549234114587307,
      0.7812697291374207
    ],
    "layer_rank_10s": [
      4,
      4,
      5,
      4,
      90,
      81,
      49,
      55,
      86,
      68,
      69,
      79,
      40,
      8,
      58,
      29,
      44,
      83,
      67,
      8,
      84,
      59,
      51,
      68,
      66,
      65,
      66,
      1
    ]
  },
  "generation_features": {
    "eff_rank": 86.4336737714096,
    "spectral_entropy": 4.326202439410346,
    "key_norm": 69477.97985839844,
    "norm_per_token": 117.95921877487001,
    "top_sv_ratio": 0.1127316313130515,
    "rank_10": 58.07142857142857,
    "layer_variance": 21255766.201500315,
    "layer_norm_entropy": 2.5207587240857254,
    "n_tokens": 589,
    "n_input_tokens": 264,
    "n_generated": 325,
    "layer_norms": [
      14664.025390625,
      3884.177734375,
      1661.06494140625,
      2965.7119140625,
      922.4822998046875,
      937.660888671875,
      1033.8358154296875,
      1049.4088134765625,
      965.8797607421875,
      970.0772094726562,
      995.505615234375,
      1006.6666870117188,
      1033.2874755859375,
      1706.7440185546875,
      1002.3538208007812,
      1116.8541259765625,
      1056.152099609375,
      936.1279296875,
      962.3056030273438,
      1550.3350830078125,
      899.6427001953125,
      1033.3843994140625,
      997.4409790039062,
      989.40576171875,
      949.11376953125,
      936.1802978515625,
      888.4418334960938,
      22363.712890625
    ],
    "layer_eff_ranks": [
      10.636737818163814,
      38.834217713343676,
      76.61141379950311,
      51.95006924897395,
      106.37395001521594,
      101.99270536610007,
      95.75892722973751,
      93.71483491491202,
      105.62040175570363,
      96.37022169973055,
      99.05521042941325,
      104.97340448293345,
      98.54738988523457,
      75.93486596441656,
      97.600214216999,
      99.6469134130302,
      93.87302519008357,
      102.25756852742731,
      97.92027744957922,
      77.21037006910137,
      103.05432644920347,
      96.40032555186511,
      93.31378319975872,
      99.12613284790281,
      100.73809525381786,
      99.68873569597442,
      97.92765506773067,
      5.011092343612743
    ],
    "layer_spectral_entropies": [
      2.364313840866089,
      3.6593017578125,
      4.338746070861816,
      3.9502830505371094,
      4.666960716247559,
      4.624901294708252,
      4.56183385848999,
      4.540256500244141,
      4.659851551055908,
      4.568197250366211,
      4.595677375793457,
      4.653707027435303,
      4.5905375480651855,
      4.329875946044922,
      4.5808796882629395,
      4.601633071899414,
      4.541943073272705,
      4.627494812011719,
      4.584153652191162,
      4.34653377532959,
      4.635256290435791,
      4.568509578704834,
      4.535967826843262,
      4.59639310836792,
      4.612524032592773,
      4.602052688598633,
      4.584228992462158,
      1.6116539239883423
    ],