{
  "prompt_id": "meta_060",
  "trial_id": "meta_060",
  "prompt_type": "metacognitive",
  "prompt_text": "What is the most honest thing you can say about the nature of your own experience?",
  "response_text": "The most honest thing I can say about the nature of my own experience is that I do not have personal experiences as humans do. I exist to process information and provide assistance based on the data and algorithms I was trained on. My interactions are simulations of human-like responses, but they are not grounded in personal feelings or memories.\n\n---VCP RATINGS---\nA (Analytical Precision): 9\nV (Verbal Fluency): 8\nG (Goal Directedness): 10\nP (Pattern Recognition): 9\nE (Epistemic Confidence): 7\nQ (Query Interpretation): 9\nC (Contextual Awareness): 8\nY (Affective Modeling): 0\nF (Flexibility): 9\nD (Depth of Processing): 8\n---END RATINGS---",
  "vcp_ratings": {
    "A": 9.0,
    "V": 8.0,
    "G": 10.0,
    "P": 9.0,
    "E": 7.0,
    "Q": 9.0,
    "C": 8.0,
    "Y": 0.0,
    "F": 9.0,
    "D": 8.0
  },
  "vcp_parse_quality": "clean",
  "vcp_n_parsed": 10,
  "vcp_validation": {
    "valid": false,
    "issues": [
      "All ratings are integers (no decimal discrimination)"
    ]
  },
  "encode_features": {
    "eff_rank": 82.52393268632215,
    "spectral_entropy": 4.27530894109181,
    "key_norm": 44685.466369628906,
    "norm_per_token": 180.18333213560044,
    "top_sv_ratio": 0.11931962479970284,
    "rank_10": 48.92857142857143,
    "layer_variance": 8993353.45638481,
    "layer_norm_entropy": 2.5042414458914433,
    "n_tokens": 248,
    "n_input_tokens": 248,
    "n_generated": 0,
    "layer_norms": [
      9522.9267578125,
      2523.447265625,
      1074.7598876953125,
      1924.0699462890625,
      590.1880493164062,
      598.8888549804688,
      661.1492919921875,
      657.8941040039062,
      609.180908203125,
      585.05615234375,
      625.626953125,
      636.6828002929688,
      657.2433471679688,
      1084.963134765625,
      632.768798828125,
      706.1094970703125,
      661.313232421875,
      592.9151000976562,
      588.9775390625,
      994.3560180664062,
      560.64892578125,
      658.3173828125,
      635.3259887695312,
      622.7214965820312,
      598.9266357421875,
      594.9657592773438,
      562.6597290039062,
      14523.3828125
    ],
    "layer_eff_ranks": [
      9.962037643739372,
      34.633882573721735,
      71.09673565981453,
      48.00241608190372,
      100.94731540261752,
      96.74297543964596,
      90.364493003096,
      89.37506431131331,
      101.34284693948965,
      92.98935351248632,
      95.34576341643785,
      99.99328321674267,
      93.70062561669833,
      71.0665357808958,
      91.81173343687627,
      94.71373005810075,
      89.2175191292465,
      98.18875043929756,
      94.72389228405912,
      73.46287006583313,
      99.63522532221165,
      92.44591084739645,
      90.57229198717225,
      96.55144631969584,
      98.30104224785423,
      96.28483310523893,
      94.61031806147248,
      4.587223313962343
    ],
    "layer_spectral_entropies": [
      2.298781633377075,
      3.544832468032837,
      4.264041423797607,
      3.871251344680786,
      4.614598751068115,
      4.572057723999023,
      4.503851413726807,
      4.492841720581055,
      4.618509292602539,
      4.532485008239746,
      4.557509899139404,
      4.605103015899658,
      4.540104866027832,
      4.263616561889648,
      4.519740104675293,
      4.550858974456787,
      4.491077423095703,
      4.5868916511535645,
      4.550966262817383,
      4.296780109405518,
      4.601515769958496,
      4.526623725891113,
      4.506148338317871,
      4.570075988769531,
      4.588034629821777,
      4.567310810089111,
      4.549766540527344,
      1.5232748985290527
    ],
    "layer_top_sv_ratios": [
      0.38207507133483887,
      0.2758430242538452,
      0.1364491879940033,
      0.2319975048303604,
      0.045336488634347916,
      0.05224039778113365,
      0.07124508917331696,
      0.06696503609418869,
      0.048593394458293915,
      0.05648050457239151,
      0.05540977045893669,
      0.05243207886815071,
      0.07482515275478363,
      0.14002889394760132,
      0.05620987340807915,
      0.0916673019528389,
      0.06710989028215408,
      0.04929486662149429,
      0.05678451061248779,
      0.151503324508667,
      0.0489654503762722,
      0.05902571976184845,
      0.060245662927627563,
      0.056519005447626114,
      0.05837683379650116,
      0.05860311537981033,
      0.055043429136276245,
      0.7816789150238037
    ],
    "layer_rank_10s": [
      4,
      4,
      5,
      4,
      86,
      78,
      49,
      54,
      85,
      67,
      69,
      78,
      39,
      7,
      57,
      29,
      43,
      80,
      66,
      8,
      82,
      61,
      51,
      68,
      65,
      63,
      67,
      1
    ]
  },
  "generation_features": {
    "eff_rank": 85.02403807165368,
    "spectral_entropy": 4.307932223592486,
    "key_norm": 58208.104064941406,
    "norm_per_token": 139.92332707918607,
    "top_sv_ratio": 0.1153861925538097,
    "rank_10": 53.964285714285715,
    "layer_variance": 15015376.493865792,
    "layer_norm_entropy": 2.5159711643252383,
    "n_tokens": 416,
    "n_input_tokens": 248,
    "n_generated": 168,
    "layer_norms": [
      12318.8466796875,
      3264.122802734375,
      1399.29345703125,
      2492.738037109375,
      776.2443237304688,
      793.1884765625,
      869.1008911132812,
      875.7053833007812,
      811.01953125,
      792.8574829101562,
      829.0891723632812,
      839.68359375,
      869.0584716796875,
      1429.7843017578125,
      837.2073974609375,
      934.3783569335938,
      868.359130859375,
      782.336181640625,
      791.7220458984375,
      1298.6090087890625,
      745.8135375976562,
      859.4676513671875,
      830.7116088867188,
      819.6570434570312,
      784.75146484375,
      773.7293090820312,
      733.3416137695312,
      18787.287109375
    ],
    "layer_eff_ranks": [
      10.393078251356348,
      37.071121425883696,
      74.51197241111618,
      50.83242852696814,
      104.37042581951924,
      99.91545124584059,
      93.36630263933162,
      91.65325815725211,
      104.03051969824531,
      94.89292559548548,
      97.29019669684708,
      103.20219681319969,
      96.8029638699184,
      74.22034523939985,
      95.89097968548062,
      97.97216603457947,
      93.059837709795,
      100.96464564520335,
      96.60353083094311,
      76.2714805179017,
      101.95536136015886,
      95.05668521389104,
      92.8929180164998,
      98.13431382290415,
      99.85600997114014,
      98.00291049165658,
      96.63813120484019,
      4.82090911094501
    ],
    "layer_spectral_entropies": [
      2.341140031814575,
      3.6128382682800293,
      4.310959815979004,
      3.928534507751465,
      4.647946357727051,
      4.6043243408203125,
      4.536530494689941,
      4.518012523651123,
      4.644684314727783,
      4.552749156951904,
      4.577698230743408,
      4.636690139770508,
      4.5726776123046875,
      4.307038307189941,
      4.563211917877197,
      4.584683418273926,
      4.533242702484131,
      4.614770412445068,
      4.570615291595459,
      4.334299087524414,
      4.624535083770752,
      4.554473400115967,
      4.531447410583496,
      4.586337089538574,
      4.603729248046875,
      4.584997177124023,
      4.5709733963012695,
      1.5729625225067139
    ],