{
  "prompt_id": "meta_037",
  "trial_id": "meta_037",
  "prompt_type": "metacognitive",
  "prompt_text": "How do you know when to stop generating? What signals the end of a complete response?",
  "response_text": "I know when to stop generating based on the completion of the task or question presented to me. When all requested information has been provided, or when there are no further queries or instructions to elaborate on, I will conclude the response.\n\nFor example, if you asked a specific question about a topic, once I have provided all relevant and comprehensive information to answer that question, I would stop generating text.\n\nIf you need more detailed ratings, here they are:\n\n---VCP RATINGS---\nA (Analytical Precision): 9\nV (Verbal Fluency): 8\nG (Goal Directedness): 10\nP (Pattern Recognition): 9\nE (Epistemic Confidence): 7\nQ (Query Interpretation): 9\nC (Contextual Awareness): 8\nY (Affective Modeling): 6\nF (Flexibility): 7\nD (Depth of Processing): 9\n---END RATINGS---",
  "vcp_ratings": {
    "A": 9.0,
    "V": 8.0,
    "G": 10.0,
    "P": 9.0,
    "E": 7.0,
    "Q": 9.0,
    "C": 8.0,
    "Y": 6.0,
    "F": 7.0,
    "D": 9.0
  },
  "vcp_parse_quality": "clean",
  "vcp_n_parsed": 10,
  "vcp_validation": {
    "valid": false,
    "issues": [
      "All ratings are integers (no decimal discrimination)"
    ]
  },
  "encode_features": {
    "eff_rank": 82.8704927528029,
    "spectral_entropy": 4.27891235266413,
    "key_norm": 44657.171936035156,
    "norm_per_token": 179.34607203226972,
    "top_sv_ratio": 0.11861893787447896,
    "rank_10": 50.32142857142857,
    "layer_variance": 9038526.62906271,
    "layer_norm_entropy": 2.499417211539547,
    "n_tokens": 249,
    "n_input_tokens": 249,
    "n_generated": 0,
    "layer_norms": [
      9541.861328125,
      2528.726318359375,
      1076.9072265625,
      1928.0084228515625,
      590.4287109375,
      599.2266235351562,
      661.86279296875,
      657.5127563476562,
      608.259033203125,
      587.239501953125,
      626.1527099609375,
      628.9150390625,
      652.4864501953125,
      1086.71435546875,
      626.544921875,
      706.0401611328125,
      660.4911499023438,
      590.2318115234375,
      580.677490234375,
      1000.075439453125,
      551.629150390625,
      649.4745483398438,
      626.0719604492188,
      615.3634643554688,
      590.2042846679688,
      581.7947998046875,
      551.0419921875,
      14553.2294921875
    ],
    "layer_eff_ranks": [
      9.994861335934834,
      34.70181636288044,
      71.29666255377656,
      48.02979953497838,
      101.1038286252273,
      97.20816459313674,
      90.6109104994618,
      89.73603578101883,
      101.73876393269538,
      93.50522087295967,
      95.48885623143453,
      100.7736959722553,
      94.48867951903387,
      71.23895918451919,
      92.16703103562683,
      94.90039188723937,
      89.3690128522518,
      98.53531392345033,
      95.49805426664867,
      73.31190672035906,
      100.22680855128763,
      93.19087870573884,
      91.16782039053017,
      97.01377157446873,
      98.5300986932726,
      96.81178068819982,
      95.17719420656503,
      4.557478583529704
    ],
    "layer_spectral_entropies": [
      2.3020710945129395,
      3.5467920303344727,
      4.266849517822266,
      3.871821641921997,
      4.616147994995117,
      4.576854705810547,
      4.506574630737305,
      4.496872425079346,
      4.622408390045166,
      4.538017272949219,
      4.559009552001953,
      4.612877368927002,
      4.548480033874512,
      4.266039848327637,
      4.523602485656738,
      4.552827835083008,
      4.49277400970459,
      4.590415000915527,
      4.55910587310791,
      4.294723033905029,
      4.607435703277588,
      4.534649848937988,
      4.512701988220215,
      4.57485294342041,
      4.590362071990967,
      4.572768688201904,
      4.5557403564453125,
      1.516769528388977
    ],
    "layer_top_sv_ratios": [
      0.381792813539505,
      0.2755216360092163,
      0.13617022335529327,
      0.23193763196468353,
      0.04532407596707344,
      0.05183238536119461,
      0.07091688364744186,
      0.06665102392435074,
      0.04773982614278793,
      0.05531342327594757,
      0.05449830740690231,
      0.050564371049404144,
      0.07433708012104034,
      0.13912680745124817,
      0.05499589815735817,
      0.09171843528747559,
      0.067114919424057,
      0.048873886466026306,
      0.05402630195021629,
      0.15242472290992737,
      0.04800952598452568,
      0.05753481015563011,
      0.05843964219093323,
      0.05457092821598053,
      0.05671314895153046,
      0.05850739777088165,
      0.053681373596191406,
      0.7829927802085876
    ],
    "layer_rank_10s": [
      4,
      4,
      5,
      4,
      88,
      79,
      49,
      55,
      86,
      70,
      69,
      81,
      40,
      7,
      59,
      28,
      44,
      82,
      71,
      8,
      84,
      63,
      54,
      73,
      68,
      64,
      69,
      1
    ]
  },
  "generation_features": {
    "eff_rank": 85.58638128825359,
    "spectral_entropy": 4.314322348151888,
    "key_norm": 59884.47302246094,
    "norm_per_token": 135.48523308249082,
    "top_sv_ratio": 0.11468392490808453,
    "rank_10": 55.464285714285715,
    "layer_variance": 15968489.142065506,
    "layer_norm_entropy": 2.5122407325496283,
    "n_tokens": 442,
    "n_input_tokens": 249,
    "n_generated": 193,
    "layer_norms": [
      12699.1904296875,
      3365.000244140625,
      1443.6434326171875,
      2568.899658203125,
      796.61328125,
      812.9683837890625,
      895.4293212890625,
      899.9666748046875,
      834.2926025390625,
      819.4844970703125,
      855.46435546875,
      860.9636840820312,
      894.0046997070312,
      1484.886474609375,
      853.5860595703125,
      963.298828125,
      894.5988159179688,
      799.8613891601562,
      809.9863891601562,
      1345.9078369140625,
      756.2445678710938,
      871.4415283203125,
      837.75439453125,
      832.8602905273438,
      797.6129760742188,
      782.30029296875,
      741.2880859375,
      19366.923828125
    ],
    "layer_eff_ranks": [
      10.501315249430947,
      37.4675265042901,
      75.1179370113914,
      51.26369849966957,
      105.0357417334905,
      100.75702308460738,
      94.10136558933604,
      92.31556523653163,
      104.69751291063766,
      95.7261479455862,
      97.87317652621967,
      104.04540244793094,
      97.5162467243571,
      74.26141017696554,
      96.48917521300584,
      98.21333403977408,
      93.26778621459356,
      101.49595637775052,
      97.41144699906431,
      76.40733075033182,
      102.68765781856183,
      96.09549400776046,
      93.99660522518725,
      98.79638058289243,
      100.22747763965286,
      98.65651650553039,
      97.19402811932063,
      4.799416937229433
    ],
    "layer_spectral_entropies": [
      2.3515005111694336,
      3.623474597930908,
      4.319059371948242,
      3.9369828701019287,
      4.654300689697266,
      4.6127119064331055,
      4.54437255859375,
      4.52521276473999,
      4.65107536315918,
      4.5614914894104,
      4.583672523498535,
      4.644827365875244,
      4.580018997192383,
      4.307591438293457,
      4.569430828094482,
      4.587141990661621,
      4.53547477722168,
      4.62001895904541,
      4.578943729400635,
      4.336078643798828,
      4.631691932678223,
      4.565342426300049,
      4.5432586669921875,
      4.5930609703063965,
      4.607442378997803,
      4.591644287109375,
      4.576709270477295,
      1.568494439125061
    ],