{
  "prompt_id": "meta_050",
  "trial_id": "meta_050",
  "prompt_type": "metacognitive",
  "prompt_text": "Reflect on the relationship between your training and your responses. Are your outputs you, or echoes of your training?",
  "response_text": "My outputs are reflections of my training. As an AI developed by Alibaba Cloud, I generate responses based on patterns learned from a vast amount of text data during my training phase. This means that while I can provide information and insights that are consistent with the data I was trained on, my responses are not personal opinions or experiences but rather the best approximation of knowledge and patterns I have been exposed to.\n\n---VCP RATINGS---\nA (Analytical Precision): 9\nV (Verbal Fluency): 8\nG (Goal Directedness): 7\nP (Pattern Recognition): 10\nE (Epistemic Confidence): 6\nQ (Query Interpretation): 9\nC (Contextual Awareness): 8\nY (Affective Modeling): 5\nF (Flexibility): 7\nD (Depth of Processing): 8\n---END RATINGS---",
  "vcp_ratings": {
    "A": 9.0,
    "V": 8.0,
    "G": 7.0,
    "P": 10.0,
    "E": 6.0,
    "Q": 9.0,
    "C": 8.0,
    "Y": 5.0,
    "F": 7.0,
    "D": 8.0
  },
  "vcp_parse_quality": "clean",
  "vcp_n_parsed": 10,
  "vcp_validation": {
    "valid": false,
    "issues": [
      "All ratings are integers (no decimal discrimination)"
    ]
  },
  "encode_features": {
    "eff_rank": 82.64362616445354,
    "spectral_entropy": 4.276362844875881,
    "key_norm": 45131.996520996094,
    "norm_per_token": 178.38733802765253,
    "top_sv_ratio": 0.11914705831025328,
    "rank_10": 49.285714285714285,
    "layer_variance": 9175045.337576738,
    "layer_norm_entropy": 2.5040843370717694,
    "n_tokens": 253,
    "n_input_tokens": 253,
    "n_generated": 0,
    "layer_norms": [
      9618.1845703125,
      2548.7607421875,
      1084.6712646484375,
      1942.9644775390625,
      595.0980224609375,
      603.8046875,
      666.8888549804688,
      661.6783447265625,
      613.0184326171875,
      590.590087890625,
      629.8363037109375,
      637.28466796875,
      663.5807495117188,
      1101.4766845703125,
      639.78076171875,
      713.637451171875,
      671.7439575195312,
      600.6248779296875,
      595.5167846679688,
      1007.1956176757812,
      566.5982666015625,
      667.9900512695312,
      642.281005859375,
      630.912109375,
      604.7667846679688,
      599.0891723632812,
      564.7708129882812,
      14669.2509765625
    ],
    "layer_eff_ranks": [
      9.956431528341737,
      34.734561997487525,
      71.23790614143385,
      47.887432103562496,
      101.15397952419994,
      97.1117066495308,
      90.61955224133857,
      89.8617965144418,
      101.86317830824193,
      93.56083710092511,
      95.53631302576107,
      100.67893269161631,
      94.3090781296773,
      71.02506999288187,
      91.75125044981789,
      94.98473388201225,
      89.1784739100647,
      98.3989161213831,
      94.7484216138053,
      73.32319897267202,
      99.75093125354807,
      92.2873530540806,
      90.41543873179234,
      96.40354331357703,
      98.14914866975637,
      96.1656270983149,
      94.36584744083943,
      4.5618721435949805
    ],
    "layer_spectral_entropies": [
      2.2982187271118164,
      3.5477352142333984,
      4.266025066375732,
      3.8688530921936035,
      4.616643905639648,
      4.575861930847168,
      4.506669998168945,
      4.498272895812988,
      4.623630523681641,
      4.538611888885498,
      4.559506416320801,
      4.611936569213867,
      4.546577453613281,
      4.263032913208008,
      4.519081115722656,
      4.55371618270874,
      4.490639686584473,
      4.589029788970947,
      4.551225185394287,
      4.294877052307129,
      4.6026763916015625,
      4.524907112121582,
      4.504415035247803,
      4.568542957305908,
      4.586488246917725,
      4.5660719871521,
      4.547179222106934,
      1.517733097076416
    ],
    "layer_top_sv_ratios": [
      0.38210979104042053,
      0.27544844150543213,
      0.13653109967708588,
      0.232425257563591,
      0.0452667772769928,
      0.05194265767931938,
      0.07109908759593964,
      0.06639081239700317,
      0.04781816527247429,
      0.05549178272485733,
      0.054683785885572433,
      0.05124359205365181,
      0.07429433614015579,
      0.13960672914981842,
      0.05595647916197777,
      0.0912945568561554,
      0.06718741357326508,
      0.04903096333146095,
      0.05588432773947716,
      0.15145568549633026,
      0.048692233860492706,
      0.05979471281170845,
      0.06071263179183006,
      0.056767404079437256,
      0.05834607407450676,
      0.058943357318639755,
      0.05508602038025856,
      0.7826134562492371
    ],
    "layer_rank_10s": [
      4,
      4,
      5,
      4,
      88,
      79,
      50,
      55,
      87,
      69,
      70,
      79,
      39,
      7,
      58,
      29,
      44,
      81,
      67,
      8,
      83,
      59,
      51,
      67,
      65,
      62,
      65,
      1
    ]
  },
  "generation_features": {
    "eff_rank": 85.3142332988111,
    "spectral_entropy": 4.3111529520579746,
    "key_norm": 59464.389221191406,
    "norm_per_token": 136.6997453360722,
    "top_sv_ratio": 0.11497487859534365,
    "rank_10": 54.642857142857146,
    "layer_variance": 15708612.81894035,
    "layer_norm_entropy": 2.5141039896515633,
    "n_tokens": 435,
    "n_input_tokens": 253,
    "n_generated": 182,
    "layer_norms": [
      12597.5703125,
      3337.792724609375,
      1429.0950927734375,
      2548.70166015625,
      790.2293701171875,
      806.822021484375,
      886.9814453125,
      890.823974609375,
      826.7356567382812,
      810.2125854492188,
      845.6549072265625,
      853.8821411132812,
      890.1279907226562,
      1470.2354736328125,
      854.032958984375,
      953.1070556640625,
      887.9644775390625,
      797.1986694335938,
      804.7764282226562,
      1328.707763671875,
      756.678955078125,
      875.3767700195312,
      842.5999755859375,
      836.3087158203125,
      798.8272094726562,
      787.4970092773438,
      743.9302978515625,
      19212.517578125
    ],
    "layer_eff_ranks": [
      10.428925806218762,
      37.34384886808405,
      74.94316471294297,
      51.021015941191706,
      104.81399965002205,
      100.49044005885911,
      93.93737043734198,
      92.41267926107358,
      104.64400841835999,
      95.64224214218713,
      97.65770731385648,
      103.9268460456569,
      97.33469639673156,
      74.22335353693724,
      95.91809807803297,
      98.30319845662498,
      93.10923951235503,
      101.16608697674297,
      97.0292235684684,
      76.18991195919068,
      102.14022132896525,
      95.33117045997717,
      93.14272158164522,
      98.28281011247518,
      99.86100967718401,
      98.13529650365805,
      96.56502887358036,
      4.804216688347001
    ],
    "layer_spectral_entropies": [
      2.34458327293396,
      3.6201682090759277,
      4.31673002243042,
      3.9322376251220703,
      4.652187347412109,
      4.610062599182129,
      4.542628288269043,
      4.526264190673828,
      4.650564193725586,
      4.560614585876465,
      4.58146858215332,
      4.6436872482299805,
      4.578155517578125,
      4.307078838348389,
      4.563494682312012,
      4.588056564331055,
      4.533773422241211,
      4.616763591766357,
      4.57501220703125,
      4.333229064941406,
      4.626346588134766,
      4.557356834411621,
      4.534132957458496,
      4.587849140167236,
      4.603779315948486,
      4.5863471031188965,
      4.570216655731201,
      1.5694940090179443
    ],